poll_id,round,scenario_name,polling_company,candidate_name,raw_text_context,estimate_percent_original,estimate_percent_corrected,scenario_total_before,scenario_total_after,percentage_correction_applied,percentage_correction_reason,parse_status,parse_error
V2-SR-ODOXA-001,second_round,Édouard Philippe / Jordan Bardella,Odoxa,Édouard Philippe,Philippe vs Bardella / Édouard Philippe,,,,,,,,
V2-SR-ODOXA-001,second_round,Édouard Philippe / Jordan Bardella,Odoxa,Jordan Bardella,Philippe vs Bardella / Jordan Bardella,,,,,,,,
V2-SR-ELABE-002,second_round,Édouard Philippe / Jordan Bardella,Elabe,Édouard Philippe,Philippe vs Bardella / Édouard Philippe,,,,,,,,
V2-SR-ELABE-002,second_round,Édouard Philippe / Jordan Bardella,Elabe,Jordan Bardella,Philippe vs Bardella / Jordan Bardella,,,,,,,,
V2-SR-ODOXA-003,second_round,Édouard Philippe / Jordan Bardella,Odoxa,Édouard Philippe,Philippe vs Bardella / Édouard Philippe,,,,,,,,
V2-SR-ODOXA-003,second_round,Édouard Philippe / Jordan Bardella,Odoxa,Jordan Bardella,Philippe vs Bardella / Jordan Bardella,,,,,,,,
V2-SR-ODOXA-004,second_round,Édouard Philippe / Jordan Bardella,Odoxa,Édouard Philippe,Philippe vs Bardella / Édouard Philippe,,,,,,,,
V2-SR-ODOXA-004,second_round,Édouard Philippe / Jordan Bardella,Odoxa,Jordan Bardella,Philippe vs Bardella / Jordan Bardella,,,,,,,,
V2-SR-IFOP/HEXAGONE-005,second_round,Édouard Philippe / Jordan Bardella,Ifop/Hexagone,Édouard Philippe,Philippe vs Bardella / Édouard Philippe,,,,,,,,
V2-SR-IFOP/HEXAGONE-005,second_round,Édouard Philippe / Jordan Bardella,Ifop/Hexagone,Jordan Bardella,Philippe vs Bardella / Jordan Bardella,,,,,,,,
V2-SR-ODOXA-006,second_round,Édouard Philippe / Jordan Bardella,Odoxa,Édouard Philippe,Philippe vs Bardella / Édouard Philippe,,,,,,,,
V2-SR-ODOXA-006,second_round,Édouard Philippe / Jordan Bardella,Odoxa,Jordan Bardella,Philippe vs Bardella / Jordan Bardella,,,,,,,,
V2-SR-ODOXA-007,second_round,Gabriel Attal / Jordan Bardella,Odoxa,Gabriel Attal,Attal vs Bardella / Gabriel Attal,,,,,,,,
V2-SR-ODOXA-007,second_round,Gabriel Attal / Jordan Bardella,Odoxa,Jordan Bardella,Attal vs Bardella / Jordan Bardella,,,,,,,,
V2-SR-IFOP/HEXAGONE-008,second_round,Gabriel Attal / Jordan Bardella,Ifop/Hexagone,Gabriel Attal,Attal vs Bardella / Gabriel Attal,,,,,,,,
V2-SR-IFOP/HEXAGONE-008,second_round,Gabriel Attal / Jordan Bardella,Ifop/Hexagone,Jordan Bardella,Attal vs Bardella / Jordan Bardella,,,,,,,,
V2-SR-ELABE-009,second_round,Raphaël Glucksmann / Jordan Bardella,Elabe,Raphaël Glucksmann,Glucksmann vs Bardella / Raphaël Glucksmann,,,,,,,,
V2-SR-ELABE-009,second_round,Raphaël Glucksmann / Jordan Bardella,Elabe,Jordan Bardella,Glucksmann vs Bardella / Jordan Bardella,,,,,,,,
V2-SR-ODOXA-010,second_round,Raphaël Glucksmann / Jordan Bardella,Odoxa,Raphaël Glucksmann,Glucksmann vs Bardella / Raphaël Glucksmann,,,,,,,,
V2-SR-ODOXA-010,second_round,Raphaël Glucksmann / Jordan Bardella,Odoxa,Jordan Bardella,Glucksmann vs Bardella / Jordan Bardella,,,,,,,,
V2-SR-ELABE-011,second_round,Jean-Luc Mélenchon / Jordan Bardella,Elabe,Jean-Luc Mélenchon,Mélenchon vs Bardella / Jean-Luc Mélenchon,,,,,,,,
V2-SR-ELABE-011,second_round,Jean-Luc Mélenchon / Jordan Bardella,Elabe,Jordan Bardella,Mélenchon vs Bardella / Jordan Bardella,,,,,,,,
V2-SR-ODOXA-012,second_round,Jean-Luc Mélenchon / Jordan Bardella,Odoxa,Jean-Luc Mélenchon,Mélenchon vs Bardella / Jean-Luc Mélenchon,,,,,,,,
V2-SR-ODOXA-012,second_round,Jean-Luc Mélenchon / Jordan Bardella,Odoxa,Jordan Bardella,Mélenchon vs Bardella / Jordan Bardella,,,,,,,,
V2-SR-IFOP/HEXAGONE-013,second_round,Jean-Luc Mélenchon / Jordan Bardella,Ifop/Hexagone,Jean-Luc Mélenchon,Mélenchon vs Bardella / Jean-Luc Mélenchon,,,,,,,,
V2-SR-IFOP/HEXAGONE-013,second_round,Jean-Luc Mélenchon / Jordan Bardella,Ifop/Hexagone,Jordan Bardella,Mélenchon vs Bardella / Jordan Bardella,,,,,,,,
V2-SR-ELABE-014,second_round,Bruno Retailleau / Jordan Bardella,Elabe,Bruno Retailleau,Retailleau vs Bardella / Bruno Retailleau,,,,,,,,
V2-SR-ELABE-014,second_round,Bruno Retailleau / Jordan Bardella,Elabe,Jordan Bardella,Retailleau vs Bardella / Jordan Bardella,,,,,,,,
V2-SR-IFOP/HEXAGONE-015,second_round,Bruno Retailleau / Jordan Bardella,Ifop/Hexagone,Bruno Retailleau,Retailleau vs Bardella / Bruno Retailleau,,,,,,,,
V2-SR-IFOP/HEXAGONE-015,second_round,Bruno Retailleau / Jordan Bardella,Ifop/Hexagone,Jordan Bardella,Retailleau vs Bardella / Jordan Bardella,,,,,,,,
V2-SR-ELABE-016,second_round,Édouard Philippe / Marine Le Pen,Elabe,Édouard Philippe,Philippe vs Le Pen / Édouard Philippe,,,,,,,,
V2-SR-ELABE-016,second_round,Édouard Philippe / Marine Le Pen,Elabe,Marine Le Pen,Philippe vs Le Pen / Marine Le Pen,,,,,,,,
V2-SR-ODOXA-017,second_round,Édouard Philippe / Marine Le Pen,Odoxa,Édouard Philippe,Philippe vs Le Pen / Édouard Philippe,,,,,,,,
V2-SR-ODOXA-017,second_round,Édouard Philippe / Marine Le Pen,Odoxa,Marine Le Pen,Philippe vs Le Pen / Marine Le Pen,,,,,,,,
V2-SR-IFOP/HEXAGONE-018,second_round,Édouard Philippe / Marine Le Pen,Ifop/Hexagone,Édouard Philippe,Philippe vs Le Pen / Édouard Philippe,,,,,,,,
V2-SR-IFOP/HEXAGONE-018,second_round,Édouard Philippe / Marine Le Pen,Ifop/Hexagone,Marine Le Pen,Philippe vs Le Pen / Marine Le Pen,,,,,,,,
V2-SR-IFOP-019,second_round,Édouard Philippe / Marine Le Pen,Ifop,Édouard Philippe,Philippe vs Le Pen / Édouard Philippe,,,,,,,,
V2-SR-IFOP-019,second_round,Édouard Philippe / Marine Le Pen,Ifop,Marine Le Pen,Philippe vs Le Pen / Marine Le Pen,,,,,,,,
V2-SR-IFOP-020,second_round,Édouard Philippe / Marine Le Pen,Ifop,Édouard Philippe,Philippe vs Le Pen / Édouard Philippe,,,,,,,,
V2-SR-IFOP-020,second_round,Édouard Philippe / Marine Le Pen,Ifop,Marine Le Pen,Philippe vs Le Pen / Marine Le Pen,,,,,,,,
V2-SR-ELABE-021,second_round,Gabriel Attal / Marine Le Pen,Elabe,Gabriel Attal,Attal vs Le Pen / Gabriel Attal,,,,,,,,
V2-SR-ELABE-021,second_round,Gabriel Attal / Marine Le Pen,Elabe,Marine Le Pen,Attal vs Le Pen / Marine Le Pen,,,,,,,,
V2-SR-IFOP-022,second_round,Gabriel Attal / Marine Le Pen,Ifop,Gabriel Attal,Attal vs Le Pen / Gabriel Attal,,,,,,,,
V2-SR-IFOP-022,second_round,Gabriel Attal / Marine Le Pen,Ifop,Marine Le Pen,Attal vs Le Pen / Marine Le Pen,,,,,,,,
V2-SR-IFOP-023,second_round,Gabriel Attal / Marine Le Pen,Ifop,Gabriel Attal,Attal vs Le Pen / Gabriel Attal,,,,,,,,
V2-SR-IFOP-023,second_round,Gabriel Attal / Marine Le Pen,Ifop,Marine Le Pen,Attal vs Le Pen / Marine Le Pen,,,,,,,,
V2-SR-CLUSTER17-024,second_round,Jean-Luc Mélenchon / Marine Le Pen,Cluster17,Jean-Luc Mélenchon,Mélenchon vs Le Pen / Jean-Luc Mélenchon,,,,,,,,
V2-SR-CLUSTER17-024,second_round,Jean-Luc Mélenchon / Marine Le Pen,Cluster17,Marine Le Pen,Mélenchon vs Le Pen / Marine Le Pen,,,,,,,,
V2-SR-IFOP-025,second_round,Jean-Luc Mélenchon / Marine Le Pen,Ifop,Jean-Luc Mélenchon,Mélenchon vs Le Pen / Jean-Luc Mélenchon,,,,,,,,
V2-SR-IFOP-025,second_round,Jean-Luc Mélenchon / Marine Le Pen,Ifop,Marine Le Pen,Mélenchon vs Le Pen / Marine Le Pen,,,,,,,,
V2-SR-CLUSTER17-026,second_round,François Ruffin / Marine Le Pen,Cluster17,François Ruffin,Ruffin vs Le Pen / François Ruffin,,,,,,,,
V2-SR-CLUSTER17-026,second_round,François Ruffin / Marine Le Pen,Cluster17,Marine Le Pen,Ruffin vs Le Pen / Marine Le Pen,,,,,,,,
V2-SR-ODOXA-027,second_round,Macron / Le Pen rerun,Odoxa,Emmanuel Macron,Macron vs Le Pen rerun / Emmanuel Macron,,,,,,,,
V2-SR-ODOXA-027,second_round,Macron / Le Pen rerun,Odoxa,Marine Le Pen,Macron vs Le Pen rerun / Marine Le Pen,,,,,,,,
V2-SR-ELABE-028,second_round,Macron / Le Pen rerun,Elabe,Emmanuel Macron,Macron vs Le Pen rerun / Emmanuel Macron,,,,,,,,
V2-SR-ELABE-028,second_round,Macron / Le Pen rerun,Elabe,Marine Le Pen,Macron vs Le Pen rerun / Marine Le Pen,,,,,,,,
V2-SR-CLUSTER17-029,second_round,Macron / Le Pen rerun,Cluster17,Emmanuel Macron,Macron vs Le Pen rerun / Emmanuel Macron,,,,,,,,
V2-SR-CLUSTER17-029,second_round,Macron / Le Pen rerun,Cluster17,Marine Le Pen,Macron vs Le Pen rerun / Marine Le Pen,,,,,,,,
V2-SR-IFOP-030,second_round,Macron / Le Pen rerun,Ifop,Emmanuel Macron,Macron vs Le Pen rerun / Emmanuel Macron,,,,,,,,
V2-SR-IFOP-030,second_round,Macron / Le Pen rerun,Ifop,Marine Le Pen,Macron vs Le Pen rerun / Marine Le Pen,,,,,,,,
V2-SR-RÉSULTATS-OFFICIELS-031,second_round,Macron / Le Pen official 2022,Résultats officiels,Emmanuel Macron,Macron vs Le Pen official 2022 / Emmanuel Macron,,,,,,,,
V2-SR-RÉSULTATS-OFFICIELS-031,second_round,Macron / Le Pen official 2022,Résultats officiels,Marine Le Pen,Macron vs Le Pen official 2022 / Marine Le Pen,,,,,,,,
RAW-FR-CLUSTER17-01-006,first_round,Hypothèse Raphaël Glucksmann / Autres,Cluster17,Gabriel Attal,—,,,100.0,100.0,False,unchanged,not_tested,
RAW-FR-CLUSTER17-01-006,first_round,Hypothèse Raphaël Glucksmann / Autres,Cluster17,Villepin,—,,,100.0,100.0,False,unchanged,not_tested,
RAW-FR-CLUSTER17-01-006,first_round,Hypothèse Raphaël Glucksmann / Autres,Cluster17,Autres,—,,,100.0,100.0,False,unchanged,not_tested,
RAW-FR-CLUSTER17-01-007,first_round,Hypothèse Raphaël Glucksmann / Autres,Cluster17,Édouard Philippe,—,,,100.0,100.0,False,unchanged,not_tested,
RAW-FR-CLUSTER17-01-007,first_round,Hypothèse Raphaël Glucksmann / Autres,Cluster17,Villepin,—,,,100.0,100.0,False,unchanged,not_tested,
RAW-FR-CLUSTER17-01-007,first_round,Hypothèse Raphaël Glucksmann / Autres,Cluster17,Autres,—,,,100.0,100.0,False,unchanged,not_tested,
RAW-FR-CLUSTER17-01-008,first_round,Hypothèse François Hollande / Lisnard,Cluster17,Gabriel Attal,—,,,100.0,100.0,False,unchanged,not_tested,
RAW-FR-CLUSTER17-01-008,first_round,Hypothèse François Hollande / Lisnard,Cluster17,Villepin,—,,,100.0,100.0,False,unchanged,not_tested,
RAW-FR-CLUSTER17-01-008,first_round,Hypothèse François Hollande / Lisnard,Cluster17,Éric Zemmour,—,,,100.0,100.0,False,unchanged,not_tested,
RAW-FR-OPINIONWAY-01-009,first_round,Hypothèse François Hollande,OpinionWay,Villepin,—,,,100.0,100.0,False,unchanged,not_tested,
RAW-FR-OPINIONWAY-01-010,first_round,Hypothèse Royal,OpinionWay,Villepin,—,,,100.0,100.0,False,unchanged,not_tested,
RAW-FR-OPINIONWAY-01-011,first_round,Hypothèse Raphaël Glucksmann,OpinionWay,Arlette Arthaud,<1,,,100.0,100.0,False,unchanged,bounded_estimate,
RAW-FR-OPINIONWAY-01-011,first_round,Hypothèse Raphaël Glucksmann,OpinionWay,Villepin,—,,,100.0,100.0,False,unchanged,not_tested,
RAW-FR-OPINIONWAY-01-011,first_round,Hypothèse Raphaël Glucksmann,OpinionWay,Bouamrane,<1 Bouamrane,,,100.0,100.0,False,unchanged,bounded_estimate,
RAW-FR-HARRIS-INTERACTIVE-01-012,first_round,Hypothèse François Hollande,Harris Interactive,Édouard Philippe,—,,,100.0,100.0,False,unchanged,not_tested,
RAW-FR-HARRIS-INTERACTIVE-01-012,first_round,Hypothèse François Hollande,Harris Interactive,Villepin,—,,,100.0,100.0,False,unchanged,not_tested,
RAW-FR-HARRIS-INTERACTIVE-01-012,first_round,Hypothèse François Hollande,Harris Interactive,Autres,—,,,100.0,100.0,False,unchanged,not_tested,
RAW-FR-HARRIS-INTERACTIVE-01-013,first_round,Hypothèse François Hollande,Harris Interactive,Gabriel Attal,—,,,100.0,100.0,False,unchanged,not_tested,
RAW-FR-HARRIS-INTERACTIVE-01-013,first_round,Hypothèse François Hollande,Harris Interactive,Villepin,—,,,100.0,100.0,False,unchanged,not_tested,
RAW-FR-HARRIS-INTERACTIVE-01-013,first_round,Hypothèse François Hollande,Harris Interactive,Autres,—,,,100.0,100.0,False,unchanged,not_tested,
RAW-FR-HARRIS-INTERACTIVE-01-014,first_round,Hypothèse Raphaël Glucksmann,Harris Interactive,Édouard Philippe,—,,,100.0,100.0,False,unchanged,not_tested,
RAW-FR-HARRIS-INTERACTIVE-01-014,first_round,Hypothèse Raphaël Glucksmann,Harris Interactive,Villepin,—,,,100.0,100.0,False,unchanged,not_tested,
RAW-FR-HARRIS-INTERACTIVE-01-014,first_round,Hypothèse Raphaël Glucksmann,Harris Interactive,Autres,—,,,100.0,100.0,False,unchanged,not_tested,
RAW-FR-HARRIS-INTERACTIVE-01-015,first_round,Hypothèse Raphaël Glucksmann,Harris Interactive,Gabriel Attal,—,,,100.0,100.0,False,unchanged,not_tested,
RAW-FR-HARRIS-INTERACTIVE-01-015,first_round,Hypothèse Raphaël Glucksmann,Harris Interactive,Villepin,—,,,100.0,100.0,False,unchanged,not_tested,
RAW-FR-HARRIS-INTERACTIVE-01-015,first_round,Hypothèse Raphaël Glucksmann,Harris Interactive,Autres,—,,,100.0,100.0,False,unchanged,not_tested,
RAW-FR-HARRIS-INTERACTIVE-01-016,first_round,Hypothèse Raphaël Glucksmann,Harris Interactive,Villepin,—,,,100.0,100.0,False,unchanged,not_tested,
RAW-FR-HARRIS-INTERACTIVE-01-016,first_round,Hypothèse Raphaël Glucksmann,Harris Interactive,Autres,—,,,100.0,100.0,False,unchanged,not_tested,
RAW-FR-OPINIONWAY-01-017,first_round,Scénario Édouard Philippe / Gabriel Attal / Marine Le Pen,OpinionWay,Arlette Arthaud,<1,,,100.0,100.0,False,unchanged,bounded_estimate,
RAW-FR-OPINIONWAY-01-017,first_round,Scénario Édouard Philippe / Gabriel Attal / Marine Le Pen,OpinionWay,Villepin,—,,,100.0,100.0,False,unchanged,not_tested,
RAW-FR-OPINIONWAY-01-017,first_round,Scénario Édouard Philippe / Gabriel Attal / Marine Le Pen,OpinionWay,Autres,—,,,100.0,100.0,False,unchanged,not_tested,
RAW-FR-OPINIONWAY-01-018,first_round,Scénario Édouard Philippe / Gabriel Attal / Marine Le Pen,OpinionWay,Édouard Philippe,—,,,100.0,100.0,False,unchanged,not_tested,
RAW-FR-OPINIONWAY-01-018,first_round,Scénario Édouard Philippe / Gabriel Attal / Marine Le Pen,OpinionWay,Villepin,—,,,100.0,100.0,False,unchanged,not_tested,
RAW-FR-OPINIONWAY-01-018,first_round,Scénario Édouard Philippe / Gabriel Attal / Marine Le Pen,OpinionWay,Autres,—,,,100.0,100.0,False,unchanged,not_tested,
RAW-FR-OPINIONWAY-01-019,first_round,Scénario Édouard Philippe / Gabriel Attal / Marine Le Pen,OpinionWay,Gabriel Attal,—,,,100.0,100.0,False,unchanged,not_tested,
RAW-FR-OPINIONWAY-01-019,first_round,Scénario Édouard Philippe / Gabriel Attal / Marine Le Pen,OpinionWay,Villepin,—,,,100.0,100.0,False,unchanged,not_tested,
RAW-FR-OPINIONWAY-01-019,first_round,Scénario Édouard Philippe / Gabriel Attal / Marine Le Pen,OpinionWay,Autres,—,,,100.0,100.0,False,unchanged,not_tested,
RAW-FR-IPSOS-01-021,first_round,Hypothèse Raphaël Glucksmann,Ipsos,Villepin,—,,,100.0,100.0,False,unchanged,not_tested,
RAW-FR-IPSOS-01-021,first_round,Hypothèse Raphaël Glucksmann,Ipsos,Autres,—,,,100.0,100.0,False,unchanged,not_tested,
RAW-FR-IPSOS-01-022,first_round,Hypothèse Raphaël Glucksmann,Ipsos,Gabriel Attal,—,,,100.0,100.0,False,unchanged,not_tested,
RAW-FR-IPSOS-01-022,first_round,Hypothèse Raphaël Glucksmann,Ipsos,Villepin,—,,,100.0,100.0,False,unchanged,not_tested,
RAW-FR-IPSOS-01-022,first_round,Hypothèse Raphaël Glucksmann,Ipsos,Autres,—,,,100.0,100.0,False,unchanged,not_tested,
RAW-FR-IPSOS-01-023,first_round,Hypothèse Raphaël Glucksmann,Ipsos,Édouard Philippe,—,,,100.0,100.0,False,unchanged,not_tested,
RAW-FR-IPSOS-01-023,first_round,Hypothèse Raphaël Glucksmann,Ipsos,Villepin,—,,,100.0,100.0,False,unchanged,not_tested,
RAW-FR-IPSOS-01-023,first_round,Hypothèse Raphaël Glucksmann,Ipsos,Autres,—,,,100.0,100.0,False,unchanged,not_tested,
RAW-FR-IPSOS-01-024,first_round,Hypothèse Olivier Faure,Ipsos,Villepin,—,,,100.0,100.0,False,unchanged,not_tested,
RAW-FR-IPSOS-01-024,first_round,Hypothèse Olivier Faure,Ipsos,Autres,—,,,100.0,100.0,False,unchanged,not_tested,
RAW-FR-IPSOS-01-025,first_round,Hypothèse Olivier Faure,Ipsos,Gabriel Attal,—,,,100.0,100.0,False,unchanged,not_tested,
RAW-FR-IPSOS-01-025,first_round,Hypothèse Olivier Faure,Ipsos,Villepin,—,,,100.0,100.0,False,unchanged,not_tested,
RAW-FR-IPSOS-01-025,first_round,Hypothèse Olivier Faure,Ipsos,Autres,—,,,100.0,100.0,False,unchanged,not_tested,
RAW-FR-IPSOS-01-026,first_round,Hypothèse Olivier Faure,Ipsos,Édouard Philippe,—,,,100.0,100.0,False,unchanged,not_tested,
RAW-FR-IPSOS-01-026,first_round,Hypothèse Olivier Faure,Ipsos,Villepin,—,,,100.0,100.0,False,unchanged,not_tested,
RAW-FR-IPSOS-01-026,first_round,Hypothèse Olivier Faure,Ipsos,Autres,—,,,100.0,100.0,False,unchanged,not_tested,
RAW-FR-OPINIONWAY[D]-01-027,first_round,Scénario Édouard Philippe / Gabriel Attal / Marine Le Pen,OpinionWay[d],Villepin,—,,,100.0,100.0,False,unchanged,not_tested,
RAW-FR-OPINIONWAY[D]-01-027,first_round,Scénario Édouard Philippe / Gabriel Attal / Marine Le Pen,OpinionWay[d],Nicolas Dupont-Aignan,—,,,100.0,100.0,False,unchanged,not_tested,
RAW-FR-OPINIONWAY[D]-01-027,first_round,Scénario Édouard Philippe / Gabriel Attal / Marine Le Pen,OpinionWay[d],Bonnal,<1 Bonnal,,,100.0,100.0,False,unchanged,bounded_estimate,
RAW-FR-OPINIONWAY-01-028,first_round,Scénario Édouard Philippe / Gabriel Attal / Marine Le Pen,OpinionWay,Édouard Philippe,—,,,100.0,100.0,False,unchanged,not_tested,
RAW-FR-OPINIONWAY-01-028,first_round,Scénario Édouard Philippe / Gabriel Attal / Marine Le Pen,OpinionWay,Villepin,—,,,100.0,100.0,False,unchanged,not_tested,
RAW-FR-OPINIONWAY-01-028,first_round,Scénario Édouard Philippe / Gabriel Attal / Marine Le Pen,OpinionWay,Nicolas Dupont-Aignan,—,,,100.0,100.0,False,unchanged,not_tested,
RAW-FR-OPINIONWAY-01-028,first_round,Scénario Édouard Philippe / Gabriel Attal / Marine Le Pen,OpinionWay,Autres,—,,,100.0,100.0,False,unchanged,not_tested,
RAW-FR-OPINIONWAY-01-029,first_round,Scénario Édouard Philippe / Gabriel Attal / Marine Le Pen,OpinionWay,Gabriel Attal,—,,,100.0,100.0,False,unchanged,not_tested,
RAW-FR-OPINIONWAY-01-029,first_round,Scénario Édouard Philippe / Gabriel Attal / Marine Le Pen,OpinionWay,Villepin,—,,,100.0,100.0,False,unchanged,not_tested,
RAW-FR-OPINIONWAY-01-029,first_round,Scénario Édouard Philippe / Gabriel Attal / Marine Le Pen,OpinionWay,Nicolas Dupont-Aignan,—,,,100.0,100.0,False,unchanged,not_tested,
RAW-FR-OPINIONWAY-01-029,first_round,Scénario Édouard Philippe / Gabriel Attal / Marine Le Pen,OpinionWay,Autres,—,,,100.0,100.0,False,unchanged,not_tested,
RAW-FR-OPINIONWAY-01-030,first_round,Scénario Édouard Philippe / Gabriel Attal / Marine Le Pen,OpinionWay,Villepin,—,,,100.0,100.0,False,unchanged,not_tested,
RAW-FR-OPINIONWAY-01-030,first_round,Scénario Édouard Philippe / Gabriel Attal / Marine Le Pen,OpinionWay,Nicolas Dupont-Aignan,—,,,100.0,100.0,False,unchanged,not_tested,
RAW-FR-OPINIONWAY-01-030,first_round,Scénario Édouard Philippe / Gabriel Attal / Marine Le Pen,OpinionWay,Autres,—,,,100.0,100.0,False,unchanged,not_tested,
RAW-FR-IPSOS-01-031,first_round,Hypothèse Raphaël Glucksmann,Ipsos,Villepin,—,,,100.0,100.0,False,unchanged,not_tested,
RAW-FR-IPSOS-01-031,first_round,Hypothèse Raphaël Glucksmann,Ipsos,Autres,—,,,100.0,100.0,False,unchanged,not_tested,
RAW-FR-IPSOS-01-032,first_round,Hypothèse Raphaël Glucksmann,Ipsos,Gabriel Attal,—,,,100.0,100.0,False,unchanged,not_tested,
RAW-FR-IPSOS-01-032,first_round,Hypothèse Raphaël Glucksmann,Ipsos,Villepin,—,,,100.0,100.0,False,unchanged,not_tested,
RAW-FR-IPSOS-01-032,first_round,Hypothèse Raphaël Glucksmann,Ipsos,Autres,—,,,100.0,100.0,False,unchanged,not_tested,
RAW-FR-IPSOS-01-033,first_round,Hypothèse Raphaël Glucksmann,Ipsos,Édouard Philippe,—,,,100.0,100.0,False,unchanged,not_tested,
RAW-FR-IPSOS-01-033,first_round,Hypothèse Raphaël Glucksmann,Ipsos,Villepin,—,,,100.0,100.0,False,unchanged,not_tested,
RAW-FR-IPSOS-01-033,first_round,Hypothèse Raphaël Glucksmann,Ipsos,Autres,—,,,100.0,100.0,False,unchanged,not_tested,
RAW-FR-IPSOS-01-034,first_round,Hypothèse Olivier Faure,Ipsos,Villepin,—,,,100.0,100.0,False,unchanged,not_tested,
RAW-FR-IPSOS-01-034,first_round,Hypothèse Olivier Faure,Ipsos,Autres,—,,,100.0,100.0,False,unchanged,not_tested,
RAW-FR-IPSOS-01-035,first_round,Hypothèse Olivier Faure,Ipsos,Gabriel Attal,—,,,100.0,100.0,False,unchanged,not_tested,
RAW-FR-IPSOS-01-035,first_round,Hypothèse Olivier Faure,Ipsos,Villepin,—,,,100.0,100.0,False,unchanged,not_tested,
RAW-FR-IPSOS-01-035,first_round,Hypothèse Olivier Faure,Ipsos,Autres,—,,,100.0,100.0,False,unchanged,not_tested,
RAW-FR-IPSOS-01-036,first_round,Hypothèse Olivier Faure,Ipsos,Édouard Philippe,—,,,100.0,100.0,False,unchanged,not_tested,
RAW-FR-IPSOS-01-036,first_round,Hypothèse Olivier Faure,Ipsos,Villepin,—,,,100.0,100.0,False,unchanged,not_tested,
RAW-FR-IPSOS-01-036,first_round,Hypothèse Olivier Faure,Ipsos,Autres,—,,,100.0,100.0,False,unchanged,not_tested,
RAW-FR-CLUSTER17-01-037,first_round,Hypothèse Autres,Cluster17,Gabriel Attal,—,,,100.0,100.0,False,unchanged,not_tested,
RAW-FR-CLUSTER17-01-037,first_round,Hypothèse Autres,Cluster17,Autres,—,,,100.0,100.0,False,unchanged,not_tested,
RAW-FR-CLUSTER17-01-038,first_round,Hypothèse Autres,Cluster17,Édouard Philippe,—,,,100.0,100.0,False,unchanged,not_tested,
RAW-FR-CLUSTER17-01-038,first_round,Hypothèse Autres,Cluster17,Autres,—,,,100.0,100.0,False,unchanged,not_tested,
RAW-FR-CLUSTER17-01-039,first_round,Hypothèse François Ruffin / Lisnard,Cluster17,Marine Tondelier,—,,,100.0,100.0,False,unchanged,not_tested,
RAW-FR-CLUSTER17-01-039,first_round,Hypothèse François Ruffin / Lisnard,Cluster17,Gabriel Attal,—,,,100.0,100.0,False,unchanged,not_tested,
RAW-FR-ELABE-01-041,first_round,Hypothèse Raphaël Glucksmann / Autres,Elabe,Gabriel Attal,—,,,100.0,100.0,False,unchanged,not_tested,
RAW-FR-ELABE-01-041,first_round,Hypothèse Raphaël Glucksmann / Autres,Elabe,Autres,—,,,100.0,100.0,False,unchanged,not_tested,
RAW-FR-ELABE-01-042,first_round,Hypothèse Raphaël Glucksmann / Autres,Elabe,Édouard Philippe,—,,,100.0,100.0,False,unchanged,not_tested,
RAW-FR-ELABE-01-042,first_round,Hypothèse Raphaël Glucksmann / Autres,Elabe,Autres,—,,,100.0,100.0,False,unchanged,not_tested,
RAW-FR-ELABE-01-043,first_round,Hypothèse François Hollande / Lisnard,Elabe,Gabriel Attal,—,,,100.0,100.0,False,unchanged,not_tested,
RAW-FR-ELABE-01-043,first_round,Hypothèse François Hollande / Lisnard,Elabe,Villepin,—,,,100.0,100.0,False,unchanged,not_tested,
RAW-FR-ELABE-01-044,first_round,Hypothèse François Ruffin / François Hollande / Lisnard,Elabe,Marine Tondelier,—,,,100.0,100.0,False,unchanged,not_tested,
RAW-FR-ELABE-01-044,first_round,Hypothèse François Ruffin / François Hollande / Lisnard,Elabe,Édouard Philippe,—,,,100.0,100.0,False,unchanged,not_tested,
RAW-FR-ELABE-01-044,first_round,Hypothèse François Ruffin / François Hollande / Lisnard,Elabe,Villepin,—,,,100.0,100.0,False,unchanged,not_tested,
RAW-FR-ELABE-01-045,first_round,Hypothèse Olivier Faure / Autres,Elabe,Gabriel Attal,—,,,100.0,100.0,False,unchanged,not_tested,
RAW-FR-ELABE-01-045,first_round,Hypothèse Olivier Faure / Autres,Elabe,Autres,—,,,100.0,100.0,False,unchanged,not_tested,
RAW-FR-ELABE-01-046,first_round,Hypothèse Raphaël Glucksmann / Autres,Elabe,Marine Tondelier,—,,,100.0,100.0,False,unchanged,not_tested,
RAW-FR-ELABE-01-046,first_round,Hypothèse Raphaël Glucksmann / Autres,Elabe,Villepin,—,,,100.0,100.0,False,unchanged,not_tested,
RAW-FR-ELABE-01-046,first_round,Hypothèse Raphaël Glucksmann / Autres,Elabe,Autres,—,,,100.0,100.0,False,unchanged,not_tested,
RAW-FR-IFOP-01-048,first_round,Hypothèse Raphaël Glucksmann / Autres,Ifop,Villepin,—,,,100.0,100.0,False,unchanged,not_tested,
RAW-FR-IFOP-01-048,first_round,Hypothèse Raphaël Glucksmann / Autres,Ifop,Autres,—,,,100.0,100.0,False,unchanged,not_tested,
RAW-FR-IFOP-01-049,first_round,Hypothèse Raphaël Glucksmann / Autres,Ifop,Gabriel Attal,—,,,100.0,100.0,False,unchanged,not_tested,
RAW-FR-IFOP-01-049,first_round,Hypothèse Raphaël Glucksmann / Autres,Ifop,Villepin,—,,,100.0,100.0,False,unchanged,not_tested,
RAW-FR-IFOP-01-049,first_round,Hypothèse Raphaël Glucksmann / Autres,Ifop,Autres,—,,,100.0,100.0,False,unchanged,not_tested,
RAW-FR-IFOP-01-050,first_round,Hypothèse Raphaël Glucksmann / Autres,Ifop,Édouard Philippe,—,,,100.0,100.0,False,unchanged,not_tested,
RAW-FR-IFOP-01-050,first_round,Hypothèse Raphaël Glucksmann / Autres,Ifop,Villepin,—,,,100.0,100.0,False,unchanged,not_tested,
RAW-FR-IFOP-01-050,first_round,Hypothèse Raphaël Glucksmann / Autres,Ifop,Autres,—,,,100.0,100.0,False,unchanged,not_tested,
RAW-FR-IFOP-01-051,first_round,Hypothèse Raphaël Glucksmann / Autres,Ifop,Fabien Roussel,—,,,100.0,100.0,False,unchanged,not_tested,
RAW-FR-IFOP-01-051,first_round,Hypothèse Raphaël Glucksmann / Autres,Ifop,Marine Tondelier,—,,,100.0,100.0,False,unchanged,not_tested,
RAW-FR-IFOP-01-051,first_round,Hypothèse Raphaël Glucksmann / Autres,Ifop,Gabriel Attal,—,,,100.0,100.0,False,unchanged,not_tested,
RAW-FR-IFOP-01-051,first_round,Hypothèse Raphaël Glucksmann / Autres,Ifop,Villepin,—,,,100.0,100.0,False,unchanged,not_tested,
RAW-FR-IFOP-01-051,first_round,Hypothèse Raphaël Glucksmann / Autres,Ifop,Autres,—,,,100.0,100.0,False,unchanged,not_tested,
RAW-FR-IFOP-01-052,first_round,Hypothèse Raphaël Glucksmann / Autres,Ifop,Fabien Roussel,—,,,100.0,100.0,False,unchanged,not_tested,
RAW-FR-IFOP-01-052,first_round,Hypothèse Raphaël Glucksmann / Autres,Ifop,Marine Tondelier,—,,,100.0,100.0,False,unchanged,not_tested,
RAW-FR-IFOP-01-052,first_round,Hypothèse Raphaël Glucksmann / Autres,Ifop,Édouard Philippe,—,,,100.0,100.0,False,unchanged,not_tested,
RAW-FR-IFOP-01-052,first_round,Hypothèse Raphaël Glucksmann / Autres,Ifop,Villepin,—,,,100.0,100.0,False,unchanged,not_tested,
RAW-FR-IFOP-01-052,first_round,Hypothèse Raphaël Glucksmann / Autres,Ifop,Autres,—,,,100.0,100.0,False,unchanged,not_tested,
RAW-FR-IFOP-01-053,first_round,Hypothèse Autres / François Hollande,Ifop,Fabien Roussel,—,,,100.0,100.0,False,unchanged,not_tested,
RAW-FR-IFOP-01-053,first_round,Hypothèse Autres / François Hollande,Ifop,Marine Tondelier,—,,,100.0,100.0,False,unchanged,not_tested,
RAW-FR-IFOP-01-053,first_round,Hypothèse Autres / François Hollande,Ifop,Gabriel Attal,—,,,100.0,100.0,False,unchanged,not_tested,
RAW-FR-IFOP-01-053,first_round,Hypothèse Autres / François Hollande,Ifop,Villepin,—,,,100.0,100.0,False,unchanged,not_tested,
RAW-FR-IFOP-01-053,first_round,Hypothèse Autres / François Hollande,Ifop,Autres,—,,,100.0,100.0,False,unchanged,not_tested,
RAW-FR-IFOP-01-054,first_round,Hypothèse Raphaël Glucksmann / Le Maire,Ifop,Gabriel Attal,—,,,100.0,100.0,False,unchanged,not_tested,
RAW-FR-IFOP-01-054,first_round,Hypothèse Raphaël Glucksmann / Le Maire,Ifop,Édouard Philippe,—,,,100.0,100.0,False,unchanged,not_tested,
RAW-FR-IFOP-01-054,first_round,Hypothèse Raphaël Glucksmann / Le Maire,Ifop,Villepin,—,,,100.0,100.0,False,unchanged,not_tested,
RAW-FR-HARRIS-INTERACTIVE-01-056,first_round,Hypothèse François Hollande,Harris Interactive,Édouard Philippe,—,,,100.0,100.0,False,unchanged,not_tested,
RAW-FR-HARRIS-INTERACTIVE-01-056,first_round,Hypothèse François Hollande,Harris Interactive,Villepin,—,,,100.0,100.0,False,unchanged,not_tested,
RAW-FR-HARRIS-INTERACTIVE-01-056,first_round,Hypothèse François Hollande,Harris Interactive,Autres,—,,,100.0,100.0,False,unchanged,not_tested,
RAW-FR-HARRIS-INTERACTIVE-01-057,first_round,Hypothèse François Hollande,Harris Interactive,Gabriel Attal,—,,,100.0,100.0,False,unchanged,not_tested,
RAW-FR-HARRIS-INTERACTIVE-01-057,first_round,Hypothèse François Hollande,Harris Interactive,Villepin,—,,,100.0,100.0,False,unchanged,not_tested,
RAW-FR-HARRIS-INTERACTIVE-01-057,first_round,Hypothèse François Hollande,Harris Interactive,Autres,—,,,100.0,100.0,False,unchanged,not_tested,
RAW-FR-HARRIS-INTERACTIVE-01-058,first_round,Hypothèse Raphaël Glucksmann,Harris Interactive,Édouard Philippe,—,,,100.0,100.0,False,unchanged,not_tested,
RAW-FR-HARRIS-INTERACTIVE-01-058,first_round,Hypothèse Raphaël Glucksmann,Harris Interactive,Villepin,—,,,100.0,100.0,False,unchanged,not_tested,
RAW-FR-HARRIS-INTERACTIVE-01-058,first_round,Hypothèse Raphaël Glucksmann,Harris Interactive,Autres,—,,,100.0,100.0,False,unchanged,not_tested,
RAW-FR-HARRIS-INTERACTIVE-01-059,first_round,Hypothèse Raphaël Glucksmann,Harris Interactive,Gabriel Attal,—,,,100.0,100.0,False,unchanged,not_tested,
RAW-FR-HARRIS-INTERACTIVE-01-059,first_round,Hypothèse Raphaël Glucksmann,Harris Interactive,Villepin,—,,,100.0,100.0,False,unchanged,not_tested,
RAW-FR-HARRIS-INTERACTIVE-01-059,first_round,Hypothèse Raphaël Glucksmann,Harris Interactive,Autres,—,,,100.0,100.0,False,unchanged,not_tested,
RAW-FR-HARRIS-INTERACTIVE-01-060,first_round,Hypothèse Raphaël Glucksmann,Harris Interactive,Villepin,—,,,100.0,100.0,False,unchanged,not_tested,
RAW-FR-HARRIS-INTERACTIVE-01-060,first_round,Hypothèse Raphaël Glucksmann,Harris Interactive,Autres,—,,,100.0,100.0,False,unchanged,not_tested,
RAW-FR-CLUSTER17-01-061,first_round,Scénario Édouard Philippe / Gabriel Attal / Marine Le Pen,Cluster17,Gabriel Attal,—,,,100.0,100.0,False,unchanged,not_tested,
RAW-FR-CLUSTER17-01-061,first_round,Scénario Édouard Philippe / Gabriel Attal / Marine Le Pen,Cluster17,Autres,—,,,100.0,100.0,False,unchanged,not_tested,
RAW-FR-CLUSTER17-01-062,first_round,Scénario Édouard Philippe / Gabriel Attal / Marine Le Pen,Cluster17,Édouard Philippe,—,,,100.0,100.0,False,unchanged,not_tested,
RAW-FR-CLUSTER17-01-062,first_round,Scénario Édouard Philippe / Gabriel Attal / Marine Le Pen,Cluster17,Autres,—,,,100.0,100.0,False,unchanged,not_tested,
RAW-FR-ELABE-01-063,first_round,Hypothèse Raphaël Glucksmann / Autres,Elabe,Gabriel Attal,—,,,100.0,100.0,False,unchanged,not_tested,
RAW-FR-ELABE-01-063,first_round,Hypothèse Raphaël Glucksmann / Autres,Elabe,Autres,—,,,100.0,100.0,False,unchanged,not_tested,
RAW-FR-ELABE-01-064,first_round,Hypothèse Raphaël Glucksmann / Autres,Elabe,Édouard Philippe,—,,,100.0,100.0,False,unchanged,not_tested,
RAW-FR-ELABE-01-064,first_round,Hypothèse Raphaël Glucksmann / Autres,Elabe,Autres,—,,,100.0,100.0,False,unchanged,not_tested,
RAW-FR-ELABE-01-065,first_round,Hypothèse François Ruffin / François Hollande,Elabe,Marine Tondelier,—,,,100.0,100.0,False,unchanged,not_tested,
RAW-FR-ELABE-01-065,first_round,Hypothèse François Ruffin / François Hollande,Elabe,Gabriel Attal,—,,,100.0,100.0,False,unchanged,not_tested,
RAW-FR-ELABE-01-065,first_round,Hypothèse François Ruffin / François Hollande,Elabe,Villepin,—,,,100.0,100.0,False,unchanged,not_tested,
RAW-FR-ELABE-01-066,first_round,Hypothèse François Ruffin / François Hollande,Elabe,Marine Tondelier,—,,,100.0,100.0,False,unchanged,not_tested,
RAW-FR-ELABE-01-066,first_round,Hypothèse François Ruffin / François Hollande,Elabe,Édouard Philippe,—,,,100.0,100.0,False,unchanged,not_tested,
RAW-FR-ELABE-01-066,first_round,Hypothèse François Ruffin / François Hollande,Elabe,Villepin,—,,,100.0,100.0,False,unchanged,not_tested,
RAW-FR-ELABE-01-067,first_round,Hypothèse Raphaël Glucksmann / Autres,Elabe,Villepin,—,,,100.0,100.0,False,unchanged,not_tested,
RAW-FR-ELABE-01-067,first_round,Hypothèse Raphaël Glucksmann / Autres,Elabe,Autres,—,,,100.0,100.0,False,unchanged,not_tested,
RAW-FR-ELABE-01-068,first_round,Hypothèse Autres / François Hollande,Elabe,Gabriel Attal,—,,,100.0,100.0,False,unchanged,not_tested,
RAW-FR-ELABE-01-068,first_round,Hypothèse Autres / François Hollande,Elabe,Autres,—,,,100.0,100.0,False,unchanged,not_tested,
RAW-FR-VERIAN-01-069,first_round,Scénario Édouard Philippe / Gabriel Attal / Marine Le Pen,Verian,Arlette Arthaud,—,,,100.0,100.0,False,unchanged,not_tested,
RAW-FR-VERIAN-01-069,first_round,Scénario Édouard Philippe / Gabriel Attal / Marine Le Pen,Verian,Marine Tondelier,—,,,100.0,100.0,False,unchanged,not_tested,
RAW-FR-VERIAN-01-069,first_round,Scénario Édouard Philippe / Gabriel Attal / Marine Le Pen,Verian,Villepin,—,,,100.0,100.0,False,unchanged,not_tested,
RAW-FR-VERIAN-01-069,first_round,Scénario Édouard Philippe / Gabriel Attal / Marine Le Pen,Verian,Nicolas Dupont-Aignan,—,,,100.0,100.0,False,unchanged,not_tested,
RAW-FR-VERIAN-01-069,first_round,Scénario Édouard Philippe / Gabriel Attal / Marine Le Pen,Verian,Autres,—,,,100.0,100.0,False,unchanged,not_tested,
RAW-FR-OPINIONWAY-01-070,first_round,Scénario Édouard Philippe / Gabriel Attal / Marine Le Pen,OpinionWay,Arlette Arthaud,<1,,,100.0,100.0,False,unchanged,bounded_estimate,
RAW-FR-OPINIONWAY-01-070,first_round,Scénario Édouard Philippe / Gabriel Attal / Marine Le Pen,OpinionWay,Villepin,—,,,100.0,100.0,False,unchanged,not_tested,
RAW-FR-OPINIONWAY-01-070,first_round,Scénario Édouard Philippe / Gabriel Attal / Marine Le Pen,OpinionWay,Nicolas Dupont-Aignan,—,,,100.0,100.0,False,unchanged,not_tested,
RAW-FR-OPINIONWAY-01-070,first_round,Scénario Édouard Philippe / Gabriel Attal / Marine Le Pen,OpinionWay,Autres,—,,,100.0,100.0,False,unchanged,not_tested,
RAW-FR-OPINIONWAY-01-071,first_round,Scénario Édouard Philippe / Gabriel Attal / Marine Le Pen,OpinionWay,Édouard Philippe,—,,,100.0,100.0,False,unchanged,not_tested,
RAW-FR-OPINIONWAY-01-071,first_round,Scénario Édouard Philippe / Gabriel Attal / Marine Le Pen,OpinionWay,Villepin,—,,,100.0,100.0,False,unchanged,not_tested,
RAW-FR-OPINIONWAY-01-071,first_round,Scénario Édouard Philippe / Gabriel Attal / Marine Le Pen,OpinionWay,Nicolas Dupont-Aignan,—,,,100.0,100.0,False,unchanged,not_tested,
RAW-FR-OPINIONWAY-01-071,first_round,Scénario Édouard Philippe / Gabriel Attal / Marine Le Pen,OpinionWay,Autres,—,,,100.0,100.0,False,unchanged,not_tested,
RAW-FR-OPINIONWAY-01-072,first_round,Scénario Édouard Philippe / Gabriel Attal / Marine Le Pen,OpinionWay,Gabriel Attal,—,,,100.0,100.0,False,unchanged,not_tested,
RAW-FR-OPINIONWAY-01-072,first_round,Scénario Édouard Philippe / Gabriel Attal / Marine Le Pen,OpinionWay,Villepin,—,,,100.0,100.0,False,unchanged,not_tested,
RAW-FR-OPINIONWAY-01-072,first_round,Scénario Édouard Philippe / Gabriel Attal / Marine Le Pen,OpinionWay,Nicolas Dupont-Aignan,—,,,100.0,100.0,False,unchanged,not_tested,
RAW-FR-OPINIONWAY-01-072,first_round,Scénario Édouard Philippe / Gabriel Attal / Marine Le Pen,OpinionWay,Autres,—,,,100.0,100.0,False,unchanged,not_tested,
RAW-FR-IFOP-01-073,first_round,Scénario Édouard Philippe / Gabriel Attal / Marine Le Pen,Ifop,Édouard Philippe,—,,,100.0,100.0,False,unchanged,not_tested,
RAW-FR-IFOP-01-073,first_round,Scénario Édouard Philippe / Gabriel Attal / Marine Le Pen,Ifop,Villepin,—,,,100.0,100.0,False,unchanged,not_tested,
RAW-FR-IFOP-01-073,first_round,Scénario Édouard Philippe / Gabriel Attal / Marine Le Pen,Ifop,Autres,—,,,100.0,100.0,False,unchanged,not_tested,
RAW-FR-IFOP-01-074,first_round,Scénario Édouard Philippe / Gabriel Attal / Marine Le Pen,Ifop,Gabriel Attal,—,,,100.0,100.0,False,unchanged,not_tested,
RAW-FR-IFOP-01-074,first_round,Scénario Édouard Philippe / Gabriel Attal / Marine Le Pen,Ifop,Villepin,—,,,100.0,100.0,False,unchanged,not_tested,
RAW-FR-IFOP-01-074,first_round,Scénario Édouard Philippe / Gabriel Attal / Marine Le Pen,Ifop,Autres,—,,,100.0,100.0,False,unchanged,not_tested,
RAW-FR-HARRIS-INTERACTIVE-01-075,first_round,Hypothèse François Hollande,Harris Interactive,Édouard Philippe,—,,,100.0,100.0,False,unchanged,not_tested,
RAW-FR-HARRIS-INTERACTIVE-01-075,first_round,Hypothèse François Hollande,Harris Interactive,Villepin,—,,,100.0,100.0,False,unchanged,not_tested,
RAW-FR-HARRIS-INTERACTIVE-01-075,first_round,Hypothèse François Hollande,Harris Interactive,Autres,—,,,100.0,100.0,False,unchanged,not_tested,
RAW-FR-HARRIS-INTERACTIVE-01-076,first_round,Hypothèse François Hollande,Harris Interactive,Gabriel Attal,—,,,100.0,100.0,False,unchanged,not_tested,
RAW-FR-HARRIS-INTERACTIVE-01-076,first_round,Hypothèse François Hollande,Harris Interactive,Villepin,—,,,100.0,100.0,False,unchanged,not_tested,
RAW-FR-HARRIS-INTERACTIVE-01-076,first_round,Hypothèse François Hollande,Harris Interactive,Autres,—,,,100.0,100.0,False,unchanged,not_tested,
RAW-FR-HARRIS-INTERACTIVE-01-077,first_round,Hypothèse Raphaël Glucksmann,Harris Interactive,Édouard Philippe,—,,,100.0,100.0,False,unchanged,not_tested,
RAW-FR-HARRIS-INTERACTIVE-01-077,first_round,Hypothèse Raphaël Glucksmann,Harris Interactive,Villepin,—,,,100.0,100.0,False,unchanged,not_tested,
RAW-FR-HARRIS-INTERACTIVE-01-077,first_round,Hypothèse Raphaël Glucksmann,Harris Interactive,Autres,—,,,100.0,100.0,False,unchanged,not_tested,
RAW-FR-HARRIS-INTERACTIVE-01-078,first_round,Hypothèse Raphaël Glucksmann,Harris Interactive,Gabriel Attal,—,,,100.0,100.0,False,unchanged,not_tested,
RAW-FR-HARRIS-INTERACTIVE-01-078,first_round,Hypothèse Raphaël Glucksmann,Harris Interactive,Villepin,—,,,100.0,100.0,False,unchanged,not_tested,
RAW-FR-HARRIS-INTERACTIVE-01-078,first_round,Hypothèse Raphaël Glucksmann,Harris Interactive,Autres,—,,,100.0,100.0,False,unchanged,not_tested,
RAW-FR-HARRIS-INTERACTIVE-01-079,first_round,Hypothèse Raphaël Glucksmann,Harris Interactive,Villepin,—,,,100.0,100.0,False,unchanged,not_tested,
RAW-FR-HARRIS-INTERACTIVE-01-079,first_round,Hypothèse Raphaël Glucksmann,Harris Interactive,Autres,—,,,100.0,100.0,False,unchanged,not_tested,
RAW-FR-IFOP-02-004,first_round,Hypothèse Jordan Bardella / Raphaël Glucksmann / Marine Tondelier,Ifop,Villepin,—,,,100.0,100.0,False,unchanged,not_tested,
RAW-FR-IFOP-02-004,first_round,Hypothèse Jordan Bardella / Raphaël Glucksmann / Marine Tondelier,Ifop,Autres,—,,,100.0,100.0,False,unchanged,not_tested,
RAW-FR-IFOP-02-005,first_round,Hypothèse Jordan Bardella / Raphaël Glucksmann / Marine Tondelier,Ifop,Gabriel Attal,—,,,100.0,100.0,False,unchanged,not_tested,
RAW-FR-IFOP-02-005,first_round,Hypothèse Jordan Bardella / Raphaël Glucksmann / Marine Tondelier,Ifop,Villepin,—,,,100.0,100.0,False,unchanged,not_tested,
RAW-FR-IFOP-02-005,first_round,Hypothèse Jordan Bardella / Raphaël Glucksmann / Marine Tondelier,Ifop,Autres,—,,,100.0,100.0,False,unchanged,not_tested,
RAW-FR-IFOP-02-006,first_round,Hypothèse Jordan Bardella / Raphaël Glucksmann / Marine Tondelier,Ifop,Édouard Philippe,—,,,100.0,100.0,False,unchanged,not_tested,
RAW-FR-IFOP-02-006,first_round,Hypothèse Jordan Bardella / Raphaël Glucksmann / Marine Tondelier,Ifop,Villepin,—,,,100.0,100.0,False,unchanged,not_tested,
RAW-FR-IFOP-02-006,first_round,Hypothèse Jordan Bardella / Raphaël Glucksmann / Marine Tondelier,Ifop,Autres,—,,,100.0,100.0,False,unchanged,not_tested,
RAW-FR-IFOP-02-007,first_round,Hypothèse Marine Le Pen / Raphaël Glucksmann / Marine Tondelier,Ifop,Gabriel Attal,—,,,100.0,100.0,False,unchanged,not_tested,
RAW-FR-IFOP-02-007,first_round,Hypothèse Marine Le Pen / Raphaël Glucksmann / Marine Tondelier,Ifop,Villepin,—,,,100.0,100.0,False,unchanged,not_tested,
RAW-FR-IFOP-02-007,first_round,Hypothèse Marine Le Pen / Raphaël Glucksmann / Marine Tondelier,Ifop,Autres,—,,,100.0,100.0,False,unchanged,not_tested,
RAW-FR-IFOP-02-008,first_round,Hypothèse Marine Le Pen / Raphaël Glucksmann / Marine Tondelier,Ifop,Édouard Philippe,—,,,100.0,100.0,False,unchanged,not_tested,
RAW-FR-IFOP-02-008,first_round,Hypothèse Marine Le Pen / Raphaël Glucksmann / Marine Tondelier,Ifop,Villepin,—,,,100.0,100.0,False,unchanged,not_tested,
RAW-FR-IFOP-02-008,first_round,Hypothèse Marine Le Pen / Raphaël Glucksmann / Marine Tondelier,Ifop,Autres,—,,,100.0,100.0,False,unchanged,not_tested,
RAW-FR-IFOP-02-009,first_round,Hypothèse Jordan Bardella / Autres / François Hollande,Ifop,François Hollande,9 Hollande (PS),9.0,,100.0,100.0,False,technical_duplicate_excluded,technical_duplicate,repeated HTML colspan cell retained for traceability
RAW-FR-IFOP-02-009,first_round,Hypothèse Jordan Bardella / Autres / François Hollande,Ifop,Gabriel Attal,—,,,100.0,100.0,False,unchanged,not_tested,
RAW-FR-IFOP-02-009,first_round,Hypothèse Jordan Bardella / Autres / François Hollande,Ifop,Villepin,—,,,100.0,100.0,False,unchanged,not_tested,
RAW-FR-IFOP-02-009,first_round,Hypothèse Jordan Bardella / Autres / François Hollande,Ifop,Autres,—,,,100.0,100.0,False,unchanged,not_tested,
RAW-FR-IFOP-02-010,first_round,Hypothèse Jordan Bardella / Raphaël Glucksmann / Autres,Ifop,Raphaël Glucksmann,11 Glucksmann,11.0,,100.0,100.0,False,technical_duplicate_excluded,technical_duplicate,repeated HTML colspan cell retained for traceability
RAW-FR-IFOP-02-010,first_round,Hypothèse Jordan Bardella / Raphaël Glucksmann / Autres,Ifop,Gabriel Attal,—,,,100.0,100.0,False,unchanged,not_tested,
RAW-FR-IFOP-02-010,first_round,Hypothèse Jordan Bardella / Raphaël Glucksmann / Autres,Ifop,Villepin,—,,,100.0,100.0,False,unchanged,not_tested,
RAW-FR-IFOP-02-010,first_round,Hypothèse Jordan Bardella / Raphaël Glucksmann / Autres,Ifop,Autres,—,,,100.0,100.0,False,unchanged,not_tested,
RAW-FR-IFOP-02-011,first_round,Hypothèse Jordan Bardella / Raphaël Glucksmann / Marine Tondelier,Ifop,Gabriel Attal,—,,,100.0,100.0,False,unchanged,not_tested,
RAW-FR-IFOP-02-011,first_round,Hypothèse Jordan Bardella / Raphaël Glucksmann / Marine Tondelier,Ifop,Villepin,—,,,100.0,100.0,False,unchanged,not_tested,
RAW-FR-OPINIONWAY-02-012,first_round,Scénario Édouard Philippe / Gabriel Attal / Jean-Luc Mélenchon,OpinionWay,Fabien Roussel,—,,,100.0,100.0,False,unchanged,not_tested,
RAW-FR-OPINIONWAY-02-012,first_round,Scénario Édouard Philippe / Gabriel Attal / Jean-Luc Mélenchon,OpinionWay,Marine Tondelier,—,,,100.0,100.0,False,unchanged,not_tested,
RAW-FR-OPINIONWAY-02-012,first_round,Scénario Édouard Philippe / Gabriel Attal / Jean-Luc Mélenchon,OpinionWay,Gabriel Attal,—,,,100.0,100.0,False,unchanged,not_tested,
RAW-FR-OPINIONWAY-02-012,first_round,Scénario Édouard Philippe / Gabriel Attal / Jean-Luc Mélenchon,OpinionWay,Villepin,—,,,100.0,100.0,False,unchanged,not_tested,
RAW-FR-OPINIONWAY-02-012,first_round,Scénario Édouard Philippe / Gabriel Attal / Jean-Luc Mélenchon,OpinionWay,Autres,—,,,100.0,100.0,False,unchanged,not_tested,
RAW-FR-OPINIONWAY-02-013,first_round,Scénario Édouard Philippe / Gabriel Attal / Jean-Luc Mélenchon,OpinionWay,Gabriel Attal,—,,,100.0,100.0,False,unchanged,not_tested,
RAW-FR-OPINIONWAY-02-013,first_round,Scénario Édouard Philippe / Gabriel Attal / Jean-Luc Mélenchon,OpinionWay,Villepin,—,,,100.0,100.0,False,unchanged,not_tested,
RAW-FR-OPINIONWAY-02-013,first_round,Scénario Édouard Philippe / Gabriel Attal / Jean-Luc Mélenchon,OpinionWay,Autres,—,,,100.0,100.0,False,unchanged,not_tested,
RAW-FR-OPINIONWAY-02-014,first_round,Scénario Édouard Philippe / Gabriel Attal / Jean-Luc Mélenchon,OpinionWay,Édouard Philippe,—,,,100.0,100.0,False,unchanged,not_tested,
RAW-FR-OPINIONWAY-02-014,first_round,Scénario Édouard Philippe / Gabriel Attal / Jean-Luc Mélenchon,OpinionWay,Villepin,—,,,100.0,100.0,False,unchanged,not_tested,
RAW-FR-OPINIONWAY-02-014,first_round,Scénario Édouard Philippe / Gabriel Attal / Jean-Luc Mélenchon,OpinionWay,Autres,—,,,100.0,100.0,False,unchanged,not_tested,
RAW-FR-IPSOS-02-015,first_round,Hypothèse Jordan Bardella / Raphaël Glucksmann,Ipsos,Villepin,—,,,100.0,100.0,False,unchanged,not_tested,
RAW-FR-IPSOS-02-015,first_round,Hypothèse Jordan Bardella / Raphaël Glucksmann,Ipsos,Autres,—,,,100.0,100.0,False,unchanged,not_tested,
RAW-FR-IPSOS-02-016,first_round,Hypothèse Marine Le Pen / Raphaël Glucksmann,Ipsos,Villepin,—,,,100.0,100.0,False,unchanged,not_tested,
RAW-FR-IPSOS-02-016,first_round,Hypothèse Marine Le Pen / Raphaël Glucksmann,Ipsos,Autres,—,,,100.0,100.0,False,unchanged,not_tested,
RAW-FR-IPSOS-02-017,first_round,Hypothèse Jordan Bardella / François Hollande,Ipsos,Villepin,—,,,100.0,100.0,False,unchanged,not_tested,
RAW-FR-IPSOS-02-017,first_round,Hypothèse Jordan Bardella / François Hollande,Ipsos,Autres,—,,,100.0,100.0,False,unchanged,not_tested,
RAW-FR-IPSOS-02-018,first_round,Hypothèse Marine Le Pen / François Hollande,Ipsos,Villepin,—,,,100.0,100.0,False,unchanged,not_tested,
RAW-FR-IPSOS-02-018,first_round,Hypothèse Marine Le Pen / François Hollande,Ipsos,Autres,—,,,100.0,100.0,False,unchanged,not_tested,
RAW-FR-IPSOS-02-019,first_round,Hypothèse Jordan Bardella / Raphaël Glucksmann,Ipsos,Édouard Philippe,—,,,100.0,100.0,False,unchanged,not_tested,
RAW-FR-IPSOS-02-019,first_round,Hypothèse Jordan Bardella / Raphaël Glucksmann,Ipsos,Villepin,—,,,100.0,100.0,False,unchanged,not_tested,
RAW-FR-IPSOS-02-019,first_round,Hypothèse Jordan Bardella / Raphaël Glucksmann,Ipsos,Autres,—,,,100.0,100.0,False,unchanged,not_tested,
RAW-FR-IPSOS-02-020,first_round,Hypothèse Jordan Bardella / Raphaël Glucksmann,Ipsos,Gabriel Attal,—,,,100.0,100.0,False,unchanged,not_tested,
RAW-FR-IPSOS-02-020,first_round,Hypothèse Jordan Bardella / Raphaël Glucksmann,Ipsos,Villepin,—,,,100.0,100.0,False,unchanged,not_tested,
RAW-FR-IPSOS-02-020,first_round,Hypothèse Jordan Bardella / Raphaël Glucksmann,Ipsos,Autres,—,,,100.0,100.0,False,unchanged,not_tested,
RAW-FR-IPSOS-02-021,first_round,Hypothèse Jordan Bardella / François Hollande,Ipsos,Édouard Philippe,—,,,100.0,100.0,False,unchanged,not_tested,
RAW-FR-IPSOS-02-021,first_round,Hypothèse Jordan Bardella / François Hollande,Ipsos,Villepin,—,,,100.0,100.0,False,unchanged,not_tested,
RAW-FR-IPSOS-02-021,first_round,Hypothèse Jordan Bardella / François Hollande,Ipsos,Autres,—,,,100.0,100.0,False,unchanged,not_tested,
RAW-FR-IPSOS-02-022,first_round,Hypothèse Jordan Bardella / François Hollande,Ipsos,Gabriel Attal,—,,,100.0,100.0,False,unchanged,not_tested,
RAW-FR-IPSOS-02-022,first_round,Hypothèse Jordan Bardella / François Hollande,Ipsos,Villepin,—,,,100.0,100.0,False,unchanged,not_tested,
RAW-FR-IPSOS-02-022,first_round,Hypothèse Jordan Bardella / François Hollande,Ipsos,Autres,—,,,100.0,100.0,False,unchanged,not_tested,
RAW-FR-IFOP-02-023,first_round,Hypothèse Jordan Bardella / Raphaël Glucksmann / Marine Tondelier,Ifop,Villepin,—,,,100.0,100.0,False,unchanged,not_tested,
RAW-FR-IFOP-02-023,first_round,Hypothèse Jordan Bardella / Raphaël Glucksmann / Marine Tondelier,Ifop,Autres,—,,,100.0,100.0,False,unchanged,not_tested,
RAW-FR-IFOP-02-024,first_round,Hypothèse Jordan Bardella / Raphaël Glucksmann / Marine Tondelier,Ifop,Gabriel Attal,—,,,100.0,100.0,False,unchanged,not_tested,
RAW-FR-IFOP-02-024,first_round,Hypothèse Jordan Bardella / Raphaël Glucksmann / Marine Tondelier,Ifop,Autres,—,,,100.0,100.0,False,unchanged,not_tested,
RAW-FR-IFOP-02-025,first_round,Hypothèse Jordan Bardella / Raphaël Glucksmann / Marine Tondelier,Ifop,Édouard Philippe,—,,,100.0,100.0,False,unchanged,not_tested,
RAW-FR-IFOP-02-025,first_round,Hypothèse Jordan Bardella / Raphaël Glucksmann / Marine Tondelier,Ifop,Autres,—,,,100.0,100.0,False,unchanged,not_tested,
RAW-FR-IFOP-02-026,first_round,Hypothèse Marine Le Pen / Raphaël Glucksmann / Marine Tondelier,Ifop,Gabriel Attal,—,,,100.0,100.0,False,unchanged,not_tested,
RAW-FR-IFOP-02-026,first_round,Hypothèse Marine Le Pen / Raphaël Glucksmann / Marine Tondelier,Ifop,Autres,—,,,100.0,100.0,False,unchanged,not_tested,
RAW-FR-IFOP-02-027,first_round,Hypothèse Marine Le Pen / Raphaël Glucksmann / Marine Tondelier,Ifop,Édouard Philippe,—,,,100.0,100.0,False,unchanged,not_tested,
RAW-FR-IFOP-02-027,first_round,Hypothèse Marine Le Pen / Raphaël Glucksmann / Marine Tondelier,Ifop,Autres,—,,,100.0,100.0,False,unchanged,not_tested,
RAW-FR-IFOP-02-028,first_round,Hypothèse Jordan Bardella / Marine Tondelier / Autres,Ifop,Gabriel Attal,—,,,100.0,100.0,False,unchanged,not_tested,
RAW-FR-IFOP-02-028,first_round,Hypothèse Jordan Bardella / Marine Tondelier / Autres,Ifop,Villepin,—,,,100.0,100.0,False,unchanged,not_tested,
RAW-FR-IFOP-02-028,first_round,Hypothèse Jordan Bardella / Marine Tondelier / Autres,Ifop,Autres,—,,,100.0,100.0,False,unchanged,not_tested,
RAW-FR-IFOP-02-029,first_round,Hypothèse Jordan Bardella / Marine Tondelier / Autres,Ifop,Édouard Philippe,—,,,100.0,100.0,False,unchanged,not_tested,
RAW-FR-IFOP-02-029,first_round,Hypothèse Jordan Bardella / Marine Tondelier / Autres,Ifop,Villepin,—,,,100.0,100.0,False,unchanged,not_tested,
RAW-FR-IFOP-02-029,first_round,Hypothèse Jordan Bardella / Marine Tondelier / Autres,Ifop,Autres,—,,,100.0,100.0,False,unchanged,not_tested,
RAW-FR-IFOP-02-030,first_round,Hypothèse Jordan Bardella / Raphaël Glucksmann / François Ruffin,Ifop,Gabriel Attal,—,,,100.0,100.0,False,unchanged,not_tested,
RAW-FR-IFOP-02-030,first_round,Hypothèse Jordan Bardella / Raphaël Glucksmann / François Ruffin,Ifop,Villepin,—,,,100.0,100.0,False,unchanged,not_tested,
RAW-FR-IFOP-02-031,first_round,Hypothèse Jordan Bardella / Marine Tondelier / Olivier Faure,Ifop,Gabriel Attal,—,,,100.0,100.0,False,unchanged,not_tested,
RAW-FR-IFOP-02-031,first_round,Hypothèse Jordan Bardella / Marine Tondelier / Olivier Faure,Ifop,Villepin,—,,,100.0,100.0,False,unchanged,not_tested,
RAW-FR-IFOP-02-031,first_round,Hypothèse Jordan Bardella / Marine Tondelier / Olivier Faure,Ifop,Autres,—,,,100.0,100.0,False,unchanged,not_tested,
RAW-FR-IFOP-02-032,first_round,Hypothèse Jordan Bardella / Autres / François Hollande,Ifop,François Hollande,11 Hollande (PS),11.0,,100.0,100.0,False,technical_duplicate_excluded,technical_duplicate,repeated HTML colspan cell retained for traceability
RAW-FR-IFOP-02-032,first_round,Hypothèse Jordan Bardella / Autres / François Hollande,Ifop,Gabriel Attal,—,,,100.0,100.0,False,unchanged,not_tested,
RAW-FR-IFOP-02-032,first_round,Hypothèse Jordan Bardella / Autres / François Hollande,Ifop,Villepin,—,,,100.0,100.0,False,unchanged,not_tested,
RAW-FR-IFOP-02-032,first_round,Hypothèse Jordan Bardella / Autres / François Hollande,Ifop,Autres,—,,,100.0,100.0,False,unchanged,not_tested,
RAW-FR-IFOP-02-033,first_round,Hypothèse Jordan Bardella / Raphaël Glucksmann / Autres,Ifop,Raphaël Glucksmann,12 Glucksmann,12.0,,100.0,100.0,False,technical_duplicate_excluded,technical_duplicate,repeated HTML colspan cell retained for traceability
RAW-FR-IFOP-02-033,first_round,Hypothèse Jordan Bardella / Raphaël Glucksmann / Autres,Ifop,Gabriel Attal,—,,,100.0,100.0,False,unchanged,not_tested,
RAW-FR-IFOP-02-033,first_round,Hypothèse Jordan Bardella / Raphaël Glucksmann / Autres,Ifop,Villepin,—,,,100.0,100.0,False,unchanged,not_tested,
RAW-FR-IFOP-02-033,first_round,Hypothèse Jordan Bardella / Raphaël Glucksmann / Autres,Ifop,Autres,—,,,100.0,100.0,False,unchanged,not_tested,
RAW-FR-HARRIS-INTERACTIVE-02-034,first_round,Hypothèse Jordan Bardella,Harris Interactive,Gabriel Attal,—,,,100.0,100.0,False,unchanged,not_tested,
RAW-FR-HARRIS-INTERACTIVE-02-034,first_round,Hypothèse Jordan Bardella,Harris Interactive,Villepin,—,,,100.0,100.0,False,unchanged,not_tested,
RAW-FR-HARRIS-INTERACTIVE-02-034,first_round,Hypothèse Jordan Bardella,Harris Interactive,Autres,—,,,100.0,100.0,False,unchanged,not_tested,
RAW-FR-HARRIS-INTERACTIVE-02-035,first_round,Hypothèse Jordan Bardella,Harris Interactive,Édouard Philippe,—,,,100.0,100.0,False,unchanged,not_tested,
RAW-FR-HARRIS-INTERACTIVE-02-035,first_round,Hypothèse Jordan Bardella,Harris Interactive,Villepin,—,,,100.0,100.0,False,unchanged,not_tested,
RAW-FR-HARRIS-INTERACTIVE-02-035,first_round,Hypothèse Jordan Bardella,Harris Interactive,Autres,—,,,100.0,100.0,False,unchanged,not_tested,
RAW-FR-HARRIS-INTERACTIVE-02-036,first_round,Hypothèse Marine Le Pen,Harris Interactive,Gabriel Attal,—,,,100.0,100.0,False,unchanged,not_tested,
RAW-FR-HARRIS-INTERACTIVE-02-036,first_round,Hypothèse Marine Le Pen,Harris Interactive,Villepin,—,,,100.0,100.0,False,unchanged,not_tested,
RAW-FR-HARRIS-INTERACTIVE-02-036,first_round,Hypothèse Marine Le Pen,Harris Interactive,Autres,—,,,100.0,100.0,False,unchanged,not_tested,
RAW-FR-HARRIS-INTERACTIVE-02-037,first_round,Hypothèse Marine Le Pen,Harris Interactive,Édouard Philippe,—,,,100.0,100.0,False,unchanged,not_tested,
RAW-FR-HARRIS-INTERACTIVE-02-037,first_round,Hypothèse Marine Le Pen,Harris Interactive,Villepin,—,,,100.0,100.0,False,unchanged,not_tested,
RAW-FR-HARRIS-INTERACTIVE-02-037,first_round,Hypothèse Marine Le Pen,Harris Interactive,Autres,—,,,100.0,100.0,False,unchanged,not_tested,
RAW-FR-HARRIS-INTERACTIVE-02-038,first_round,Hypothèse Jordan Bardella,Harris Interactive,Villepin,—,,,100.0,100.0,False,unchanged,not_tested,
RAW-FR-HARRIS-INTERACTIVE-02-038,first_round,Hypothèse Jordan Bardella,Harris Interactive,Autres,—,,,100.0,100.0,False,unchanged,not_tested,
RAW-FR-ODOXA-02-040,first_round,Scénario Édouard Philippe / Gabriel Attal / Jordan Bardella,Odoxa,Gabriel Attal,—,,,100.0,100.0,False,unchanged,not_tested,
RAW-FR-ODOXA-02-040,first_round,Scénario Édouard Philippe / Gabriel Attal / Jordan Bardella,Odoxa,Villepin,—,,,100.0,100.0,False,unchanged,not_tested,
RAW-FR-ODOXA-02-040,first_round,Scénario Édouard Philippe / Gabriel Attal / Jordan Bardella,Odoxa,Autres,—,,,100.0,100.0,False,unchanged,not_tested,
RAW-FR-HARRIS-INTERACTIVE-02-042,first_round,Hypothèse Jordan Bardella,Harris Interactive,Gabriel Attal,—,,,100.0,100.0,False,unchanged,not_tested,
RAW-FR-HARRIS-INTERACTIVE-02-042,first_round,Hypothèse Jordan Bardella,Harris Interactive,Villepin,—,,,100.0,100.0,False,unchanged,not_tested,
RAW-FR-HARRIS-INTERACTIVE-02-042,first_round,Hypothèse Jordan Bardella,Harris Interactive,Autres,—,,,100.0,100.0,False,unchanged,not_tested,
RAW-FR-HARRIS-INTERACTIVE-02-043,first_round,Hypothèse Jordan Bardella,Harris Interactive,Édouard Philippe,—,,,100.0,100.0,False,unchanged,not_tested,
RAW-FR-HARRIS-INTERACTIVE-02-043,first_round,Hypothèse Jordan Bardella,Harris Interactive,Villepin,—,,,100.0,100.0,False,unchanged,not_tested,
RAW-FR-HARRIS-INTERACTIVE-02-043,first_round,Hypothèse Jordan Bardella,Harris Interactive,Autres,—,,,100.0,100.0,False,unchanged,not_tested,
RAW-FR-HARRIS-INTERACTIVE-02-044,first_round,Hypothèse Marine Le Pen,Harris Interactive,Gabriel Attal,—,,,100.0,100.0,False,unchanged,not_tested,
RAW-FR-HARRIS-INTERACTIVE-02-044,first_round,Hypothèse Marine Le Pen,Harris Interactive,Villepin,—,,,100.0,100.0,False,unchanged,not_tested,
RAW-FR-HARRIS-INTERACTIVE-02-044,first_round,Hypothèse Marine Le Pen,Harris Interactive,Autres,—,,,100.0,100.0,False,unchanged,not_tested,
RAW-FR-HARRIS-INTERACTIVE-02-045,first_round,Hypothèse Marine Le Pen,Harris Interactive,Édouard Philippe,—,,,100.0,100.0,False,unchanged,not_tested,
RAW-FR-HARRIS-INTERACTIVE-02-045,first_round,Hypothèse Marine Le Pen,Harris Interactive,Villepin,—,,,100.0,100.0,False,unchanged,not_tested,
RAW-FR-HARRIS-INTERACTIVE-02-045,first_round,Hypothèse Marine Le Pen,Harris Interactive,Autres,—,,,100.0,100.0,False,unchanged,not_tested,
RAW-FR-ELABE-02-047,first_round,Hypothèse Gabriel Attal / Jordan Bardella / Raphaël Glucksmann,Elabe,Gabriel Attal,—,,,100.0,100.0,False,unchanged,not_tested,
RAW-FR-ELABE-02-047,first_round,Hypothèse Gabriel Attal / Jordan Bardella / Raphaël Glucksmann,Elabe,Autres,—,,,100.0,100.0,False,unchanged,not_tested,
RAW-FR-ELABE-02-048,first_round,Hypothèse Gabriel Attal / Marine Le Pen / Raphaël Glucksmann,Elabe,Gabriel Attal,—,,,100.0,100.0,False,unchanged,not_tested,
RAW-FR-ELABE-02-048,first_round,Hypothèse Gabriel Attal / Marine Le Pen / Raphaël Glucksmann,Elabe,Autres,—,,,100.0,100.0,False,unchanged,not_tested,
RAW-FR-ELABE-02-049,first_round,Hypothèse Gabriel Attal / Jordan Bardella / Marine Tondelier,Elabe,Gabriel Attal,—,,,100.0,100.0,False,unchanged,not_tested,
RAW-FR-ELABE-02-049,first_round,Hypothèse Gabriel Attal / Jordan Bardella / Marine Tondelier,Elabe,Bruno Retailleau,—,,,100.0,100.0,False,unchanged,not_tested,
RAW-FR-ELABE-02-049,first_round,Hypothèse Gabriel Attal / Jordan Bardella / Marine Tondelier,Elabe,Autres,—,,,100.0,100.0,False,unchanged,not_tested,
RAW-FR-ELABE-02-050,first_round,Hypothèse Gabriel Attal / Marine Le Pen / Raphaël Glucksmann,Elabe,Édouard Philippe,—,,,100.0,100.0,False,unchanged,not_tested,
RAW-FR-ELABE-02-050,first_round,Hypothèse Gabriel Attal / Marine Le Pen / Raphaël Glucksmann,Elabe,Autres,—,,,100.0,100.0,False,unchanged,not_tested,
RAW-FR-ELABE-02-051,first_round,Hypothèse Jordan Bardella / Raphaël Glucksmann / Marine Tondelier,Elabe,Édouard Philippe,—,,,100.0,100.0,False,unchanged,not_tested,
RAW-FR-ELABE-02-051,first_round,Hypothèse Jordan Bardella / Raphaël Glucksmann / Marine Tondelier,Elabe,Autres,—,,,100.0,100.0,False,unchanged,not_tested,
RAW-FR-ELABE-02-052,first_round,Hypothèse Jordan Bardella / Raphaël Glucksmann / François Ruffin,Elabe,Édouard Philippe,—,,,100.0,100.0,False,unchanged,not_tested,
RAW-FR-ELABE-02-052,first_round,Hypothèse Jordan Bardella / Raphaël Glucksmann / François Ruffin,Elabe,Autres,—,,,100.0,100.0,False,unchanged,not_tested,
RAW-FR-ODOXA-02-053,first_round,Scénario Édouard Philippe / Gabriel Attal / Jordan Bardella,Odoxa,Gabriel Attal,—,,,100.0,100.0,False,unchanged,not_tested,
RAW-FR-ODOXA-02-053,first_round,Scénario Édouard Philippe / Gabriel Attal / Jordan Bardella,Odoxa,Villepin,—,,,100.0,100.0,False,unchanged,not_tested,
RAW-FR-ODOXA-02-053,first_round,Scénario Édouard Philippe / Gabriel Attal / Jordan Bardella,Odoxa,Autres,—,,,100.0,100.0,False,unchanged,not_tested,
RAW-FR-ODOXA-02-054,first_round,Scénario Édouard Philippe / Gabriel Attal / Jordan Bardella,Odoxa,Gabriel Attal,—,,,100.0,100.0,False,unchanged,not_tested,
RAW-FR-ODOXA-02-054,first_round,Scénario Édouard Philippe / Gabriel Attal / Jordan Bardella,Odoxa,Villepin,—,,,100.0,100.0,False,unchanged,not_tested,
RAW-FR-ODOXA-02-054,first_round,Scénario Édouard Philippe / Gabriel Attal / Jordan Bardella,Odoxa,Bruno Retailleau,—,,,100.0,100.0,False,unchanged,not_tested,
RAW-FR-ODOXA-02-054,first_round,Scénario Édouard Philippe / Gabriel Attal / Jordan Bardella,Odoxa,Autres,—,,,100.0,100.0,False,unchanged,not_tested,
RAW-FR-HARRIS-INTERACTIVE-02-055,first_round,Scénario Édouard Philippe / Gabriel Attal / Jordan Bardella,Harris Interactive,Gabriel Attal,—,,,100.0,100.0,False,unchanged,not_tested,
RAW-FR-HARRIS-INTERACTIVE-02-055,first_round,Scénario Édouard Philippe / Gabriel Attal / Jordan Bardella,Harris Interactive,Villepin,—,,,100.0,100.0,False,unchanged,not_tested,
RAW-FR-HARRIS-INTERACTIVE-02-055,first_round,Scénario Édouard Philippe / Gabriel Attal / Jordan Bardella,Harris Interactive,Autres,—,,,100.0,100.0,False,unchanged,not_tested,
RAW-FR-HARRIS-INTERACTIVE-02-056,first_round,Scénario Édouard Philippe / Gabriel Attal / Jordan Bardella,Harris Interactive,Édouard Philippe,—,,,100.0,100.0,False,unchanged,not_tested,
RAW-FR-HARRIS-INTERACTIVE-02-056,first_round,Scénario Édouard Philippe / Gabriel Attal / Jordan Bardella,Harris Interactive,Villepin,—,,,100.0,100.0,False,unchanged,not_tested,
RAW-FR-HARRIS-INTERACTIVE-02-056,first_round,Scénario Édouard Philippe / Gabriel Attal / Jordan Bardella,Harris Interactive,Autres,—,,,100.0,100.0,False,unchanged,not_tested,
RAW-FR-IFOP-02-057,first_round,Hypothèse Gabriel Attal / Jordan Bardella / Raphaël Glucksmann,Ifop,Gabriel Attal,—,,,100.0,100.0,False,unchanged,not_tested,
RAW-FR-IFOP-02-057,first_round,Hypothèse Gabriel Attal / Jordan Bardella / Raphaël Glucksmann,Ifop,Autres,—,,,100.0,100.0,False,unchanged,not_tested,
RAW-FR-IFOP-02-058,first_round,Hypothèse Gabriel Attal / Marine Le Pen / Raphaël Glucksmann,Ifop,Gabriel Attal,—,,,100.0,100.0,False,unchanged,not_tested,
RAW-FR-IFOP-02-058,first_round,Hypothèse Gabriel Attal / Marine Le Pen / Raphaël Glucksmann,Ifop,Autres,—,,,100.0,100.0,False,unchanged,not_tested,
RAW-FR-IFOP-02-059,first_round,Hypothèse Gabriel Attal / Jordan Bardella / Raphaël Glucksmann,Ifop,Édouard Philippe,—,,,100.0,100.0,False,unchanged,not_tested,
RAW-FR-IFOP-02-059,first_round,Hypothèse Gabriel Attal / Jordan Bardella / Raphaël Glucksmann,Ifop,Autres,—,,,100.0,100.0,False,unchanged,not_tested,
RAW-FR-IFOP-02-060,first_round,Hypothèse Gabriel Attal / Marine Le Pen / Raphaël Glucksmann,Ifop,Édouard Philippe,—,,,100.0,100.0,False,unchanged,not_tested,
RAW-FR-IFOP-02-060,first_round,Hypothèse Gabriel Attal / Marine Le Pen / Raphaël Glucksmann,Ifop,Autres,—,,,100.0,100.0,False,unchanged,not_tested,
RAW-FR-IFOP-02-061,first_round,Hypothèse Jordan Bardella / Raphaël Glucksmann / Gérald Darmanin,Ifop,Édouard Philippe,—,,,100.0,100.0,False,unchanged,not_tested,
RAW-FR-IFOP-02-061,first_round,Hypothèse Jordan Bardella / Raphaël Glucksmann / Gérald Darmanin,Ifop,Autres,—,,,100.0,100.0,False,unchanged,not_tested,
RAW-FR-IFOP-02-062,first_round,Hypothèse Jordan Bardella / Raphaël Glucksmann / Sébastien Lecornu,Ifop,Édouard Philippe,—,,,100.0,100.0,False,unchanged,not_tested,
RAW-FR-IFOP-02-062,first_round,Hypothèse Jordan Bardella / Raphaël Glucksmann / Sébastien Lecornu,Ifop,Autres,—,,,100.0,100.0,False,unchanged,not_tested,
RAW-FR-IFOP-02-063,first_round,Hypothèse Gabriel Attal / Jordan Bardella / Raphaël Glucksmann,Ifop,Gabriel Attal,—,,,100.0,100.0,False,unchanged,not_tested,
RAW-FR-IFOP-02-063,first_round,Hypothèse Gabriel Attal / Jordan Bardella / Raphaël Glucksmann,Ifop,Villepin,—,,,100.0,100.0,False,unchanged,not_tested,
RAW-FR-IFOP-02-063,first_round,Hypothèse Gabriel Attal / Jordan Bardella / Raphaël Glucksmann,Ifop,Bruno Retailleau,—,,,100.0,100.0,False,unchanged,not_tested,
RAW-FR-IFOP-02-063,first_round,Hypothèse Gabriel Attal / Jordan Bardella / Raphaël Glucksmann,Ifop,Autres,—,,,100.0,100.0,False,unchanged,not_tested,
RAW-FR-IFOP-02-064,first_round,Hypothèse Gabriel Attal / Jordan Bardella / Raphaël Glucksmann,Ifop,Gabriel Attal,—,,,100.0,100.0,False,unchanged,not_tested,
RAW-FR-IFOP-02-064,first_round,Hypothèse Gabriel Attal / Jordan Bardella / Raphaël Glucksmann,Ifop,Édouard Philippe,—,,,100.0,100.0,False,unchanged,not_tested,
RAW-FR-IFOP-02-064,first_round,Hypothèse Gabriel Attal / Jordan Bardella / Raphaël Glucksmann,Ifop,Villepin,—,,,100.0,100.0,False,unchanged,not_tested,
RAW-FR-IFOP-02-064,first_round,Hypothèse Gabriel Attal / Jordan Bardella / Raphaël Glucksmann,Ifop,Autres,—,,,100.0,100.0,False,unchanged,not_tested,
RAW-FR-IFOP-02-065,first_round,Hypothèse Gabriel Attal / Jordan Bardella / François Hollande,Ifop,Gabriel Attal,—,,,100.0,100.0,False,unchanged,not_tested,
RAW-FR-IFOP-02-065,first_round,Hypothèse Gabriel Attal / Jordan Bardella / François Hollande,Ifop,Villepin,—,,,100.0,100.0,False,unchanged,not_tested,
RAW-FR-IFOP-02-065,first_round,Hypothèse Gabriel Attal / Jordan Bardella / François Hollande,Ifop,Autres,—,,,100.0,100.0,False,unchanged,not_tested,
RAW-FR-IFOP-02-066,first_round,Hypothèse Gabriel Attal / Jordan Bardella / Olivier Faure,Ifop,Gabriel Attal,—,,,100.0,100.0,False,unchanged,not_tested,
RAW-FR-IFOP-02-066,first_round,Hypothèse Gabriel Attal / Jordan Bardella / Olivier Faure,Ifop,Villepin,—,,,100.0,100.0,False,unchanged,not_tested,
RAW-FR-IFOP-02-066,first_round,Hypothèse Gabriel Attal / Jordan Bardella / Olivier Faure,Ifop,Autres,—,,,100.0,100.0,False,unchanged,not_tested,
RAW-FR-ODOXA-03-004,first_round,Hypothèse Gabriel Attal,Odoxa,Philippe Poutou,—,,,100.0,100.0,False,unchanged,not_tested,
RAW-FR-ODOXA-03-004,first_round,Hypothèse Gabriel Attal,Odoxa,Gabriel Attal,11 Attal,11.0,,100.0,100.0,False,technical_duplicate_excluded,technical_duplicate,repeated HTML colspan cell retained for traceability
RAW-FR-ODOXA-03-004,first_round,Hypothèse Gabriel Attal,Odoxa,Villepin,—,,,100.0,100.0,False,unchanged,not_tested,
RAW-FR-ODOXA-03-004,first_round,Hypothèse Gabriel Attal,Odoxa,Autres,—,,,100.0,100.0,False,unchanged,not_tested,
RAW-FR-ODOXA-03-005,first_round,Hypothèse Édouard Philippe,Odoxa,Philippe Poutou,—,,,100.0,100.0,False,unchanged,not_tested,
RAW-FR-ODOXA-03-005,first_round,Hypothèse Édouard Philippe,Odoxa,Édouard Philippe,17 Philippe,17.0,,100.0,100.0,False,technical_duplicate_excluded,technical_duplicate,repeated HTML colspan cell retained for traceability
RAW-FR-ODOXA-03-005,first_round,Hypothèse Édouard Philippe,Odoxa,Villepin,—,,,100.0,100.0,False,unchanged,not_tested,
RAW-FR-ODOXA-03-005,first_round,Hypothèse Édouard Philippe,Odoxa,Autres,—,,,100.0,100.0,False,unchanged,not_tested,
RAW-FR-VERIAN-03-006,first_round,Scénario Édouard Philippe / Jordan Bardella / Jean-Luc Mélenchon,Verian,Arlette Arthaud,—,,,100.0,100.0,False,unchanged,not_tested,
RAW-FR-VERIAN-03-006,first_round,Scénario Édouard Philippe / Jordan Bardella / Jean-Luc Mélenchon,Verian,Philippe Poutou,—,,,100.0,100.0,False,unchanged,not_tested,
RAW-FR-VERIAN-03-006,first_round,Scénario Édouard Philippe / Jordan Bardella / Jean-Luc Mélenchon,Verian,Édouard Philippe,17 Philippe,17.0,,100.0,100.0,False,technical_duplicate_excluded,technical_duplicate,repeated HTML colspan cell retained for traceability
RAW-FR-VERIAN-03-006,first_round,Scénario Édouard Philippe / Jordan Bardella / Jean-Luc Mélenchon,Verian,Villepin,—,,,100.0,100.0,False,unchanged,not_tested,
RAW-FR-VERIAN-03-006,first_round,Scénario Édouard Philippe / Jordan Bardella / Jean-Luc Mélenchon,Verian,Autres,—,,,100.0,100.0,False,unchanged,not_tested,
RAW-FR-ELABE-03-008,first_round,Hypothèse Édouard Philippe / Jordan Bardella / François Hollande,Elabe,Philippe Poutou,—,,,100.0,100.0,False,unchanged,not_tested,
RAW-FR-ELABE-03-008,first_round,Hypothèse Édouard Philippe / Jordan Bardella / François Hollande,Elabe,Édouard Philippe,19 Philippe,19.0,,100.0,100.0,False,technical_duplicate_excluded,technical_duplicate,repeated HTML colspan cell retained for traceability
RAW-FR-ELABE-03-008,first_round,Hypothèse Édouard Philippe / Jordan Bardella / François Hollande,Elabe,Autres,—,,,100.0,100.0,False,unchanged,not_tested,
RAW-FR-ELABE-03-009,first_round,Hypothèse Édouard Philippe / Jordan Bardella / Olivier Faure,Elabe,Philippe Poutou,—,,,100.0,100.0,False,unchanged,not_tested,
RAW-FR-ELABE-03-009,first_round,Hypothèse Édouard Philippe / Jordan Bardella / Olivier Faure,Elabe,Édouard Philippe,"19,5 Philippe",19.5,,100.0,100.0,False,technical_duplicate_excluded,technical_duplicate,repeated HTML colspan cell retained for traceability
RAW-FR-ELABE-03-009,first_round,Hypothèse Édouard Philippe / Jordan Bardella / Olivier Faure,Elabe,Autres,—,,,100.0,100.0,False,unchanged,not_tested,
RAW-FR-ELABE-03-010,first_round,Hypothèse Jordan Bardella / Raphaël Glucksmann / Bruno Retailleau,Elabe,Philippe Poutou,—,,,100.0,100.0,False,unchanged,not_tested,
RAW-FR-ELABE-03-010,first_round,Hypothèse Jordan Bardella / Raphaël Glucksmann / Bruno Retailleau,Elabe,Gérald Darmanin,7 Darmanin,7.0,,100.0,100.0,False,technical_duplicate_excluded,technical_duplicate,repeated HTML colspan cell retained for traceability
RAW-FR-ELABE-03-010,first_round,Hypothèse Jordan Bardella / Raphaël Glucksmann / Bruno Retailleau,Elabe,Autres,—,,,100.0,100.0,False,unchanged,not_tested,
RAW-FR-ELABE-03-011,first_round,Hypothèse Gabriel Attal / Marine Le Pen / Raphaël Glucksmann,Elabe,Philippe Poutou,—,,,100.0,100.0,False,unchanged,not_tested,
RAW-FR-ELABE-03-011,first_round,Hypothèse Gabriel Attal / Marine Le Pen / Raphaël Glucksmann,Elabe,Gabriel Attal,"12,5 Attal",12.5,,100.0,100.0,False,technical_duplicate_excluded,technical_duplicate,repeated HTML colspan cell retained for traceability
RAW-FR-ELABE-03-011,first_round,Hypothèse Gabriel Attal / Marine Le Pen / Raphaël Glucksmann,Elabe,Autres,—,,,100.0,100.0,False,unchanged,not_tested,
RAW-FR-ELABE-03-012,first_round,Hypothèse Édouard Philippe / Jordan Bardella / Raphaël Glucksmann,Elabe,Philippe Poutou,—,,,100.0,100.0,False,unchanged,not_tested,
RAW-FR-ELABE-03-012,first_round,Hypothèse Édouard Philippe / Jordan Bardella / Raphaël Glucksmann,Elabe,Édouard Philippe,"15,5 Philippe",15.5,,100.0,100.0,False,technical_duplicate_excluded,technical_duplicate,repeated HTML colspan cell retained for traceability
RAW-FR-ELABE-03-012,first_round,Hypothèse Édouard Philippe / Jordan Bardella / Raphaël Glucksmann,Elabe,Autres,—,,,100.0,100.0,False,unchanged,not_tested,
RAW-FR-HARRIS-INTERACTIVE-03-015,first_round,Hypothèse Édouard Philippe / Jordan Bardella,Harris Interactive,Philippe Poutou,—,,,100.0,100.0,False,unchanged,not_tested,
RAW-FR-HARRIS-INTERACTIVE-03-015,first_round,Hypothèse Édouard Philippe / Jordan Bardella,Harris Interactive,Édouard Philippe,15 Philippe,15.0,,100.0,100.0,False,technical_duplicate_excluded,technical_duplicate,repeated HTML colspan cell retained for traceability
RAW-FR-HARRIS-INTERACTIVE-03-015,first_round,Hypothèse Édouard Philippe / Jordan Bardella,Harris Interactive,Villepin,—,,,100.0,100.0,False,unchanged,not_tested,
RAW-FR-HARRIS-INTERACTIVE-03-015,first_round,Hypothèse Édouard Philippe / Jordan Bardella,Harris Interactive,Autres,—,,,100.0,100.0,False,unchanged,not_tested,
RAW-FR-HARRIS-INTERACTIVE-03-016,first_round,Hypothèse Gabriel Attal / Jordan Bardella,Harris Interactive,Philippe Poutou,—,,,100.0,100.0,False,unchanged,not_tested,
RAW-FR-HARRIS-INTERACTIVE-03-016,first_round,Hypothèse Gabriel Attal / Jordan Bardella,Harris Interactive,Gabriel Attal,12 Attal,12.0,,100.0,100.0,False,technical_duplicate_excluded,technical_duplicate,repeated HTML colspan cell retained for traceability
RAW-FR-HARRIS-INTERACTIVE-03-016,first_round,Hypothèse Gabriel Attal / Jordan Bardella,Harris Interactive,Villepin,—,,,100.0,100.0,False,unchanged,not_tested,
RAW-FR-HARRIS-INTERACTIVE-03-016,first_round,Hypothèse Gabriel Attal / Jordan Bardella,Harris Interactive,Autres,—,,,100.0,100.0,False,unchanged,not_tested,
RAW-FR-HARRIS-INTERACTIVE-03-017,first_round,Hypothèse Édouard Philippe / Marine Le Pen,Harris Interactive,Philippe Poutou,—,,,100.0,100.0,False,unchanged,not_tested,
RAW-FR-HARRIS-INTERACTIVE-03-017,first_round,Hypothèse Édouard Philippe / Marine Le Pen,Harris Interactive,Édouard Philippe,16 Philippe,16.0,,100.0,100.0,False,technical_duplicate_excluded,technical_duplicate,repeated HTML colspan cell retained for traceability
RAW-FR-HARRIS-INTERACTIVE-03-017,first_round,Hypothèse Édouard Philippe / Marine Le Pen,Harris Interactive,Villepin,—,,,100.0,100.0,False,unchanged,not_tested,
RAW-FR-HARRIS-INTERACTIVE-03-017,first_round,Hypothèse Édouard Philippe / Marine Le Pen,Harris Interactive,Autres,—,,,100.0,100.0,False,unchanged,not_tested,
RAW-FR-HARRIS-INTERACTIVE-03-018,first_round,Hypothèse Gabriel Attal / Marine Le Pen,Harris Interactive,Philippe Poutou,—,,,100.0,100.0,False,unchanged,not_tested,
RAW-FR-HARRIS-INTERACTIVE-03-018,first_round,Hypothèse Gabriel Attal / Marine Le Pen,Harris Interactive,Gabriel Attal,12 Attal,12.0,,100.0,100.0,False,technical_duplicate_excluded,technical_duplicate,repeated HTML colspan cell retained for traceability
RAW-FR-HARRIS-INTERACTIVE-03-018,first_round,Hypothèse Gabriel Attal / Marine Le Pen,Harris Interactive,Villepin,—,,,100.0,100.0,False,unchanged,not_tested,
RAW-FR-HARRIS-INTERACTIVE-03-018,first_round,Hypothèse Gabriel Attal / Marine Le Pen,Harris Interactive,Autres,—,,,100.0,100.0,False,unchanged,not_tested,
RAW-FR-CLUSTER17-03-020,first_round,Hypothèse Édouard Philippe / Jordan Bardella / Olivier Faure,Cluster17,Philippe Poutou,—,,,100.0,100.0,False,unchanged,not_tested,
RAW-FR-CLUSTER17-03-020,first_round,Hypothèse Édouard Philippe / Jordan Bardella / Olivier Faure,Cluster17,Marine Tondelier,—,,,100.0,100.0,False,unchanged,not_tested,
RAW-FR-CLUSTER17-03-020,first_round,Hypothèse Édouard Philippe / Jordan Bardella / Olivier Faure,Cluster17,Édouard Philippe,"19,5 Philippe",19.5,,100.0,100.0,False,technical_duplicate_excluded,technical_duplicate,repeated HTML colspan cell retained for traceability
RAW-FR-CLUSTER17-03-020,first_round,Hypothèse Édouard Philippe / Jordan Bardella / Olivier Faure,Cluster17,Villepin,—,,,100.0,100.0,False,unchanged,not_tested,
RAW-FR-CLUSTER17-03-020,first_round,Hypothèse Édouard Philippe / Jordan Bardella / Olivier Faure,Cluster17,Autres,—,,,100.0,100.0,False,unchanged,not_tested,
RAW-FR-CLUSTER17-03-021,first_round,Hypothèse Édouard Philippe / Jordan Bardella / Candidat PS / PP,Cluster17,Philippe Poutou,—,,,100.0,100.0,False,unchanged,not_tested,
RAW-FR-CLUSTER17-03-021,first_round,Hypothèse Édouard Philippe / Jordan Bardella / Candidat PS / PP,Cluster17,Candidat PS / PP,—,,,100.0,100.0,False,unchanged,not_tested,
RAW-FR-CLUSTER17-03-021,first_round,Hypothèse Édouard Philippe / Jordan Bardella / Candidat PS / PP,Cluster17,Édouard Philippe,"19,5 Philippe",19.5,,100.0,100.0,False,technical_duplicate_excluded,technical_duplicate,repeated HTML colspan cell retained for traceability
RAW-FR-CLUSTER17-03-021,first_round,Hypothèse Édouard Philippe / Jordan Bardella / Candidat PS / PP,Cluster17,Villepin,—,,,100.0,100.0,False,unchanged,not_tested,
RAW-FR-CLUSTER17-03-021,first_round,Hypothèse Édouard Philippe / Jordan Bardella / Candidat PS / PP,Cluster17,Autres,—,,,100.0,100.0,False,unchanged,not_tested,
RAW-FR-CLUSTER17-03-022,first_round,Hypothèse Gabriel Attal / Marine Le Pen / Raphaël Glucksmann,Cluster17,Philippe Poutou,—,,,100.0,100.0,False,unchanged,not_tested,
RAW-FR-CLUSTER17-03-022,first_round,Hypothèse Gabriel Attal / Marine Le Pen / Raphaël Glucksmann,Cluster17,Marine Tondelier,—,,,100.0,100.0,False,unchanged,not_tested,
RAW-FR-CLUSTER17-03-022,first_round,Hypothèse Gabriel Attal / Marine Le Pen / Raphaël Glucksmann,Cluster17,Gabriel Attal,12 Attal,12.0,,100.0,100.0,False,technical_duplicate_excluded,technical_duplicate,repeated HTML colspan cell retained for traceability
RAW-FR-CLUSTER17-03-022,first_round,Hypothèse Gabriel Attal / Marine Le Pen / Raphaël Glucksmann,Cluster17,Villepin,—,,,100.0,100.0,False,unchanged,not_tested,
RAW-FR-CLUSTER17-03-022,first_round,Hypothèse Gabriel Attal / Marine Le Pen / Raphaël Glucksmann,Cluster17,Autres,—,,,100.0,100.0,False,unchanged,not_tested,
RAW-FR-CLUSTER17-03-023,first_round,Hypothèse Édouard Philippe / Jordan Bardella / Raphaël Glucksmann,Cluster17,Philippe Poutou,—,,,100.0,100.0,False,unchanged,not_tested,
RAW-FR-CLUSTER17-03-023,first_round,Hypothèse Édouard Philippe / Jordan Bardella / Raphaël Glucksmann,Cluster17,Marine Tondelier,—,,,100.0,100.0,False,unchanged,not_tested,
RAW-FR-CLUSTER17-03-023,first_round,Hypothèse Édouard Philippe / Jordan Bardella / Raphaël Glucksmann,Cluster17,Édouard Philippe,15 Philippe,15.0,,100.0,100.0,False,technical_duplicate_excluded,technical_duplicate,repeated HTML colspan cell retained for traceability
RAW-FR-CLUSTER17-03-023,first_round,Hypothèse Édouard Philippe / Jordan Bardella / Raphaël Glucksmann,Cluster17,Villepin,—,,,100.0,100.0,False,unchanged,not_tested,
RAW-FR-CLUSTER17-03-023,first_round,Hypothèse Édouard Philippe / Jordan Bardella / Raphaël Glucksmann,Cluster17,Autres,—,,,100.0,100.0,False,unchanged,not_tested,
RAW-FR-IFOP-03-024,first_round,Hypothèse Jordan Bardella / Raphaël Glucksmann / François Bayrou,Ifop,Philippe Poutou,—,,,100.0,100.0,False,unchanged,not_tested,
RAW-FR-IFOP-03-024,first_round,Hypothèse Jordan Bardella / Raphaël Glucksmann / François Bayrou,Ifop,Marine Tondelier,—,,,100.0,100.0,False,unchanged,not_tested,
RAW-FR-IFOP-03-024,first_round,Hypothèse Jordan Bardella / Raphaël Glucksmann / François Bayrou,Ifop,François Bayrou,3 Bayrou,3.0,,100.0,100.0,False,technical_duplicate_excluded,technical_duplicate,repeated HTML colspan cell retained for traceability
RAW-FR-IFOP-03-024,first_round,Hypothèse Jordan Bardella / Raphaël Glucksmann / François Bayrou,Ifop,Autres,—,,,100.0,100.0,False,unchanged,not_tested,
RAW-FR-IFOP-03-025,first_round,Hypothèse Jordan Bardella / Raphaël Glucksmann / Gérald Darmanin,Ifop,Philippe Poutou,—,,,100.0,100.0,False,unchanged,not_tested,
RAW-FR-IFOP-03-025,first_round,Hypothèse Jordan Bardella / Raphaël Glucksmann / Gérald Darmanin,Ifop,Marine Tondelier,—,,,100.0,100.0,False,unchanged,not_tested,
RAW-FR-IFOP-03-025,first_round,Hypothèse Jordan Bardella / Raphaël Glucksmann / Gérald Darmanin,Ifop,Gérald Darmanin,7 Darmanin,7.0,,100.0,100.0,False,technical_duplicate_excluded,technical_duplicate,repeated HTML colspan cell retained for traceability
RAW-FR-IFOP-03-025,first_round,Hypothèse Jordan Bardella / Raphaël Glucksmann / Gérald Darmanin,Ifop,Autres,—,,,100.0,100.0,False,unchanged,not_tested,
RAW-FR-IFOP-03-026,first_round,Hypothèse Gabriel Attal / Jordan Bardella / Raphaël Glucksmann,Ifop,Philippe Poutou,—,,,100.0,100.0,False,unchanged,not_tested,
RAW-FR-IFOP-03-026,first_round,Hypothèse Gabriel Attal / Jordan Bardella / Raphaël Glucksmann,Ifop,Marine Tondelier,—,,,100.0,100.0,False,unchanged,not_tested,
RAW-FR-IFOP-03-026,first_round,Hypothèse Gabriel Attal / Jordan Bardella / Raphaël Glucksmann,Ifop,Gabriel Attal,10 Attal,10.0,,100.0,100.0,False,technical_duplicate_excluded,technical_duplicate,repeated HTML colspan cell retained for traceability
RAW-FR-IFOP-03-026,first_round,Hypothèse Gabriel Attal / Jordan Bardella / Raphaël Glucksmann,Ifop,Autres,—,,,100.0,100.0,False,unchanged,not_tested,
RAW-FR-IFOP-03-027,first_round,Hypothèse Édouard Philippe / Jordan Bardella / Olivier Faure,Ifop,Philippe Poutou,—,,,100.0,100.0,False,unchanged,not_tested,
RAW-FR-IFOP-03-027,first_round,Hypothèse Édouard Philippe / Jordan Bardella / Olivier Faure,Ifop,Marine Tondelier,—,,,100.0,100.0,False,unchanged,not_tested,
RAW-FR-IFOP-03-027,first_round,Hypothèse Édouard Philippe / Jordan Bardella / Olivier Faure,Ifop,Édouard Philippe,19 Philippe,19.0,,100.0,100.0,False,technical_duplicate_excluded,technical_duplicate,repeated HTML colspan cell retained for traceability
RAW-FR-IFOP-03-027,first_round,Hypothèse Édouard Philippe / Jordan Bardella / Olivier Faure,Ifop,Autres,—,,,100.0,100.0,False,unchanged,not_tested,
RAW-FR-IFOP-03-028,first_round,Hypothèse Édouard Philippe / Jordan Bardella / Raphaël Glucksmann,Ifop,Philippe Poutou,—,,,100.0,100.0,False,unchanged,not_tested,
RAW-FR-IFOP-03-028,first_round,Hypothèse Édouard Philippe / Jordan Bardella / Raphaël Glucksmann,Ifop,Marine Tondelier,—,,,100.0,100.0,False,unchanged,not_tested,
RAW-FR-IFOP-03-028,first_round,Hypothèse Édouard Philippe / Jordan Bardella / Raphaël Glucksmann,Ifop,Édouard Philippe,16 Philippe,16.0,,100.0,100.0,False,technical_duplicate_excluded,technical_duplicate,repeated HTML colspan cell retained for traceability
RAW-FR-IFOP-03-028,first_round,Hypothèse Édouard Philippe / Jordan Bardella / Raphaël Glucksmann,Ifop,Autres,—,,,100.0,100.0,False,unchanged,not_tested,
RAW-FR-IFOP-03-029,first_round,Hypothèse Édouard Philippe / Marine Le Pen / Raphaël Glucksmann,Ifop,Philippe Poutou,—,,,100.0,100.0,False,unchanged,not_tested,
RAW-FR-IFOP-03-029,first_round,Hypothèse Édouard Philippe / Marine Le Pen / Raphaël Glucksmann,Ifop,Marine Tondelier,—,,,100.0,100.0,False,unchanged,not_tested,
RAW-FR-IFOP-03-029,first_round,Hypothèse Édouard Philippe / Marine Le Pen / Raphaël Glucksmann,Ifop,Édouard Philippe,16 Philippe,16.0,,100.0,100.0,False,technical_duplicate_excluded,technical_duplicate,repeated HTML colspan cell retained for traceability
RAW-FR-IFOP-03-029,first_round,Hypothèse Édouard Philippe / Marine Le Pen / Raphaël Glucksmann,Ifop,Autres,—,,,100.0,100.0,False,unchanged,not_tested,
RAW-FR-IFOP-03-034,first_round,Hypothèse Jordan Bardella,Ifop,Philippe Poutou,—,,,100.0,100.0,False,unchanged,not_tested,
RAW-FR-IFOP-03-034,first_round,Hypothèse Jordan Bardella,Ifop,Édouard Philippe,21 Philippe,21.0,,100.0,100.0,False,technical_duplicate_excluded,technical_duplicate,repeated HTML colspan cell retained for traceability
RAW-FR-IFOP-03-034,first_round,Hypothèse Jordan Bardella,Ifop,Villepin,—,,,100.0,100.0,False,unchanged,not_tested,
RAW-FR-IFOP-03-034,first_round,Hypothèse Jordan Bardella,Ifop,Autres,—,,,100.0,100.0,False,unchanged,not_tested,
RAW-FR-IFOP-03-035,first_round,Hypothèse Marine Le Pen,Ifop,Philippe Poutou,—,,,100.0,100.0,False,unchanged,not_tested,
RAW-FR-IFOP-03-035,first_round,Hypothèse Marine Le Pen,Ifop,Édouard Philippe,21 Philippe,21.0,,100.0,100.0,False,technical_duplicate_excluded,technical_duplicate,repeated HTML colspan cell retained for traceability
RAW-FR-IFOP-03-035,first_round,Hypothèse Marine Le Pen,Ifop,Villepin,—,,,100.0,100.0,False,unchanged,not_tested,
RAW-FR-IFOP-03-035,first_round,Hypothèse Marine Le Pen,Ifop,Autres,—,,,100.0,100.0,False,unchanged,not_tested,
RAW-FR-HARRIS-INTERACTIVE-03-036,first_round,Hypothèse Gabriel Attal / Marine Le Pen,Harris Interactive,Philippe Poutou,—,,,100.0,100.0,False,unchanged,not_tested,
RAW-FR-HARRIS-INTERACTIVE-03-036,first_round,Hypothèse Gabriel Attal / Marine Le Pen,Harris Interactive,Gabriel Attal,15 Attal,15.0,,100.0,100.0,False,technical_duplicate_excluded,technical_duplicate,repeated HTML colspan cell retained for traceability
RAW-FR-HARRIS-INTERACTIVE-03-036,first_round,Hypothèse Gabriel Attal / Marine Le Pen,Harris Interactive,Villepin,—,,,100.0,100.0,False,unchanged,not_tested,
RAW-FR-HARRIS-INTERACTIVE-03-036,first_round,Hypothèse Gabriel Attal / Marine Le Pen,Harris Interactive,Nicolas Dupont-Aignan,—,,,100.0,100.0,False,unchanged,not_tested,
RAW-FR-HARRIS-INTERACTIVE-03-036,first_round,Hypothèse Gabriel Attal / Marine Le Pen,Harris Interactive,Autres,—,,,100.0,100.0,False,unchanged,not_tested,
RAW-FR-HARRIS-INTERACTIVE-03-037,first_round,Hypothèse Gabriel Attal / Jordan Bardella,Harris Interactive,Philippe Poutou,—,,,100.0,100.0,False,unchanged,not_tested,
RAW-FR-HARRIS-INTERACTIVE-03-037,first_round,Hypothèse Gabriel Attal / Jordan Bardella,Harris Interactive,Gabriel Attal,15 Attal,15.0,,100.0,100.0,False,technical_duplicate_excluded,technical_duplicate,repeated HTML colspan cell retained for traceability
RAW-FR-HARRIS-INTERACTIVE-03-037,first_round,Hypothèse Gabriel Attal / Jordan Bardella,Harris Interactive,Villepin,—,,,100.0,100.0,False,unchanged,not_tested,
RAW-FR-HARRIS-INTERACTIVE-03-037,first_round,Hypothèse Gabriel Attal / Jordan Bardella,Harris Interactive,Nicolas Dupont-Aignan,—,,,100.0,100.0,False,unchanged,not_tested,
RAW-FR-HARRIS-INTERACTIVE-03-037,first_round,Hypothèse Gabriel Attal / Jordan Bardella,Harris Interactive,Autres,—,,,100.0,100.0,False,unchanged,not_tested,
RAW-FR-HARRIS-INTERACTIVE-03-038,first_round,Hypothèse Édouard Philippe / Marine Le Pen,Harris Interactive,Philippe Poutou,—,,,100.0,100.0,False,unchanged,not_tested,
RAW-FR-HARRIS-INTERACTIVE-03-038,first_round,Hypothèse Édouard Philippe / Marine Le Pen,Harris Interactive,Édouard Philippe,21 Philippe,21.0,,100.0,100.0,False,technical_duplicate_excluded,technical_duplicate,repeated HTML colspan cell retained for traceability
RAW-FR-HARRIS-INTERACTIVE-03-038,first_round,Hypothèse Édouard Philippe / Marine Le Pen,Harris Interactive,Villepin,—,,,100.0,100.0,False,unchanged,not_tested,
RAW-FR-HARRIS-INTERACTIVE-03-038,first_round,Hypothèse Édouard Philippe / Marine Le Pen,Harris Interactive,Nicolas Dupont-Aignan,—,,,100.0,100.0,False,unchanged,not_tested,
RAW-FR-HARRIS-INTERACTIVE-03-038,first_round,Hypothèse Édouard Philippe / Marine Le Pen,Harris Interactive,Autres,—,,,100.0,100.0,False,unchanged,not_tested,
RAW-FR-HARRIS-INTERACTIVE-03-039,first_round,Hypothèse Édouard Philippe / Jordan Bardella,Harris Interactive,Philippe Poutou,—,,,100.0,100.0,False,unchanged,not_tested,
RAW-FR-HARRIS-INTERACTIVE-03-039,first_round,Hypothèse Édouard Philippe / Jordan Bardella,Harris Interactive,Édouard Philippe,21 Philippe,21.0,,100.0,100.0,False,technical_duplicate_excluded,technical_duplicate,repeated HTML colspan cell retained for traceability
RAW-FR-HARRIS-INTERACTIVE-03-039,first_round,Hypothèse Édouard Philippe / Jordan Bardella,Harris Interactive,Villepin,—,,,100.0,100.0,False,unchanged,not_tested,
RAW-FR-HARRIS-INTERACTIVE-03-039,first_round,Hypothèse Édouard Philippe / Jordan Bardella,Harris Interactive,Nicolas Dupont-Aignan,—,,,100.0,100.0,False,unchanged,not_tested,
RAW-FR-HARRIS-INTERACTIVE-03-039,first_round,Hypothèse Édouard Philippe / Jordan Bardella,Harris Interactive,Autres,—,,,100.0,100.0,False,unchanged,not_tested,
RAW-FR-IFOP[G]-03-041,first_round,Hypothèse Bruno Retailleau,Ifop[g],Philippe Poutou,—,,,100.0,100.0,False,unchanged,not_tested,
RAW-FR-IFOP[G]-03-041,first_round,Hypothèse Bruno Retailleau,Ifop[g],Édouard Philippe,21 Philippe,21.0,,100.0,100.0,False,technical_duplicate_excluded,technical_duplicate,repeated HTML colspan cell retained for traceability
RAW-FR-IFOP[G]-03-041,first_round,Hypothèse Bruno Retailleau,Ifop[g],Villepin,—,,,100.0,100.0,False,unchanged,not_tested,
RAW-FR-IFOP[G]-03-042,first_round,Hypothèse Laurent Wauquiez,Ifop[g],Philippe Poutou,—,,,100.0,100.0,False,unchanged,not_tested,
RAW-FR-IFOP[G]-03-042,first_round,Hypothèse Laurent Wauquiez,Ifop[g],Édouard Philippe,23 Philippe,23.0,,100.0,100.0,False,technical_duplicate_excluded,technical_duplicate,repeated HTML colspan cell retained for traceability
RAW-FR-IFOP[G]-03-042,first_round,Hypothèse Laurent Wauquiez,Ifop[g],Villepin,—,,,100.0,100.0,False,unchanged,not_tested,
RAW-FR-IFOP[G]-03-043,first_round,Hypothèse Édouard Philippe / Gabriel Attal / Raphaël Glucksmann,Ifop[g],Philippe Poutou,—,,,100.0,100.0,False,unchanged,not_tested,
RAW-FR-IFOP[G]-03-044,first_round,Hypothèse Édouard Philippe / Raphaël Glucksmann / Bruno Retailleau,Ifop[g],Philippe Poutou,—,,,100.0,100.0,False,unchanged,not_tested,
RAW-FR-IFOP[G]-03-044,first_round,Hypothèse Édouard Philippe / Raphaël Glucksmann / Bruno Retailleau,Ifop[g],Édouard Philippe,22 Philippe,22.0,,100.0,100.0,False,technical_duplicate_excluded,technical_duplicate,repeated HTML colspan cell retained for traceability
RAW-FR-IFOP[G]-03-044,first_round,Hypothèse Édouard Philippe / Raphaël Glucksmann / Bruno Retailleau,Ifop[g],Villepin,—,,,100.0,100.0,False,unchanged,not_tested,
RAW-FR-IFOP[G]-03-045,first_round,Hypothèse Édouard Philippe / Raphaël Glucksmann / François Ruffin,Ifop[g],Philippe Poutou,—,,,100.0,100.0,False,unchanged,not_tested,
RAW-FR-IFOP[G]-03-045,first_round,Hypothèse Édouard Philippe / Raphaël Glucksmann / François Ruffin,Ifop[g],Édouard Philippe,24 Philippe,24.0,,100.0,100.0,False,technical_duplicate_excluded,technical_duplicate,repeated HTML colspan cell retained for traceability
RAW-FR-IFOP[G]-03-045,first_round,Hypothèse Édouard Philippe / Raphaël Glucksmann / François Ruffin,Ifop[g],Villepin,—,,,100.0,100.0,False,unchanged,not_tested,
RAW-FR-IFOP[G]-03-046,first_round,Hypothèse Gabriel Attal / Raphaël Glucksmann / Bruno Retailleau,Ifop[g],Philippe Poutou,—,,,100.0,100.0,False,unchanged,not_tested,
RAW-FR-IFOP[G]-03-046,first_round,Hypothèse Gabriel Attal / Raphaël Glucksmann / Bruno Retailleau,Ifop[g],Gabriel Attal,14 Attal,14.0,,100.0,100.0,False,technical_duplicate_excluded,technical_duplicate,repeated HTML colspan cell retained for traceability
RAW-FR-IFOP[G]-03-046,first_round,Hypothèse Gabriel Attal / Raphaël Glucksmann / Bruno Retailleau,Ifop[g],Villepin,—,,,100.0,100.0,False,unchanged,not_tested,
RAW-FR-IFOP[G]-03-047,first_round,Hypothèse Édouard Philippe / Raphaël Glucksmann / Bruno Retailleau,Ifop[g],Philippe Poutou,—,,,100.0,100.0,False,unchanged,not_tested,
RAW-FR-IFOP[G]-03-047,first_round,Hypothèse Édouard Philippe / Raphaël Glucksmann / Bruno Retailleau,Ifop[g],Fabien Roussel,—,,,100.0,100.0,False,unchanged,not_tested,
RAW-FR-IFOP[G]-03-047,first_round,Hypothèse Édouard Philippe / Raphaël Glucksmann / Bruno Retailleau,Ifop[g],Marine Tondelier,—,,,100.0,100.0,False,unchanged,not_tested,
RAW-FR-IFOP[G]-03-047,first_round,Hypothèse Édouard Philippe / Raphaël Glucksmann / Bruno Retailleau,Ifop[g],Édouard Philippe,22 Philippe,22.0,,100.0,100.0,False,technical_duplicate_excluded,technical_duplicate,repeated HTML colspan cell retained for traceability
RAW-FR-IFOP[G]-03-047,first_round,Hypothèse Édouard Philippe / Raphaël Glucksmann / Bruno Retailleau,Ifop[g],Villepin,—,,,100.0,100.0,False,unchanged,not_tested,
RAW-FR-IFOP[G]-03-047,first_round,Hypothèse Édouard Philippe / Raphaël Glucksmann / Bruno Retailleau,Ifop[g],Autres,—,,,100.0,100.0,False,unchanged,not_tested,
RAW-FR-IFOP[G]-03-048,first_round,Hypothèse Édouard Philippe / Bruno Retailleau / François Ruffin,Ifop[g],Philippe Poutou,—,,,100.0,100.0,False,unchanged,not_tested,
RAW-FR-IFOP[G]-03-048,first_round,Hypothèse Édouard Philippe / Bruno Retailleau / François Ruffin,Ifop[g],Fabien Roussel,—,,,100.0,100.0,False,unchanged,not_tested,
RAW-FR-IFOP[G]-03-048,first_round,Hypothèse Édouard Philippe / Bruno Retailleau / François Ruffin,Ifop[g],Marine Tondelier,—,,,100.0,100.0,False,unchanged,not_tested,
RAW-FR-IFOP[G]-03-048,first_round,Hypothèse Édouard Philippe / Bruno Retailleau / François Ruffin,Ifop[g],Candidat PS / PP,—,,,100.0,100.0,False,unchanged,not_tested,
RAW-FR-IFOP[G]-03-048,first_round,Hypothèse Édouard Philippe / Bruno Retailleau / François Ruffin,Ifop[g],Édouard Philippe,26 Philippe,26.0,,100.0,100.0,False,technical_duplicate_excluded,technical_duplicate,repeated HTML colspan cell retained for traceability
RAW-FR-IFOP[G]-03-048,first_round,Hypothèse Édouard Philippe / Bruno Retailleau / François Ruffin,Ifop[g],Villepin,—,,,100.0,100.0,False,unchanged,not_tested,
RAW-FR-HARRIS[H]-03-049,first_round,Hypothèse Fabien Roussel,Harris[h],Philippe Poutou,—,,,100.0,100.0,False,unchanged,not_tested,
RAW-FR-HARRIS[H]-03-049,first_round,Hypothèse Fabien Roussel,Harris[h],Fabien Roussel,26[i],26.0,,100.0,100.0,False,technical_duplicate_excluded,technical_duplicate,repeated HTML colspan cell retained for traceability
RAW-FR-HARRIS[H]-03-049,first_round,Hypothèse Fabien Roussel,Harris[h],Marine Tondelier,26[i],26.0,,100.0,100.0,False,technical_duplicate_excluded,technical_duplicate,repeated HTML colspan cell retained for traceability
RAW-FR-HARRIS[H]-03-049,first_round,Hypothèse Fabien Roussel,Harris[h],Candidat PS / PP,26[i],26.0,,100.0,100.0,False,technical_duplicate_excluded,technical_duplicate,repeated HTML colspan cell retained for traceability
RAW-FR-HARRIS[H]-03-049,first_round,Hypothèse Fabien Roussel,Harris[h],Candidat EPR,19,19.0,,100.0,100.0,False,technical_duplicate_excluded,technical_duplicate,repeated HTML colspan cell retained for traceability
RAW-FR-HARRIS[H]-03-049,first_round,Hypothèse Fabien Roussel,Harris[h],Villepin,—,,,100.0,100.0,False,unchanged,not_tested,
RAW-FR-HARRIS[H]-03-050,first_round,Hypothèse Jean-Luc Mélenchon,Harris[h],Philippe Poutou,—,,,100.0,100.0,False,unchanged,not_tested,
RAW-FR-HARRIS[H]-03-050,first_round,Hypothèse Jean-Luc Mélenchon,Harris[h],Marine Tondelier,20[i],20.0,,100.0,100.0,False,technical_duplicate_excluded,technical_duplicate,repeated HTML colspan cell retained for traceability
RAW-FR-HARRIS[H]-03-050,first_round,Hypothèse Jean-Luc Mélenchon,Harris[h],Candidat PS / PP,20[i],20.0,,100.0,100.0,False,technical_duplicate_excluded,technical_duplicate,repeated HTML colspan cell retained for traceability
RAW-FR-HARRIS[H]-03-050,first_round,Hypothèse Jean-Luc Mélenchon,Harris[h],Candidat EPR,18,18.0,,100.0,100.0,False,technical_duplicate_excluded,technical_duplicate,repeated HTML colspan cell retained for traceability
RAW-FR-HARRIS[H]-03-050,first_round,Hypothèse Jean-Luc Mélenchon,Harris[h],Villepin,—,,,100.0,100.0,False,unchanged,not_tested,
RAW-FR-HARRIS[H]-03-051,first_round,Hypothèse Fabien Roussel,Harris[h],Philippe Poutou,—,,,100.0,100.0,False,unchanged,not_tested,
RAW-FR-HARRIS[H]-03-051,first_round,Hypothèse Fabien Roussel,Harris[h],Fabien Roussel,16[k],16.0,,100.0,100.0,False,technical_duplicate_excluded,technical_duplicate,repeated HTML colspan cell retained for traceability
RAW-FR-HARRIS[H]-03-051,first_round,Hypothèse Fabien Roussel,Harris[h],Marine Tondelier,16[k],16.0,,100.0,100.0,False,technical_duplicate_excluded,technical_duplicate,repeated HTML colspan cell retained for traceability
RAW-FR-HARRIS[H]-03-051,first_round,Hypothèse Fabien Roussel,Harris[h],Candidat EPR,17,17.0,,100.0,100.0,False,technical_duplicate_excluded,technical_duplicate,repeated HTML colspan cell retained for traceability
RAW-FR-HARRIS[H]-03-051,first_round,Hypothèse Fabien Roussel,Harris[h],Villepin,—,,,100.0,100.0,False,unchanged,not_tested,
RAW-FR-ODOXA-03-052,first_round,Hypothèse Jordan Bardella,Odoxa,Édouard Philippe,20 Philippe,20.0,,100.0,100.0,False,technical_duplicate_excluded,technical_duplicate,repeated HTML colspan cell retained for traceability
RAW-FR-ODOXA-03-052,first_round,Hypothèse Jordan Bardella,Odoxa,Villepin,—,,,100.0,100.0,False,unchanged,not_tested,
RAW-FR-ODOXA-03-052,first_round,Hypothèse Jordan Bardella,Odoxa,Autres,—,,,100.0,100.0,False,unchanged,not_tested,
RAW-FR-ODOXA-03-053,first_round,Hypothèse Marine Le Pen,Odoxa,Édouard Philippe,"20,5 Philippe",20.5,,100.0,100.0,False,technical_duplicate_excluded,technical_duplicate,repeated HTML colspan cell retained for traceability
RAW-FR-ODOXA-03-053,first_round,Hypothèse Marine Le Pen,Odoxa,Villepin,—,,,100.0,100.0,False,unchanged,not_tested,
RAW-FR-ODOXA-03-053,first_round,Hypothèse Marine Le Pen,Odoxa,Autres,—,,,100.0,100.0,False,unchanged,not_tested,
RAW-FR-ELABE-03-055,first_round,Hypothèse Gabriel Attal / Jordan Bardella / Olivier Faure,Elabe,Gabriel Attal,18 Attal,18.0,,100.0,100.0,False,technical_duplicate_excluded,technical_duplicate,repeated HTML colspan cell retained for traceability
RAW-FR-ELABE-03-055,first_round,Hypothèse Gabriel Attal / Jordan Bardella / Olivier Faure,Elabe,Autres,—,,,100.0,100.0,False,unchanged,not_tested,
RAW-FR-ELABE-03-056,first_round,Hypothèse Édouard Philippe / Jordan Bardella / Raphaël Glucksmann,Elabe,Édouard Philippe,"20,5 Philippe",20.5,,100.0,100.0,False,technical_duplicate_excluded,technical_duplicate,repeated HTML colspan cell retained for traceability
RAW-FR-ELABE-03-056,first_round,Hypothèse Édouard Philippe / Jordan Bardella / Raphaël Glucksmann,Elabe,Autres,—,,,100.0,100.0,False,unchanged,not_tested,
RAW-FR-ELABE-03-057,first_round,Hypothèse Édouard Philippe / Jordan Bardella / Bruno Retailleau,Elabe,Édouard Philippe,23 Philippe,23.0,,100.0,100.0,False,technical_duplicate_excluded,technical_duplicate,repeated HTML colspan cell retained for traceability
RAW-FR-ELABE-03-057,first_round,Hypothèse Édouard Philippe / Jordan Bardella / Bruno Retailleau,Elabe,Villepin,—,,,100.0,100.0,False,unchanged,not_tested,
RAW-FR-ELABE-03-057,first_round,Hypothèse Édouard Philippe / Jordan Bardella / Bruno Retailleau,Elabe,Autres,—,,,100.0,100.0,False,unchanged,not_tested,
RAW-FR-ELABE-03-058,first_round,Hypothèse Gabriel Attal / Marine Le Pen / Bruno Retailleau,Elabe,Gabriel Attal,18 Attal,18.0,,100.0,100.0,False,technical_duplicate_excluded,technical_duplicate,repeated HTML colspan cell retained for traceability
RAW-FR-ELABE-03-058,first_round,Hypothèse Gabriel Attal / Marine Le Pen / Bruno Retailleau,Elabe,Villepin,—,,,100.0,100.0,False,unchanged,not_tested,
RAW-FR-ELABE-03-058,first_round,Hypothèse Gabriel Attal / Marine Le Pen / Bruno Retailleau,Elabe,Autres,—,,,100.0,100.0,False,unchanged,not_tested,
RAW-FR-ELABE-03-059,first_round,Hypothèse Édouard Philippe / Marine Le Pen / Raphaël Glucksmann,Elabe,Édouard Philippe,24 Philippe,24.0,,100.0,100.0,False,technical_duplicate_excluded,technical_duplicate,repeated HTML colspan cell retained for traceability
RAW-FR-ELABE-03-059,first_round,Hypothèse Édouard Philippe / Marine Le Pen / Raphaël Glucksmann,Elabe,Villepin,—,,,100.0,100.0,False,unchanged,not_tested,
RAW-FR-ELABE-03-059,first_round,Hypothèse Édouard Philippe / Marine Le Pen / Raphaël Glucksmann,Elabe,Autres,—,,,100.0,100.0,False,unchanged,not_tested,
RAW-FR-ELABE-03-060,first_round,Hypothèse Édouard Philippe / Marine Le Pen / Bruno Retailleau,Elabe,Édouard Philippe,"23,5 Philippe",23.5,,100.0,100.0,False,technical_duplicate_excluded,technical_duplicate,repeated HTML colspan cell retained for traceability
RAW-FR-ELABE-03-060,first_round,Hypothèse Édouard Philippe / Marine Le Pen / Bruno Retailleau,Elabe,Villepin,—,,,100.0,100.0,False,unchanged,not_tested,
RAW-FR-ELABE-03-060,first_round,Hypothèse Édouard Philippe / Marine Le Pen / Bruno Retailleau,Elabe,Autres,—,,,100.0,100.0,False,unchanged,not_tested,
RAW-FR-HARRIS-INTERACTIVE-03-061,first_round,Hypothèse Laurent Wauquiez,Harris Interactive,Édouard Philippe,25 Philippe,25.0,,100.0,100.0,False,technical_duplicate_excluded,technical_duplicate,repeated HTML colspan cell retained for traceability
RAW-FR-HARRIS-INTERACTIVE-03-061,first_round,Hypothèse Laurent Wauquiez,Harris Interactive,Villepin,—,,,100.0,100.0,False,unchanged,not_tested,
RAW-FR-HARRIS-INTERACTIVE-03-061,first_round,Hypothèse Laurent Wauquiez,Harris Interactive,Autres,—,,,100.0,100.0,False,unchanged,not_tested,
RAW-FR-HARRIS-INTERACTIVE-03-062,first_round,Hypothèse Bruno Retailleau,Harris Interactive,Édouard Philippe,23 Philippe,23.0,,100.0,100.0,False,technical_duplicate_excluded,technical_duplicate,repeated HTML colspan cell retained for traceability
RAW-FR-HARRIS-INTERACTIVE-03-062,first_round,Hypothèse Bruno Retailleau,Harris Interactive,Villepin,—,,,100.0,100.0,False,unchanged,not_tested,
RAW-FR-HARRIS-INTERACTIVE-03-062,first_round,Hypothèse Bruno Retailleau,Harris Interactive,Autres,—,,,100.0,100.0,False,unchanged,not_tested,
RAW-FR-IFOP-03-064,first_round,Hypothèse Édouard Philippe / Bruno Retailleau / Olivier Faure,Ifop,Édouard Philippe,21 Philippe,21.0,,100.0,100.0,False,technical_duplicate_excluded,technical_duplicate,repeated HTML colspan cell retained for traceability
RAW-FR-IFOP-03-064,first_round,Hypothèse Édouard Philippe / Bruno Retailleau / Olivier Faure,Ifop,Villepin,—,,,100.0,100.0,False,unchanged,not_tested,
RAW-FR-IFOP-03-064,first_round,Hypothèse Édouard Philippe / Bruno Retailleau / Olivier Faure,Ifop,Autres,—,,,100.0,100.0,False,unchanged,not_tested,
RAW-FR-IFOP-03-065,first_round,Hypothèse Édouard Philippe / Raphaël Glucksmann / Laurent Wauquiez,Ifop,Édouard Philippe,20 Philippe,20.0,,100.0,100.0,False,technical_duplicate_excluded,technical_duplicate,repeated HTML colspan cell retained for traceability
RAW-FR-IFOP-03-065,first_round,Hypothèse Édouard Philippe / Raphaël Glucksmann / Laurent Wauquiez,Ifop,Villepin,—,,,100.0,100.0,False,unchanged,not_tested,
RAW-FR-IFOP-03-065,first_round,Hypothèse Édouard Philippe / Raphaël Glucksmann / Laurent Wauquiez,Ifop,Autres,—,,,100.0,100.0,False,unchanged,not_tested,
RAW-FR-IFOP-03-066,first_round,Hypothèse Édouard Philippe / Olivier Faure / Laurent Wauquiez,Ifop,Édouard Philippe,25 Philippe,25.0,,100.0,100.0,False,technical_duplicate_excluded,technical_duplicate,repeated HTML colspan cell retained for traceability
RAW-FR-IFOP-03-066,first_round,Hypothèse Édouard Philippe / Olivier Faure / Laurent Wauquiez,Ifop,Villepin,—,,,100.0,100.0,False,unchanged,not_tested,
RAW-FR-IFOP-03-066,first_round,Hypothèse Édouard Philippe / Olivier Faure / Laurent Wauquiez,Ifop,Autres,—,,,100.0,100.0,False,unchanged,not_tested,
RAW-FR-IFOP-03-067,first_round,Hypothèse Gabriel Attal / Olivier Faure / Laurent Wauquiez,Ifop,Gabriel Attal,20 Attal,20.0,,100.0,100.0,False,technical_duplicate_excluded,technical_duplicate,repeated HTML colspan cell retained for traceability
RAW-FR-IFOP-03-067,first_round,Hypothèse Gabriel Attal / Olivier Faure / Laurent Wauquiez,Ifop,Villepin,—,,,100.0,100.0,False,unchanged,not_tested,
RAW-FR-IFOP-03-067,first_round,Hypothèse Gabriel Attal / Olivier Faure / Laurent Wauquiez,Ifop,Autres,—,,,100.0,100.0,False,unchanged,not_tested,
RAW-FR-IFOP-04-004,first_round,Hypothèse Gabriel Attal / Marine Le Pen / Olivier Faure,Ifop,Gabriel Attal,20 Attal,20.0,,100.0,100.0,False,technical_duplicate_excluded,technical_duplicate,repeated HTML colspan cell retained for traceability
RAW-FR-IFOP-04-005,first_round,Hypothèse Édouard Philippe / Marine Le Pen / Olivier Faure,Ifop,Édouard Philippe,25 Philippe,25.0,,100.0,100.0,False,technical_duplicate_excluded,technical_duplicate,repeated HTML colspan cell retained for traceability
RAW-FR-IFOP-04-006,first_round,Hypothèse Édouard Philippe / Marine Le Pen / François Hollande,Ifop,Édouard Philippe,24 Philippe,24.0,,100.0,100.0,False,technical_duplicate_excluded,technical_duplicate,repeated HTML colspan cell retained for traceability
RAW-FR-IFOP-04-007,first_round,Hypothèse Édouard Philippe / Jordan Bardella / Olivier Faure,Ifop,Édouard Philippe,26 Philippe,26.0,,100.0,100.0,False,technical_duplicate_excluded,technical_duplicate,repeated HTML colspan cell retained for traceability
RAW-FR-OPINIONWAY-04-008,first_round,Hypothèse Marine Le Pen / Raphaël Glucksmann / Laurent Wauquiez,OpinionWay,Arlette Arthaud,<1,,,100.0,100.0,False,unchanged,bounded_estimate,
RAW-FR-OPINIONWAY-04-008,first_round,Hypothèse Marine Le Pen / Raphaël Glucksmann / Laurent Wauquiez,OpinionWay,Philippe Poutou,<1,,,100.0,100.0,False,unchanged,bounded_estimate,
RAW-FR-OPINIONWAY-04-008,first_round,Hypothèse Marine Le Pen / Raphaël Glucksmann / Laurent Wauquiez,OpinionWay,Édouard Philippe,26 Philippe,26.0,,100.0,100.0,False,technical_duplicate_excluded,technical_duplicate,repeated HTML colspan cell retained for traceability
RAW-FR-OPINIONWAY-04-008,first_round,Hypothèse Marine Le Pen / Raphaël Glucksmann / Laurent Wauquiez,OpinionWay,Jean Lassalle,—,,,100.0,100.0,False,unchanged,not_tested,
RAW-FR-OPINIONWAY-04-008,first_round,Hypothèse Marine Le Pen / Raphaël Glucksmann / Laurent Wauquiez,OpinionWay,Nicolas Dupont-Aignan,—,,,100.0,100.0,False,unchanged,not_tested,
RAW-FR-OPINIONWAY-04-009,first_round,Hypothèse Marine Le Pen / Marine Tondelier / Olivier Faure,OpinionWay,Fabien Roussel,—,,,100.0,100.0,False,unchanged,not_tested,
RAW-FR-OPINIONWAY-04-009,first_round,Hypothèse Marine Le Pen / Marine Tondelier / Olivier Faure,OpinionWay,Olivier Faure,—,,,100.0,100.0,False,unchanged,not_tested,
RAW-FR-OPINIONWAY-04-009,first_round,Hypothèse Marine Le Pen / Marine Tondelier / Olivier Faure,OpinionWay,Marine Tondelier,—,,,100.0,100.0,False,unchanged,not_tested,
RAW-FR-OPINIONWAY-04-009,first_round,Hypothèse Marine Le Pen / Marine Tondelier / Olivier Faure,OpinionWay,Édouard Philippe,31 Philippe,31.0,,100.0,100.0,False,technical_duplicate_excluded,technical_duplicate,repeated HTML colspan cell retained for traceability
RAW-FR-OPINIONWAY-04-009,first_round,Hypothèse Marine Le Pen / Marine Tondelier / Olivier Faure,OpinionWay,Jean Lassalle,—,,,100.0,100.0,False,unchanged,not_tested,
RAW-FR-OPINIONWAY-04-009,first_round,Hypothèse Marine Le Pen / Marine Tondelier / Olivier Faure,OpinionWay,Nicolas Dupont-Aignan,—,,,100.0,100.0,False,unchanged,not_tested,
RAW-FR-OPINIONWAY-04-010,first_round,Hypothèse Gabriel Attal / Marine Le Pen / Raphaël Glucksmann,OpinionWay,Arlette Arthaud,<1,,,100.0,100.0,False,unchanged,bounded_estimate,
RAW-FR-OPINIONWAY-04-010,first_round,Hypothèse Gabriel Attal / Marine Le Pen / Raphaël Glucksmann,OpinionWay,Philippe Poutou,<1,,,100.0,100.0,False,unchanged,bounded_estimate,
RAW-FR-OPINIONWAY-04-010,first_round,Hypothèse Gabriel Attal / Marine Le Pen / Raphaël Glucksmann,OpinionWay,Jean Lassalle,—,,,100.0,100.0,False,unchanged,not_tested,
RAW-FR-OPINIONWAY-04-010,first_round,Hypothèse Gabriel Attal / Marine Le Pen / Raphaël Glucksmann,OpinionWay,Nicolas Dupont-Aignan,—,,,100.0,100.0,False,unchanged,not_tested,
RAW-FR-OPINIONWAY-04-011,first_round,Hypothèse Gabriel Attal / Marine Le Pen / Marine Tondelier,OpinionWay,Fabien Roussel,—,,,100.0,100.0,False,unchanged,not_tested,
RAW-FR-OPINIONWAY-04-011,first_round,Hypothèse Gabriel Attal / Marine Le Pen / Marine Tondelier,OpinionWay,Olivier Faure,—,,,100.0,100.0,False,unchanged,not_tested,
RAW-FR-OPINIONWAY-04-011,first_round,Hypothèse Gabriel Attal / Marine Le Pen / Marine Tondelier,OpinionWay,Marine Tondelier,—,,,100.0,100.0,False,unchanged,not_tested,
RAW-FR-OPINIONWAY-04-011,first_round,Hypothèse Gabriel Attal / Marine Le Pen / Marine Tondelier,OpinionWay,Jean Lassalle,—,,,100.0,100.0,False,unchanged,not_tested,
RAW-FR-OPINIONWAY-04-011,first_round,Hypothèse Gabriel Attal / Marine Le Pen / Marine Tondelier,OpinionWay,Nicolas Dupont-Aignan,—,,,100.0,100.0,False,unchanged,not_tested,
RAW-FR-OPINIONWAY-04-012,first_round,Hypothèse Jordan Bardella / Raphaël Glucksmann / Laurent Wauquiez,OpinionWay,Arlette Arthaud,<1,,,100.0,100.0,False,unchanged,bounded_estimate,
RAW-FR-OPINIONWAY-04-012,first_round,Hypothèse Jordan Bardella / Raphaël Glucksmann / Laurent Wauquiez,OpinionWay,Philippe Poutou,<1,,,100.0,100.0,False,unchanged,bounded_estimate,
RAW-FR-OPINIONWAY-04-012,first_round,Hypothèse Jordan Bardella / Raphaël Glucksmann / Laurent Wauquiez,OpinionWay,Édouard Philippe,28 Philippe,28.0,,100.0,100.0,False,technical_duplicate_excluded,technical_duplicate,repeated HTML colspan cell retained for traceability
RAW-FR-OPINIONWAY-04-012,first_round,Hypothèse Jordan Bardella / Raphaël Glucksmann / Laurent Wauquiez,OpinionWay,Jean Lassalle,—,,,100.0,100.0,False,unchanged,not_tested,
RAW-FR-OPINIONWAY-04-012,first_round,Hypothèse Jordan Bardella / Raphaël Glucksmann / Laurent Wauquiez,OpinionWay,Nicolas Dupont-Aignan,—,,,100.0,100.0,False,unchanged,not_tested,
RAW-FR-OPINIONWAY-04-013,first_round,Hypothèse Marine Le Pen / Raphaël Glucksmann / Barnier,OpinionWay,Arlette Arthaud,<1,,,100.0,100.0,False,unchanged,bounded_estimate,
RAW-FR-OPINIONWAY-04-013,first_round,Hypothèse Marine Le Pen / Raphaël Glucksmann / Barnier,OpinionWay,Philippe Poutou,<1,,,100.0,100.0,False,unchanged,bounded_estimate,
RAW-FR-OPINIONWAY-04-013,first_round,Hypothèse Marine Le Pen / Raphaël Glucksmann / Barnier,OpinionWay,Édouard Philippe,27 Philippe,27.0,,100.0,100.0,False,technical_duplicate_excluded,technical_duplicate,repeated HTML colspan cell retained for traceability
RAW-FR-OPINIONWAY-04-013,first_round,Hypothèse Marine Le Pen / Raphaël Glucksmann / Barnier,OpinionWay,Jean Lassalle,—,,,100.0,100.0,False,unchanged,not_tested,
RAW-FR-OPINIONWAY-04-013,first_round,Hypothèse Marine Le Pen / Raphaël Glucksmann / Barnier,OpinionWay,Nicolas Dupont-Aignan,—,,,100.0,100.0,False,unchanged,not_tested,
RAW-FR-IFOP-04-014,first_round,Hypothèse Gabriel Attal / François Hollande,Ifop,Gabriel Attal,22 Attal,22.0,,100.0,100.0,False,technical_duplicate_excluded,technical_duplicate,repeated HTML colspan cell retained for traceability
RAW-FR-IFOP-04-015,first_round,Hypothèse Gabriel Attal / Olivier Faure,Ifop,Gabriel Attal,24 Attal,24.0,,100.0,100.0,False,technical_duplicate_excluded,technical_duplicate,repeated HTML colspan cell retained for traceability
RAW-FR-IFOP-04-016,first_round,Hypothèse Édouard Philippe / François Hollande,Ifop,Édouard Philippe,26 Philippe,26.0,,100.0,100.0,False,technical_duplicate_excluded,technical_duplicate,repeated HTML colspan cell retained for traceability
RAW-FR-IFOP-04-017,first_round,Hypothèse Édouard Philippe / Olivier Faure,Ifop,Édouard Philippe,27 Philippe,27.0,,100.0,100.0,False,technical_duplicate_excluded,technical_duplicate,repeated HTML colspan cell retained for traceability
RAW-FR-HARRIS-INTERACTIVE-04-018,first_round,Hypothèse Gabriel Attal / Raphaël Glucksmann,Harris-Interactive,Gabriel Attal,20 Attal,20.0,,100.0,100.0,False,technical_duplicate_excluded,technical_duplicate,repeated HTML colspan cell retained for traceability
RAW-FR-HARRIS-INTERACTIVE-04-018,first_round,Hypothèse Gabriel Attal / Raphaël Glucksmann,Harris-Interactive,Jean Lassalle,—,,,100.0,100.0,False,unchanged,not_tested,
RAW-FR-HARRIS-INTERACTIVE-04-019,first_round,Hypothèse Édouard Philippe / Raphaël Glucksmann,Harris-Interactive,Édouard Philippe,22 Philippe,22.0,,100.0,100.0,False,technical_duplicate_excluded,technical_duplicate,repeated HTML colspan cell retained for traceability
RAW-FR-HARRIS-INTERACTIVE-04-019,first_round,Hypothèse Édouard Philippe / Raphaël Glucksmann,Harris-Interactive,Jean Lassalle,—,,,100.0,100.0,False,unchanged,not_tested,
RAW-FR-HARRIS-INTERACTIVE-04-020,first_round,Hypothèse Gabriel Attal / Olivier Faure,Harris-Interactive,Gabriel Attal,23 Attal,23.0,,100.0,100.0,False,technical_duplicate_excluded,technical_duplicate,repeated HTML colspan cell retained for traceability
RAW-FR-HARRIS-INTERACTIVE-04-020,first_round,Hypothèse Gabriel Attal / Olivier Faure,Harris-Interactive,Jean Lassalle,—,,,100.0,100.0,False,unchanged,not_tested,
RAW-FR-HARRIS-INTERACTIVE-04-021,first_round,Hypothèse Édouard Philippe / Olivier Faure,Harris-Interactive,Édouard Philippe,24 Philippe,24.0,,100.0,100.0,False,technical_duplicate_excluded,technical_duplicate,repeated HTML colspan cell retained for traceability
RAW-FR-HARRIS-INTERACTIVE-04-021,first_round,Hypothèse Édouard Philippe / Olivier Faure,Harris-Interactive,Jean Lassalle,—,,,100.0,100.0,False,unchanged,not_tested,
RAW-FR-IFOP-04-022,first_round,Hypothèse Gabriel Attal / Marine Le Pen / Jean-Luc Mélenchon,Ifop,Gabriel Attal,20 Attal,20.0,,100.0,100.0,False,technical_duplicate_excluded,technical_duplicate,repeated HTML colspan cell retained for traceability
RAW-FR-IFOP-04-023,first_round,Hypothèse Édouard Philippe / Marine Le Pen / Jean-Luc Mélenchon,Ifop,Édouard Philippe,24 Philippe,24.0,,100.0,100.0,False,technical_duplicate_excluded,technical_duplicate,repeated HTML colspan cell retained for traceability
RAW-FR-IFOP-04-024,first_round,Hypothèse Marine Le Pen / Jean-Luc Mélenchon / Olivier Faure,Ifop,Le Maire,14 Le Maire,14.0,,100.0,100.0,False,technical_duplicate_excluded,technical_duplicate,repeated HTML colspan cell retained for traceability
RAW-FR-IFOP-04-025,first_round,Hypothèse Marine Le Pen / Jean-Luc Mélenchon / Olivier Faure,Ifop,Gérald Darmanin,12 Darmanin,12.0,,100.0,100.0,False,technical_duplicate_excluded,technical_duplicate,repeated HTML colspan cell retained for traceability
RAW-FR-IFOP-04-026,first_round,Hypothèse Édouard Philippe / Marine Le Pen / François Ruffin,Ifop,Édouard Philippe,25 Philippe,25.0,,99.0,99.0,False,technical_duplicate_excluded,technical_duplicate,repeated HTML colspan cell retained for traceability
RAW-FR-IFOP-04-027,first_round,Hypothèse Édouard Philippe / Marine Le Pen / Jean-Luc Mélenchon,Ifop,Marine Tondelier,—,,,100.0,100.0,False,unchanged,not_tested,
RAW-FR-IFOP-04-027,first_round,Hypothèse Édouard Philippe / Marine Le Pen / Jean-Luc Mélenchon,Ifop,Édouard Philippe,24 Philippe,24.0,,100.0,100.0,False,technical_duplicate_excluded,technical_duplicate,repeated HTML colspan cell retained for traceability
RAW-FR-IFOP-04-028,first_round,Hypothèse Édouard Philippe / Marine Le Pen / Jean-Luc Mélenchon,Ifop,Édouard Philippe,24 Philippe,24.0,,100.0,100.0,False,technical_duplicate_excluded,technical_duplicate,repeated HTML colspan cell retained for traceability
RAW-FR-IFOP-04-029,first_round,Hypothèse Gabriel Attal / Jordan Bardella / Jean-Luc Mélenchon,Ifop,Gabriel Attal,22 Attal,22.0,,100.0,100.0,False,technical_duplicate_excluded,technical_duplicate,repeated HTML colspan cell retained for traceability
RAW-FR-IFOP-04-030,first_round,Hypothèse Édouard Philippe / Jordan Bardella / Jean-Luc Mélenchon,Ifop,Édouard Philippe,26 Philippe,26.0,,100.0,100.0,False,technical_duplicate_excluded,technical_duplicate,repeated HTML colspan cell retained for traceability
RAW-FR-CLUSTER17[N]-04-031,first_round,Hypothèse François Ruffin,Cluster17[n],Arlette Arthaud,—,,,100.0,100.0,False,unchanged,not_tested,
RAW-FR-CLUSTER17[N]-04-031,first_round,Hypothèse François Ruffin,Cluster17[n],François Ruffin,29 Ruffin,29.0,,100.0,100.0,False,technical_duplicate_excluded,technical_duplicate,repeated HTML colspan cell retained for traceability
RAW-FR-CLUSTER17[N]-04-031,first_round,Hypothèse François Ruffin,Cluster17[n],Édouard Philippe,25 Philippe,25.0,,100.0,100.0,False,technical_duplicate_excluded,technical_duplicate,repeated HTML colspan cell retained for traceability
RAW-FR-CLUSTER17[N]-04-031,first_round,Hypothèse François Ruffin,Cluster17[n],Jean Lassalle,—,,,100.0,100.0,False,unchanged,not_tested,
RAW-FR-CLUSTER17[N]-04-032,first_round,Hypothèse Jean-Luc Mélenchon,Cluster17[n],Arlette Arthaud,—,,,100.0,100.0,False,unchanged,not_tested,
RAW-FR-CLUSTER17[N]-04-032,first_round,Hypothèse Jean-Luc Mélenchon,Cluster17[n],Jean-Luc Mélenchon,18 Mélenchon,18.0,,100.0,100.0,False,technical_duplicate_excluded,technical_duplicate,repeated HTML colspan cell retained for traceability
RAW-FR-CLUSTER17[N]-04-032,first_round,Hypothèse Jean-Luc Mélenchon,Cluster17[n],Édouard Philippe,31 Philippe,31.0,,100.0,100.0,False,technical_duplicate_excluded,technical_duplicate,repeated HTML colspan cell retained for traceability
RAW-FR-CLUSTER17[N]-04-032,first_round,Hypothèse Jean-Luc Mélenchon,Cluster17[n],Jean Lassalle,—,,,100.0,100.0,False,unchanged,not_tested,
RAW-FR-IFOP-04-033,first_round,Hypothèse Gabriel Attal,Ifop,Gabriel Attal,22 Attal,22.0,,100.0,100.0,False,technical_duplicate_excluded,technical_duplicate,repeated HTML colspan cell retained for traceability
RAW-FR-IFOP-04-034,first_round,Hypothèse Édouard Philippe,Ifop,Édouard Philippe,22 Philippe,22.0,,100.0,100.0,False,technical_duplicate_excluded,technical_duplicate,repeated HTML colspan cell retained for traceability
RAW-FR-IFOP-04-035,first_round,Hypothèse Gabriel Attal / Jordan Bardella,Ifop,Gabriel Attal,24 Attal,24.0,,100.0,100.0,False,technical_duplicate_excluded,technical_duplicate,repeated HTML colspan cell retained for traceability
RAW-FR-IFOP-04-036,first_round,Hypothèse Édouard Philippe / Jordan Bardella,Ifop,Édouard Philippe,26 Philippe,26.0,,100.0,100.0,False,technical_duplicate_excluded,technical_duplicate,repeated HTML colspan cell retained for traceability
RAW-FR-IFOP-04-037,first_round,Hypothèse Gabriel Attal / Marine Le Pen,Ifop,Gabriel Attal,23 Attal,23.0,,100.0,100.0,False,technical_duplicate_excluded,technical_duplicate,repeated HTML colspan cell retained for traceability
RAW-FR-IFOP-04-038,first_round,Hypothèse Édouard Philippe / Marine Le Pen,Ifop,Édouard Philippe,25 Philippe,25.0,,100.0,100.0,False,technical_duplicate_excluded,technical_duplicate,repeated HTML colspan cell retained for traceability
RAW-FR-HARRIS-INTERACTIVE-05-009,first_round,Hypothèse Édouard Philippe,Harris Interactive,Jean Lassalle,—,,,100.0,100.0,False,unchanged,not_tested,
RAW-FR-HARRIS-INTERACTIVE-05-010,first_round,Hypothèse Le Maire,Harris Interactive,Jean Lassalle,—,,,100.0,100.0,False,unchanged,not_tested,
RAW-FR-HARRIS-INTERACTIVE-05-011,first_round,Hypothèse Gérald Darmanin,Harris Interactive,Jean Lassalle,—,,,100.0,100.0,False,unchanged,not_tested,
RAW-FR-HARRIS-INTERACTIVE-05-012,first_round,Hypothèse Gabriel Attal,Harris Interactive,Jean Lassalle,—,,,100.0,100.0,False,unchanged,not_tested,
RAW-FR-HARRIS-INTERACTIVE-05-013,first_round,Hypothèse Borne,Harris Interactive,Jean Lassalle,—,,,100.0,100.0,False,unchanged,not_tested,
RAW-FR-HARRIS-INTERACTIVE-05-014,first_round,Hypothèse Castex,Harris Interactive,Jean Lassalle,—,,,100.0,100.0,False,unchanged,not_tested,
RAW-FR-HARRIS-INTERACTIVE-05-015,first_round,Hypothèse François Bayrou,Harris Interactive,Jean Lassalle,—,,,100.0,100.0,False,unchanged,not_tested,
RAW-FR-HARRIS-INTERACTIVE-05-016,first_round,Hypothèse Braun-Pivet,Harris Interactive,Jean Lassalle,—,,,100.0,100.0,False,unchanged,not_tested,
RAW-FR-OPINIONWAY-05-017,first_round,Scénario Édouard Philippe / Jordan Bardella / Jean-Luc Mélenchon,OpinionWay,Fabien Roussel,—,,,100.0,100.0,False,unchanged,not_tested,
RAW-FR-OPINIONWAY-05-017,first_round,Scénario Édouard Philippe / Jordan Bardella / Jean-Luc Mélenchon,OpinionWay,Jean Lassalle,—,,,100.0,100.0,False,unchanged,not_tested,
RAW-FR-OPINIONWAY-05-017,first_round,Scénario Édouard Philippe / Jordan Bardella / Jean-Luc Mélenchon,OpinionWay,Nicolas Dupont-Aignan,—,,,100.0,100.0,False,unchanged,not_tested,
RAW-FR-HARRIS-INTERACTIVE-05-018,first_round,Hypothèse Édouard Philippe / Cazeneuve,Harris Interactive,Jean Lassalle,—,,,100.0,100.0,False,unchanged,not_tested,
RAW-FR-HARRIS-INTERACTIVE-05-019,first_round,Hypothèse Cazeneuve / Le Maire,Harris Interactive,Jean Lassalle,—,,,100.0,100.0,False,unchanged,not_tested,
RAW-FR-HARRIS-INTERACTIVE-05-020,first_round,Hypothèse Cazeneuve / Gérald Darmanin,Harris Interactive,Jean Lassalle,—,,,100.0,100.0,False,unchanged,not_tested,
RAW-FR-HARRIS-INTERACTIVE-05-021,first_round,Hypothèse Édouard Philippe / Delga,Harris Interactive,Jean Lassalle,—,,,100.0,100.0,False,unchanged,not_tested,
RAW-FR-IFOP-05-023,first_round,Hypothèse Édouard Philippe / Candidat EELV / Candidat PS/DVG,Ifop,Fabien Roussel,—,,,100.0,100.0,False,unchanged,not_tested,
RAW-FR-IFOP-05-023,first_round,Hypothèse Édouard Philippe / Candidat EELV / Candidat PS/DVG,Ifop,Candidat PS/DVG,—,,,100.0,100.0,False,unchanged,not_tested,
RAW-FR-IFOP-05-023,first_round,Hypothèse Édouard Philippe / Candidat EELV / Candidat PS/DVG,Ifop,Candidat EELV,—,,,100.0,100.0,False,unchanged,not_tested,
