poll_id,source_url,source_name,polling_company,commissioner,media_partner,fieldwork_start_date,fieldwork_end_date,publication_date,sample_size,population,collection_method,quota_method,round,scenario_name,candidate_name,candidate_party,political_family,estimate_percent,lower_bound_percent,upper_bound_percent,margin_of_error,undecided_percent,abstention_estimate,registered_voters_basis,raw_text_context,extraction_confidence
V2-FR-ODOXA-001,https://en.wikipedia.org/wiki/Opinion_polling_for_the_2027_French_presidential_election,wikipedia_excel_v2,Odoxa,,,2026-05-20,2026-05-21,2026-05-21,1005.0,unknown,unknown,unknown,first_round,Scénario Édouard Philippe / Jordan Bardella / Jean-Luc Mélenchon,Arlette Arthaud,LO,far_left,0.5,,,,,,,0.5 – 2.5 16 – – – 11 4 – – – – 17 – – – 9 – 2 32 – – 6 – – –,0.8
V2-FR-ODOXA-001,https://en.wikipedia.org/wiki/Opinion_polling_for_the_2027_French_presidential_election,wikipedia_excel_v2,Odoxa,,,2026-05-20,2026-05-21,2026-05-21,1005.0,unknown,unknown,unknown,first_round,Scénario Édouard Philippe / Jordan Bardella / Jean-Luc Mélenchon,Fabien Roussel,PCF,left,2.5,,,,,,,0.5 – 2.5 16 – – – 11 4 – – – – 17 – – – 9 – 2 32 – – 6 – – –,0.8
V2-FR-ODOXA-001,https://en.wikipedia.org/wiki/Opinion_polling_for_the_2027_French_presidential_election,wikipedia_excel_v2,Odoxa,,,2026-05-20,2026-05-21,2026-05-21,1005.0,unknown,unknown,unknown,first_round,Scénario Édouard Philippe / Jordan Bardella / Jean-Luc Mélenchon,Jean-Luc Mélenchon,LFI,left,16.0,,,,,,,0.5 – 2.5 16 – – – 11 4 – – – – 17 – – – 9 – 2 32 – – 6 – – –,0.8
V2-FR-ODOXA-001,https://en.wikipedia.org/wiki/Opinion_polling_for_the_2027_French_presidential_election,wikipedia_excel_v2,Odoxa,,,2026-05-20,2026-05-21,2026-05-21,1005.0,unknown,unknown,unknown,first_round,Scénario Édouard Philippe / Jordan Bardella / Jean-Luc Mélenchon,Raphaël Glucksmann,PP,centre_gauche,11.0,,,,,,,0.5 – 2.5 16 – – – 11 4 – – – – 17 – – – 9 – 2 32 – – 6 – – –,0.8
V2-FR-ODOXA-001,https://en.wikipedia.org/wiki/Opinion_polling_for_the_2027_French_presidential_election,wikipedia_excel_v2,Odoxa,,,2026-05-20,2026-05-21,2026-05-21,1005.0,unknown,unknown,unknown,first_round,Scénario Édouard Philippe / Jordan Bardella / Jean-Luc Mélenchon,Marine Tondelier,LE,écologistes,4.0,,,,,,,0.5 – 2.5 16 – – – 11 4 – – – – 17 – – – 9 – 2 32 – – 6 – – –,0.8
V2-FR-ODOXA-001,https://en.wikipedia.org/wiki/Opinion_polling_for_the_2027_French_presidential_election,wikipedia_excel_v2,Odoxa,,,2026-05-20,2026-05-21,2026-05-21,1005.0,unknown,unknown,unknown,first_round,Scénario Édouard Philippe / Jordan Bardella / Jean-Luc Mélenchon,Édouard Philippe,HOR,centre,17.0,,,,,,,0.5 – 2.5 16 – – – 11 4 – – – – 17 – – – 9 – 2 32 – – 6 – – –,0.8
V2-FR-ODOXA-001,https://en.wikipedia.org/wiki/Opinion_polling_for_the_2027_French_presidential_election,wikipedia_excel_v2,Odoxa,,,2026-05-20,2026-05-21,2026-05-21,1005.0,unknown,unknown,unknown,first_round,Scénario Édouard Philippe / Jordan Bardella / Jean-Luc Mélenchon,Bruno Retailleau,LR,right,9.0,,,,,,,0.5 – 2.5 16 – – – 11 4 – – – – 17 – – – 9 – 2 32 – – 6 – – –,0.8
V2-FR-ODOXA-001,https://en.wikipedia.org/wiki/Opinion_polling_for_the_2027_French_presidential_election,wikipedia_excel_v2,Odoxa,,,2026-05-20,2026-05-21,2026-05-21,1005.0,unknown,unknown,unknown,first_round,Scénario Édouard Philippe / Jordan Bardella / Jean-Luc Mélenchon,Nicolas Dupont-Aignan,DLF,sovereigntist_right,2.0,,,,,,,0.5 – 2.5 16 – – – 11 4 – – – – 17 – – – 9 – 2 32 – – 6 – – –,0.8
V2-FR-ODOXA-001,https://en.wikipedia.org/wiki/Opinion_polling_for_the_2027_French_presidential_election,wikipedia_excel_v2,Odoxa,,,2026-05-20,2026-05-21,2026-05-21,1005.0,unknown,unknown,unknown,first_round,Scénario Édouard Philippe / Jordan Bardella / Jean-Luc Mélenchon,Jordan Bardella,RN,nationalist_right,32.0,,,,,,,0.5 – 2.5 16 – – – 11 4 – – – – 17 – – – 9 – 2 32 – – 6 – – –,0.8
V2-FR-ODOXA-001,https://en.wikipedia.org/wiki/Opinion_polling_for_the_2027_French_presidential_election,wikipedia_excel_v2,Odoxa,,,2026-05-20,2026-05-21,2026-05-21,1005.0,unknown,unknown,unknown,first_round,Scénario Édouard Philippe / Jordan Bardella / Jean-Luc Mélenchon,Éric Zemmour,REC,far_right,6.0,,,,,,,0.5 – 2.5 16 – – – 11 4 – – – – 17 – – – 9 – 2 32 – – 6 – – –,0.8
V2-FR-HARRIS-INTERACTIVE-002,https://en.wikipedia.org/wiki/Opinion_polling_for_the_2027_French_presidential_election,wikipedia_excel_v2,Harris Interactive,,,2026-04-28,2026-04-30,2026-04-30,2000.0,unknown,unknown,unknown,first_round,Hypothèse Gabriel Attal,Arlette Arthaud,LO,far_left,1.0,,,,,,,1 – 3 13 – – – 12 4 14 – – – – – – – 12 – 1 35 – – 5 – – –,0.8
V2-FR-HARRIS-INTERACTIVE-002,https://en.wikipedia.org/wiki/Opinion_polling_for_the_2027_French_presidential_election,wikipedia_excel_v2,Harris Interactive,,,2026-04-28,2026-04-30,2026-04-30,2000.0,unknown,unknown,unknown,first_round,Hypothèse Gabriel Attal,Fabien Roussel,PCF,left,3.0,,,,,,,1 – 3 13 – – – 12 4 14 – – – – – – – 12 – 1 35 – – 5 – – –,0.8
V2-FR-HARRIS-INTERACTIVE-002,https://en.wikipedia.org/wiki/Opinion_polling_for_the_2027_French_presidential_election,wikipedia_excel_v2,Harris Interactive,,,2026-04-28,2026-04-30,2026-04-30,2000.0,unknown,unknown,unknown,first_round,Hypothèse Gabriel Attal,Jean-Luc Mélenchon,LFI,left,13.0,,,,,,,1 – 3 13 – – – 12 4 14 – – – – – – – 12 – 1 35 – – 5 – – –,0.8
V2-FR-HARRIS-INTERACTIVE-002,https://en.wikipedia.org/wiki/Opinion_polling_for_the_2027_French_presidential_election,wikipedia_excel_v2,Harris Interactive,,,2026-04-28,2026-04-30,2026-04-30,2000.0,unknown,unknown,unknown,first_round,Hypothèse Gabriel Attal,Raphaël Glucksmann,PP,centre_gauche,12.0,,,,,,,1 – 3 13 – – – 12 4 14 – – – – – – – 12 – 1 35 – – 5 – – –,0.8
V2-FR-HARRIS-INTERACTIVE-002,https://en.wikipedia.org/wiki/Opinion_polling_for_the_2027_French_presidential_election,wikipedia_excel_v2,Harris Interactive,,,2026-04-28,2026-04-30,2026-04-30,2000.0,unknown,unknown,unknown,first_round,Hypothèse Gabriel Attal,Marine Tondelier,LE,écologistes,4.0,,,,,,,1 – 3 13 – – – 12 4 14 – – – – – – – 12 – 1 35 – – 5 – – –,0.8
V2-FR-HARRIS-INTERACTIVE-002,https://en.wikipedia.org/wiki/Opinion_polling_for_the_2027_French_presidential_election,wikipedia_excel_v2,Harris Interactive,,,2026-04-28,2026-04-30,2026-04-30,2000.0,unknown,unknown,unknown,first_round,Hypothèse Gabriel Attal,Gabriel Attal,RE,centre,14.0,,,,,,,1 – 3 13 – – – 12 4 14 – – – – – – – 12 – 1 35 – – 5 – – –,0.8
V2-FR-HARRIS-INTERACTIVE-002,https://en.wikipedia.org/wiki/Opinion_polling_for_the_2027_French_presidential_election,wikipedia_excel_v2,Harris Interactive,,,2026-04-28,2026-04-30,2026-04-30,2000.0,unknown,unknown,unknown,first_round,Hypothèse Gabriel Attal,Bruno Retailleau,LR,right,12.0,,,,,,,1 – 3 13 – – – 12 4 14 – – – – – – – 12 – 1 35 – – 5 – – –,0.8
V2-FR-HARRIS-INTERACTIVE-002,https://en.wikipedia.org/wiki/Opinion_polling_for_the_2027_French_presidential_election,wikipedia_excel_v2,Harris Interactive,,,2026-04-28,2026-04-30,2026-04-30,2000.0,unknown,unknown,unknown,first_round,Hypothèse Gabriel Attal,Nicolas Dupont-Aignan,DLF,sovereigntist_right,1.0,,,,,,,1 – 3 13 – – – 12 4 14 – – – – – – – 12 – 1 35 – – 5 – – –,0.8
V2-FR-HARRIS-INTERACTIVE-002,https://en.wikipedia.org/wiki/Opinion_polling_for_the_2027_French_presidential_election,wikipedia_excel_v2,Harris Interactive,,,2026-04-28,2026-04-30,2026-04-30,2000.0,unknown,unknown,unknown,first_round,Hypothèse Gabriel Attal,Jordan Bardella,RN,nationalist_right,35.0,,,,,,,1 – 3 13 – – – 12 4 14 – – – – – – – 12 – 1 35 – – 5 – – –,0.8
V2-FR-HARRIS-INTERACTIVE-002,https://en.wikipedia.org/wiki/Opinion_polling_for_the_2027_French_presidential_election,wikipedia_excel_v2,Harris Interactive,,,2026-04-28,2026-04-30,2026-04-30,2000.0,unknown,unknown,unknown,first_round,Hypothèse Gabriel Attal,Éric Zemmour,REC,far_right,5.0,,,,,,,1 – 3 13 – – – 12 4 14 – – – – – – – 12 – 1 35 – – 5 – – –,0.8
V2-FR-HARRIS-INTERACTIVE-003,https://en.wikipedia.org/wiki/Opinion_polling_for_the_2027_French_presidential_election,wikipedia_excel_v2,Harris Interactive,,,2026-04-28,2026-04-30,2026-04-30,2000.0,unknown,unknown,unknown,first_round,Hypothèse Édouard Philippe,Arlette Arthaud,LO,far_left,1.0,,,,,,,1 – 4 12 – – – 11 4 – – – – 19 – – – 9 – 1 34 – – 5 – – –,0.8
V2-FR-HARRIS-INTERACTIVE-003,https://en.wikipedia.org/wiki/Opinion_polling_for_the_2027_French_presidential_election,wikipedia_excel_v2,Harris Interactive,,,2026-04-28,2026-04-30,2026-04-30,2000.0,unknown,unknown,unknown,first_round,Hypothèse Édouard Philippe,Fabien Roussel,PCF,left,4.0,,,,,,,1 – 4 12 – – – 11 4 – – – – 19 – – – 9 – 1 34 – – 5 – – –,0.8
V2-FR-HARRIS-INTERACTIVE-003,https://en.wikipedia.org/wiki/Opinion_polling_for_the_2027_French_presidential_election,wikipedia_excel_v2,Harris Interactive,,,2026-04-28,2026-04-30,2026-04-30,2000.0,unknown,unknown,unknown,first_round,Hypothèse Édouard Philippe,Jean-Luc Mélenchon,LFI,left,12.0,,,,,,,1 – 4 12 – – – 11 4 – – – – 19 – – – 9 – 1 34 – – 5 – – –,0.8
V2-FR-HARRIS-INTERACTIVE-003,https://en.wikipedia.org/wiki/Opinion_polling_for_the_2027_French_presidential_election,wikipedia_excel_v2,Harris Interactive,,,2026-04-28,2026-04-30,2026-04-30,2000.0,unknown,unknown,unknown,first_round,Hypothèse Édouard Philippe,Raphaël Glucksmann,PP,centre_gauche,11.0,,,,,,,1 – 4 12 – – – 11 4 – – – – 19 – – – 9 – 1 34 – – 5 – – –,0.8
V2-FR-HARRIS-INTERACTIVE-003,https://en.wikipedia.org/wiki/Opinion_polling_for_the_2027_French_presidential_election,wikipedia_excel_v2,Harris Interactive,,,2026-04-28,2026-04-30,2026-04-30,2000.0,unknown,unknown,unknown,first_round,Hypothèse Édouard Philippe,Marine Tondelier,LE,écologistes,4.0,,,,,,,1 – 4 12 – – – 11 4 – – – – 19 – – – 9 – 1 34 – – 5 – – –,0.8
V2-FR-HARRIS-INTERACTIVE-003,https://en.wikipedia.org/wiki/Opinion_polling_for_the_2027_French_presidential_election,wikipedia_excel_v2,Harris Interactive,,,2026-04-28,2026-04-30,2026-04-30,2000.0,unknown,unknown,unknown,first_round,Hypothèse Édouard Philippe,Édouard Philippe,HOR,centre,19.0,,,,,,,1 – 4 12 – – – 11 4 – – – – 19 – – – 9 – 1 34 – – 5 – – –,0.8
V2-FR-HARRIS-INTERACTIVE-003,https://en.wikipedia.org/wiki/Opinion_polling_for_the_2027_French_presidential_election,wikipedia_excel_v2,Harris Interactive,,,2026-04-28,2026-04-30,2026-04-30,2000.0,unknown,unknown,unknown,first_round,Hypothèse Édouard Philippe,Bruno Retailleau,LR,right,9.0,,,,,,,1 – 4 12 – – – 11 4 – – – – 19 – – – 9 – 1 34 – – 5 – – –,0.8
V2-FR-HARRIS-INTERACTIVE-003,https://en.wikipedia.org/wiki/Opinion_polling_for_the_2027_French_presidential_election,wikipedia_excel_v2,Harris Interactive,,,2026-04-28,2026-04-30,2026-04-30,2000.0,unknown,unknown,unknown,first_round,Hypothèse Édouard Philippe,Nicolas Dupont-Aignan,DLF,sovereigntist_right,1.0,,,,,,,1 – 4 12 – – – 11 4 – – – – 19 – – – 9 – 1 34 – – 5 – – –,0.8
V2-FR-HARRIS-INTERACTIVE-003,https://en.wikipedia.org/wiki/Opinion_polling_for_the_2027_French_presidential_election,wikipedia_excel_v2,Harris Interactive,,,2026-04-28,2026-04-30,2026-04-30,2000.0,unknown,unknown,unknown,first_round,Hypothèse Édouard Philippe,Jordan Bardella,RN,nationalist_right,34.0,,,,,,,1 – 4 12 – – – 11 4 – – – – 19 – – – 9 – 1 34 – – 5 – – –,0.8
V2-FR-HARRIS-INTERACTIVE-003,https://en.wikipedia.org/wiki/Opinion_polling_for_the_2027_French_presidential_election,wikipedia_excel_v2,Harris Interactive,,,2026-04-28,2026-04-30,2026-04-30,2000.0,unknown,unknown,unknown,first_round,Hypothèse Édouard Philippe,Éric Zemmour,REC,far_right,5.0,,,,,,,1 – 4 12 – – – 11 4 – – – – 19 – – – 9 – 1 34 – – 5 – – –,0.8
V2-FR-OPINIONWAY-004,https://en.wikipedia.org/wiki/Opinion_polling_for_the_2027_French_presidential_election,wikipedia_excel_v2,OpinionWay,,,2026-03-26,2026-03-27,2026-03-27,1009.0,unknown,unknown,unknown,first_round,Hypothèse Édouard Philippe / François Hollande,Arlette Arthaud,LO,far_left,1.0,,,,,,,1 – – 14 – – 12 – – – – – – 18 – – – 11 – – 38 – 5 – – – –,0.8
V2-FR-OPINIONWAY-004,https://en.wikipedia.org/wiki/Opinion_polling_for_the_2027_French_presidential_election,wikipedia_excel_v2,OpinionWay,,,2026-03-26,2026-03-27,2026-03-27,1009.0,unknown,unknown,unknown,first_round,Hypothèse Édouard Philippe / François Hollande,Jean-Luc Mélenchon,LFI,left,14.0,,,,,,,1 – – 14 – – 12 – – – – – – 18 – – – 11 – – 38 – 5 – – – –,0.8
V2-FR-OPINIONWAY-004,https://en.wikipedia.org/wiki/Opinion_polling_for_the_2027_French_presidential_election,wikipedia_excel_v2,OpinionWay,,,2026-03-26,2026-03-27,2026-03-27,1009.0,unknown,unknown,unknown,first_round,Hypothèse Édouard Philippe / François Hollande,François Hollande,PS,centre_gauche,12.0,,,,,,,1 – – 14 – – 12 – – – – – – 18 – – – 11 – – 38 – 5 – – – –,0.8
V2-FR-OPINIONWAY-004,https://en.wikipedia.org/wiki/Opinion_polling_for_the_2027_French_presidential_election,wikipedia_excel_v2,OpinionWay,,,2026-03-26,2026-03-27,2026-03-27,1009.0,unknown,unknown,unknown,first_round,Hypothèse Édouard Philippe / François Hollande,Édouard Philippe,HOR,centre,18.0,,,,,,,1 – – 14 – – 12 – – – – – – 18 – – – 11 – – 38 – 5 – – – –,0.8
V2-FR-OPINIONWAY-004,https://en.wikipedia.org/wiki/Opinion_polling_for_the_2027_French_presidential_election,wikipedia_excel_v2,OpinionWay,,,2026-03-26,2026-03-27,2026-03-27,1009.0,unknown,unknown,unknown,first_round,Hypothèse Édouard Philippe / François Hollande,Bruno Retailleau,LR,right,11.0,,,,,,,1 – – 14 – – 12 – – – – – – 18 – – – 11 – – 38 – 5 – – – –,0.8
V2-FR-OPINIONWAY-004,https://en.wikipedia.org/wiki/Opinion_polling_for_the_2027_French_presidential_election,wikipedia_excel_v2,OpinionWay,,,2026-03-26,2026-03-27,2026-03-27,1009.0,unknown,unknown,unknown,first_round,Hypothèse Édouard Philippe / François Hollande,Jordan Bardella,RN,nationalist_right,38.0,,,,,,,1 – – 14 – – 12 – – – – – – 18 – – – 11 – – 38 – 5 – – – –,0.8
V2-FR-OPINIONWAY-004,https://en.wikipedia.org/wiki/Opinion_polling_for_the_2027_French_presidential_election,wikipedia_excel_v2,OpinionWay,,,2026-03-26,2026-03-27,2026-03-27,1009.0,unknown,unknown,unknown,first_round,Hypothèse Édouard Philippe / François Hollande,Sarah Knafo,REC,extrême_droite,5.0,,,,,,,1 – – 14 – – 12 – – – – – – 18 – – – 11 – – 38 – 5 – – – –,0.8
V2-FR-OPINIONWAY-005,https://en.wikipedia.org/wiki/Opinion_polling_for_the_2027_French_presidential_election,wikipedia_excel_v2,OpinionWay,,,2026-03-26,2026-03-27,2026-03-27,1009.0,unknown,unknown,unknown,first_round,Hypothèse Gabriel Attal / Raphaël Glucksmann,Arlette Arthaud,LO,far_left,1.0,,,,,,,1 – – 13 – – – 15 – 15 – – – – – – – 14 – – 38 – 5 – – – –,0.8
V2-FR-OPINIONWAY-005,https://en.wikipedia.org/wiki/Opinion_polling_for_the_2027_French_presidential_election,wikipedia_excel_v2,OpinionWay,,,2026-03-26,2026-03-27,2026-03-27,1009.0,unknown,unknown,unknown,first_round,Hypothèse Gabriel Attal / Raphaël Glucksmann,Jean-Luc Mélenchon,LFI,left,13.0,,,,,,,1 – – 13 – – – 15 – 15 – – – – – – – 14 – – 38 – 5 – – – –,0.8
V2-FR-OPINIONWAY-005,https://en.wikipedia.org/wiki/Opinion_polling_for_the_2027_French_presidential_election,wikipedia_excel_v2,OpinionWay,,,2026-03-26,2026-03-27,2026-03-27,1009.0,unknown,unknown,unknown,first_round,Hypothèse Gabriel Attal / Raphaël Glucksmann,Raphaël Glucksmann,PP,centre_gauche,15.0,,,,,,,1 – – 13 – – – 15 – 15 – – – – – – – 14 – – 38 – 5 – – – –,0.8
V2-FR-OPINIONWAY-005,https://en.wikipedia.org/wiki/Opinion_polling_for_the_2027_French_presidential_election,wikipedia_excel_v2,OpinionWay,,,2026-03-26,2026-03-27,2026-03-27,1009.0,unknown,unknown,unknown,first_round,Hypothèse Gabriel Attal / Raphaël Glucksmann,Gabriel Attal,RE,centre,15.0,,,,,,,1 – – 13 – – – 15 – 15 – – – – – – – 14 – – 38 – 5 – – – –,0.8
V2-FR-OPINIONWAY-005,https://en.wikipedia.org/wiki/Opinion_polling_for_the_2027_French_presidential_election,wikipedia_excel_v2,OpinionWay,,,2026-03-26,2026-03-27,2026-03-27,1009.0,unknown,unknown,unknown,first_round,Hypothèse Gabriel Attal / Raphaël Glucksmann,Bruno Retailleau,LR,right,14.0,,,,,,,1 – – 13 – – – 15 – 15 – – – – – – – 14 – – 38 – 5 – – – –,0.8
V2-FR-OPINIONWAY-005,https://en.wikipedia.org/wiki/Opinion_polling_for_the_2027_French_presidential_election,wikipedia_excel_v2,OpinionWay,,,2026-03-26,2026-03-27,2026-03-27,1009.0,unknown,unknown,unknown,first_round,Hypothèse Gabriel Attal / Raphaël Glucksmann,Jordan Bardella,RN,nationalist_right,38.0,,,,,,,1 – – 13 – – – 15 – 15 – – – – – – – 14 – – 38 – 5 – – – –,0.8
V2-FR-OPINIONWAY-005,https://en.wikipedia.org/wiki/Opinion_polling_for_the_2027_French_presidential_election,wikipedia_excel_v2,OpinionWay,,,2026-03-26,2026-03-27,2026-03-27,1009.0,unknown,unknown,unknown,first_round,Hypothèse Gabriel Attal / Raphaël Glucksmann,Sarah Knafo,REC,extrême_droite,5.0,,,,,,,1 – – 13 – – – 15 – 15 – – – – – – – 14 – – 38 – 5 – – – –,0.8
V2-FR-ELABE-006,https://en.wikipedia.org/wiki/Opinion_polling_for_the_2027_French_presidential_election,wikipedia_excel_v2,Elabe,,,2026-03-25,2026-03-27,2026-03-27,1504.0,unknown,unknown,unknown,first_round,Hypothèse Édouard Philippe / Jordan Bardella / Dominique de Villepin,Arlette Arthaud,LO,far_left,1.0,,,,,,,1 – 4 12 – 4.5 – – 4.5 – – – – 25.5 3 – – – – 2.5 38 – 5 – – – –,0.8
V2-FR-ELABE-006,https://en.wikipedia.org/wiki/Opinion_polling_for_the_2027_French_presidential_election,wikipedia_excel_v2,Elabe,,,2026-03-25,2026-03-27,2026-03-27,1504.0,unknown,unknown,unknown,first_round,Hypothèse Édouard Philippe / Jordan Bardella / Dominique de Villepin,Fabien Roussel,PCF,left,4.0,,,,,,,1 – 4 12 – 4.5 – – 4.5 – – – – 25.5 3 – – – – 2.5 38 – 5 – – – –,0.8
V2-FR-ELABE-006,https://en.wikipedia.org/wiki/Opinion_polling_for_the_2027_French_presidential_election,wikipedia_excel_v2,Elabe,,,2026-03-25,2026-03-27,2026-03-27,1504.0,unknown,unknown,unknown,first_round,Hypothèse Édouard Philippe / Jordan Bardella / Dominique de Villepin,Jean-Luc Mélenchon,LFI,left,12.0,,,,,,,1 – 4 12 – 4.5 – – 4.5 – – – – 25.5 3 – – – – 2.5 38 – 5 – – – –,0.8
V2-FR-ELABE-006,https://en.wikipedia.org/wiki/Opinion_polling_for_the_2027_French_presidential_election,wikipedia_excel_v2,Elabe,,,2026-03-25,2026-03-27,2026-03-27,1504.0,unknown,unknown,unknown,first_round,Hypothèse Édouard Philippe / Jordan Bardella / Dominique de Villepin,Olivier Faure,PS,centre_gauche,4.5,,,,,,,1 – 4 12 – 4.5 – – 4.5 – – – – 25.5 3 – – – – 2.5 38 – 5 – – – –,0.8
V2-FR-ELABE-006,https://en.wikipedia.org/wiki/Opinion_polling_for_the_2027_French_presidential_election,wikipedia_excel_v2,Elabe,,,2026-03-25,2026-03-27,2026-03-27,1504.0,unknown,unknown,unknown,first_round,Hypothèse Édouard Philippe / Jordan Bardella / Dominique de Villepin,Marine Tondelier,LE,écologistes,4.5,,,,,,,1 – 4 12 – 4.5 – – 4.5 – – – – 25.5 3 – – – – 2.5 38 – 5 – – – –,0.8
V2-FR-ELABE-006,https://en.wikipedia.org/wiki/Opinion_polling_for_the_2027_French_presidential_election,wikipedia_excel_v2,Elabe,,,2026-03-25,2026-03-27,2026-03-27,1504.0,unknown,unknown,unknown,first_round,Hypothèse Édouard Philippe / Jordan Bardella / Dominique de Villepin,Édouard Philippe,HOR,centre,25.5,,,,,,,1 – 4 12 – 4.5 – – 4.5 – – – – 25.5 3 – – – – 2.5 38 – 5 – – – –,0.8
V2-FR-ELABE-006,https://en.wikipedia.org/wiki/Opinion_polling_for_the_2027_French_presidential_election,wikipedia_excel_v2,Elabe,,,2026-03-25,2026-03-27,2026-03-27,1504.0,unknown,unknown,unknown,first_round,Hypothèse Édouard Philippe / Jordan Bardella / Dominique de Villepin,Dominique de Villepin,LFH,droite_gaulliste,3.0,,,,,,,1 – 4 12 – 4.5 – – 4.5 – – – – 25.5 3 – – – – 2.5 38 – 5 – – – –,0.8
V2-FR-ELABE-006,https://en.wikipedia.org/wiki/Opinion_polling_for_the_2027_French_presidential_election,wikipedia_excel_v2,Elabe,,,2026-03-25,2026-03-27,2026-03-27,1504.0,unknown,unknown,unknown,first_round,Hypothèse Édouard Philippe / Jordan Bardella / Dominique de Villepin,Nicolas Dupont-Aignan,DLF,sovereigntist_right,2.5,,,,,,,1 – 4 12 – 4.5 – – 4.5 – – – – 25.5 3 – – – – 2.5 38 – 5 – – – –,0.8
V2-FR-ELABE-006,https://en.wikipedia.org/wiki/Opinion_polling_for_the_2027_French_presidential_election,wikipedia_excel_v2,Elabe,,,2026-03-25,2026-03-27,2026-03-27,1504.0,unknown,unknown,unknown,first_round,Hypothèse Édouard Philippe / Jordan Bardella / Dominique de Villepin,Jordan Bardella,RN,nationalist_right,38.0,,,,,,,1 – 4 12 – 4.5 – – 4.5 – – – – 25.5 3 – – – – 2.5 38 – 5 – – – –,0.8
V2-FR-ELABE-006,https://en.wikipedia.org/wiki/Opinion_polling_for_the_2027_French_presidential_election,wikipedia_excel_v2,Elabe,,,2026-03-25,2026-03-27,2026-03-27,1504.0,unknown,unknown,unknown,first_round,Hypothèse Édouard Philippe / Jordan Bardella / Dominique de Villepin,Sarah Knafo,REC,extrême_droite,5.0,,,,,,,1 – 4 12 – 4.5 – – 4.5 – – – – 25.5 3 – – – – 2.5 38 – 5 – – – –,0.8
V2-FR-ELABE-007,https://en.wikipedia.org/wiki/Opinion_polling_for_the_2027_French_presidential_election,wikipedia_excel_v2,Elabe,,,2026-03-25,2026-03-27,2026-03-27,1504.0,unknown,unknown,unknown,first_round,Hypothèse Jordan Bardella / Raphaël Glucksmann / Dominique de Villepin,Arlette Arthaud,LO,far_left,0.5,,,,,,,0.5 – 3 13 – – – 12.5 5 – 8 – – – 5 – – 8.5 – 2.5 38.5 – 3.5 – – – –,0.8
V2-FR-ELABE-007,https://en.wikipedia.org/wiki/Opinion_polling_for_the_2027_French_presidential_election,wikipedia_excel_v2,Elabe,,,2026-03-25,2026-03-27,2026-03-27,1504.0,unknown,unknown,unknown,first_round,Hypothèse Jordan Bardella / Raphaël Glucksmann / Dominique de Villepin,Fabien Roussel,PCF,left,3.0,,,,,,,0.5 – 3 13 – – – 12.5 5 – 8 – – – 5 – – 8.5 – 2.5 38.5 – 3.5 – – – –,0.8
V2-FR-ELABE-007,https://en.wikipedia.org/wiki/Opinion_polling_for_the_2027_French_presidential_election,wikipedia_excel_v2,Elabe,,,2026-03-25,2026-03-27,2026-03-27,1504.0,unknown,unknown,unknown,first_round,Hypothèse Jordan Bardella / Raphaël Glucksmann / Dominique de Villepin,Jean-Luc Mélenchon,LFI,left,13.0,,,,,,,0.5 – 3 13 – – – 12.5 5 – 8 – – – 5 – – 8.5 – 2.5 38.5 – 3.5 – – – –,0.8
V2-FR-ELABE-007,https://en.wikipedia.org/wiki/Opinion_polling_for_the_2027_French_presidential_election,wikipedia_excel_v2,Elabe,,,2026-03-25,2026-03-27,2026-03-27,1504.0,unknown,unknown,unknown,first_round,Hypothèse Jordan Bardella / Raphaël Glucksmann / Dominique de Villepin,Raphaël Glucksmann,PP,centre_gauche,12.5,,,,,,,0.5 – 3 13 – – – 12.5 5 – 8 – – – 5 – – 8.5 – 2.5 38.5 – 3.5 – – – –,0.8
V2-FR-ELABE-007,https://en.wikipedia.org/wiki/Opinion_polling_for_the_2027_French_presidential_election,wikipedia_excel_v2,Elabe,,,2026-03-25,2026-03-27,2026-03-27,1504.0,unknown,unknown,unknown,first_round,Hypothèse Jordan Bardella / Raphaël Glucksmann / Dominique de Villepin,Marine Tondelier,LE,écologistes,5.0,,,,,,,0.5 – 3 13 – – – 12.5 5 – 8 – – – 5 – – 8.5 – 2.5 38.5 – 3.5 – – – –,0.8
V2-FR-ELABE-007,https://en.wikipedia.org/wiki/Opinion_polling_for_the_2027_French_presidential_election,wikipedia_excel_v2,Elabe,,,2026-03-25,2026-03-27,2026-03-27,1504.0,unknown,unknown,unknown,first_round,Hypothèse Jordan Bardella / Raphaël Glucksmann / Dominique de Villepin,Gérald Darmanin,RE,centre_droit,8.0,,,,,,,0.5 – 3 13 – – – 12.5 5 – 8 – – – 5 – – 8.5 – 2.5 38.5 – 3.5 – – – –,0.8
V2-FR-ELABE-007,https://en.wikipedia.org/wiki/Opinion_polling_for_the_2027_French_presidential_election,wikipedia_excel_v2,Elabe,,,2026-03-25,2026-03-27,2026-03-27,1504.0,unknown,unknown,unknown,first_round,Hypothèse Jordan Bardella / Raphaël Glucksmann / Dominique de Villepin,Dominique de Villepin,LFH,droite_gaulliste,5.0,,,,,,,0.5 – 3 13 – – – 12.5 5 – 8 – – – 5 – – 8.5 – 2.5 38.5 – 3.5 – – – –,0.8
V2-FR-ELABE-007,https://en.wikipedia.org/wiki/Opinion_polling_for_the_2027_French_presidential_election,wikipedia_excel_v2,Elabe,,,2026-03-25,2026-03-27,2026-03-27,1504.0,unknown,unknown,unknown,first_round,Hypothèse Jordan Bardella / Raphaël Glucksmann / Dominique de Villepin,Bruno Retailleau,LR,right,8.5,,,,,,,0.5 – 3 13 – – – 12.5 5 – 8 – – – 5 – – 8.5 – 2.5 38.5 – 3.5 – – – –,0.8
V2-FR-ELABE-007,https://en.wikipedia.org/wiki/Opinion_polling_for_the_2027_French_presidential_election,wikipedia_excel_v2,Elabe,,,2026-03-25,2026-03-27,2026-03-27,1504.0,unknown,unknown,unknown,first_round,Hypothèse Jordan Bardella / Raphaël Glucksmann / Dominique de Villepin,Nicolas Dupont-Aignan,DLF,sovereigntist_right,2.5,,,,,,,0.5 – 3 13 – – – 12.5 5 – 8 – – – 5 – – 8.5 – 2.5 38.5 – 3.5 – – – –,0.8
V2-FR-ELABE-007,https://en.wikipedia.org/wiki/Opinion_polling_for_the_2027_French_presidential_election,wikipedia_excel_v2,Elabe,,,2026-03-25,2026-03-27,2026-03-27,1504.0,unknown,unknown,unknown,first_round,Hypothèse Jordan Bardella / Raphaël Glucksmann / Dominique de Villepin,Jordan Bardella,RN,nationalist_right,38.5,,,,,,,0.5 – 3 13 – – – 12.5 5 – 8 – – – 5 – – 8.5 – 2.5 38.5 – 3.5 – – – –,0.8
V2-FR-ELABE-007,https://en.wikipedia.org/wiki/Opinion_polling_for_the_2027_French_presidential_election,wikipedia_excel_v2,Elabe,,,2026-03-25,2026-03-27,2026-03-27,1504.0,unknown,unknown,unknown,first_round,Hypothèse Jordan Bardella / Raphaël Glucksmann / Dominique de Villepin,Sarah Knafo,REC,extrême_droite,3.5,,,,,,,0.5 – 3 13 – – – 12.5 5 – 8 – – – 5 – – 8.5 – 2.5 38.5 – 3.5 – – – –,0.8
V2-FR-ELABE-008,https://en.wikipedia.org/wiki/Opinion_polling_for_the_2027_French_presidential_election,wikipedia_excel_v2,Elabe,,,2026-03-25,2026-03-27,2026-03-27,1504.0,unknown,unknown,unknown,first_round,Hypothèse Jordan Bardella / Raphaël Glucksmann / Dominique de Villepin,Arlette Arthaud,LO,far_left,1.0,,,,,,,1 – 3 11 8 – – 12 – – – 6.5 – – 5.5 – – 9.5 – 2.5 37.5 – – 3.5 – – –,0.8
V2-FR-ELABE-008,https://en.wikipedia.org/wiki/Opinion_polling_for_the_2027_French_presidential_election,wikipedia_excel_v2,Elabe,,,2026-03-25,2026-03-27,2026-03-27,1504.0,unknown,unknown,unknown,first_round,Hypothèse Jordan Bardella / Raphaël Glucksmann / Dominique de Villepin,Fabien Roussel,PCF,left,3.0,,,,,,,1 – 3 11 8 – – 12 – – – 6.5 – – 5.5 – – 9.5 – 2.5 37.5 – – 3.5 – – –,0.8
V2-FR-ELABE-008,https://en.wikipedia.org/wiki/Opinion_polling_for_the_2027_French_presidential_election,wikipedia_excel_v2,Elabe,,,2026-03-25,2026-03-27,2026-03-27,1504.0,unknown,unknown,unknown,first_round,Hypothèse Jordan Bardella / Raphaël Glucksmann / Dominique de Villepin,Jean-Luc Mélenchon,LFI,left,11.0,,,,,,,1 – 3 11 8 – – 12 – – – 6.5 – – 5.5 – – 9.5 – 2.5 37.5 – – 3.5 – – –,0.8
V2-FR-ELABE-008,https://en.wikipedia.org/wiki/Opinion_polling_for_the_2027_French_presidential_election,wikipedia_excel_v2,Elabe,,,2026-03-25,2026-03-27,2026-03-27,1504.0,unknown,unknown,unknown,first_round,Hypothèse Jordan Bardella / Raphaël Glucksmann / Dominique de Villepin,François Ruffin,,gauche,8.0,,,,,,,1 – 3 11 8 – – 12 – – – 6.5 – – 5.5 – – 9.5 – 2.5 37.5 – – 3.5 – – –,0.8
V2-FR-ELABE-008,https://en.wikipedia.org/wiki/Opinion_polling_for_the_2027_French_presidential_election,wikipedia_excel_v2,Elabe,,,2026-03-25,2026-03-27,2026-03-27,1504.0,unknown,unknown,unknown,first_round,Hypothèse Jordan Bardella / Raphaël Glucksmann / Dominique de Villepin,Raphaël Glucksmann,PP,centre_gauche,12.0,,,,,,,1 – 3 11 8 – – 12 – – – 6.5 – – 5.5 – – 9.5 – 2.5 37.5 – – 3.5 – – –,0.8
V2-FR-ELABE-008,https://en.wikipedia.org/wiki/Opinion_polling_for_the_2027_French_presidential_election,wikipedia_excel_v2,Elabe,,,2026-03-25,2026-03-27,2026-03-27,1504.0,unknown,unknown,unknown,first_round,Hypothèse Jordan Bardella / Raphaël Glucksmann / Dominique de Villepin,Sébastien Lecornu,RE,centre_droit,6.5,,,,,,,1 – 3 11 8 – – 12 – – – 6.5 – – 5.5 – – 9.5 – 2.5 37.5 – – 3.5 – – –,0.8
V2-FR-ELABE-008,https://en.wikipedia.org/wiki/Opinion_polling_for_the_2027_French_presidential_election,wikipedia_excel_v2,Elabe,,,2026-03-25,2026-03-27,2026-03-27,1504.0,unknown,unknown,unknown,first_round,Hypothèse Jordan Bardella / Raphaël Glucksmann / Dominique de Villepin,Dominique de Villepin,LFH,droite_gaulliste,5.5,,,,,,,1 – 3 11 8 – – 12 – – – 6.5 – – 5.5 – – 9.5 – 2.5 37.5 – – 3.5 – – –,0.8
V2-FR-ELABE-008,https://en.wikipedia.org/wiki/Opinion_polling_for_the_2027_French_presidential_election,wikipedia_excel_v2,Elabe,,,2026-03-25,2026-03-27,2026-03-27,1504.0,unknown,unknown,unknown,first_round,Hypothèse Jordan Bardella / Raphaël Glucksmann / Dominique de Villepin,Bruno Retailleau,LR,right,9.5,,,,,,,1 – 3 11 8 – – 12 – – – 6.5 – – 5.5 – – 9.5 – 2.5 37.5 – – 3.5 – – –,0.8
V2-FR-ELABE-008,https://en.wikipedia.org/wiki/Opinion_polling_for_the_2027_French_presidential_election,wikipedia_excel_v2,Elabe,,,2026-03-25,2026-03-27,2026-03-27,1504.0,unknown,unknown,unknown,first_round,Hypothèse Jordan Bardella / Raphaël Glucksmann / Dominique de Villepin,Nicolas Dupont-Aignan,DLF,sovereigntist_right,2.5,,,,,,,1 – 3 11 8 – – 12 – – – 6.5 – – 5.5 – – 9.5 – 2.5 37.5 – – 3.5 – – –,0.8
V2-FR-ELABE-008,https://en.wikipedia.org/wiki/Opinion_polling_for_the_2027_French_presidential_election,wikipedia_excel_v2,Elabe,,,2026-03-25,2026-03-27,2026-03-27,1504.0,unknown,unknown,unknown,first_round,Hypothèse Jordan Bardella / Raphaël Glucksmann / Dominique de Villepin,Jordan Bardella,RN,nationalist_right,37.5,,,,,,,1 – 3 11 8 – – 12 – – – 6.5 – – 5.5 – – 9.5 – 2.5 37.5 – – 3.5 – – –,0.8
V2-FR-ELABE-008,https://en.wikipedia.org/wiki/Opinion_polling_for_the_2027_French_presidential_election,wikipedia_excel_v2,Elabe,,,2026-03-25,2026-03-27,2026-03-27,1504.0,unknown,unknown,unknown,first_round,Hypothèse Jordan Bardella / Raphaël Glucksmann / Dominique de Villepin,Éric Zemmour,REC,far_right,3.5,,,,,,,1 – 3 11 8 – – 12 – – – 6.5 – – 5.5 – – 9.5 – 2.5 37.5 – – 3.5 – – –,0.8
V2-FR-ELABE-009,https://en.wikipedia.org/wiki/Opinion_polling_for_the_2027_French_presidential_election,wikipedia_excel_v2,Elabe,,,2026-03-25,2026-03-27,2026-03-27,1504.0,unknown,unknown,unknown,first_round,Hypothèse Édouard Philippe / Jordan Bardella / Raphaël Glucksmann,Arlette Arthaud,LO,far_left,0.5,,,,,,,0.5 – 3 10.5 – – – 10.5 4.5 – – – – 20.5 3 – – 7 – 2.5 36 – – 3 – – –,0.8
V2-FR-ELABE-009,https://en.wikipedia.org/wiki/Opinion_polling_for_the_2027_French_presidential_election,wikipedia_excel_v2,Elabe,,,2026-03-25,2026-03-27,2026-03-27,1504.0,unknown,unknown,unknown,first_round,Hypothèse Édouard Philippe / Jordan Bardella / Raphaël Glucksmann,Fabien Roussel,PCF,left,3.0,,,,,,,0.5 – 3 10.5 – – – 10.5 4.5 – – – – 20.5 3 – – 7 – 2.5 36 – – 3 – – –,0.8
V2-FR-ELABE-009,https://en.wikipedia.org/wiki/Opinion_polling_for_the_2027_French_presidential_election,wikipedia_excel_v2,Elabe,,,2026-03-25,2026-03-27,2026-03-27,1504.0,unknown,unknown,unknown,first_round,Hypothèse Édouard Philippe / Jordan Bardella / Raphaël Glucksmann,Jean-Luc Mélenchon,LFI,left,10.5,,,,,,,0.5 – 3 10.5 – – – 10.5 4.5 – – – – 20.5 3 – – 7 – 2.5 36 – – 3 – – –,0.8
V2-FR-ELABE-009,https://en.wikipedia.org/wiki/Opinion_polling_for_the_2027_French_presidential_election,wikipedia_excel_v2,Elabe,,,2026-03-25,2026-03-27,2026-03-27,1504.0,unknown,unknown,unknown,first_round,Hypothèse Édouard Philippe / Jordan Bardella / Raphaël Glucksmann,Raphaël Glucksmann,PP,centre_gauche,10.5,,,,,,,0.5 – 3 10.5 – – – 10.5 4.5 – – – – 20.5 3 – – 7 – 2.5 36 – – 3 – – –,0.8
V2-FR-ELABE-009,https://en.wikipedia.org/wiki/Opinion_polling_for_the_2027_French_presidential_election,wikipedia_excel_v2,Elabe,,,2026-03-25,2026-03-27,2026-03-27,1504.0,unknown,unknown,unknown,first_round,Hypothèse Édouard Philippe / Jordan Bardella / Raphaël Glucksmann,Marine Tondelier,LE,écologistes,4.5,,,,,,,0.5 – 3 10.5 – – – 10.5 4.5 – – – – 20.5 3 – – 7 – 2.5 36 – – 3 – – –,0.8
V2-FR-ELABE-009,https://en.wikipedia.org/wiki/Opinion_polling_for_the_2027_French_presidential_election,wikipedia_excel_v2,Elabe,,,2026-03-25,2026-03-27,2026-03-27,1504.0,unknown,unknown,unknown,first_round,Hypothèse Édouard Philippe / Jordan Bardella / Raphaël Glucksmann,Édouard Philippe,HOR,centre,20.5,,,,,,,0.5 – 3 10.5 – – – 10.5 4.5 – – – – 20.5 3 – – 7 – 2.5 36 – – 3 – – –,0.8
V2-FR-ELABE-009,https://en.wikipedia.org/wiki/Opinion_polling_for_the_2027_French_presidential_election,wikipedia_excel_v2,Elabe,,,2026-03-25,2026-03-27,2026-03-27,1504.0,unknown,unknown,unknown,first_round,Hypothèse Édouard Philippe / Jordan Bardella / Raphaël Glucksmann,Dominique de Villepin,LFH,droite_gaulliste,3.0,,,,,,,0.5 – 3 10.5 – – – 10.5 4.5 – – – – 20.5 3 – – 7 – 2.5 36 – – 3 – – –,0.8
V2-FR-ELABE-009,https://en.wikipedia.org/wiki/Opinion_polling_for_the_2027_French_presidential_election,wikipedia_excel_v2,Elabe,,,2026-03-25,2026-03-27,2026-03-27,1504.0,unknown,unknown,unknown,first_round,Hypothèse Édouard Philippe / Jordan Bardella / Raphaël Glucksmann,Bruno Retailleau,LR,right,7.0,,,,,,,0.5 – 3 10.5 – – – 10.5 4.5 – – – – 20.5 3 – – 7 – 2.5 36 – – 3 – – –,0.8
V2-FR-ELABE-009,https://en.wikipedia.org/wiki/Opinion_polling_for_the_2027_French_presidential_election,wikipedia_excel_v2,Elabe,,,2026-03-25,2026-03-27,2026-03-27,1504.0,unknown,unknown,unknown,first_round,Hypothèse Édouard Philippe / Jordan Bardella / Raphaël Glucksmann,Nicolas Dupont-Aignan,DLF,sovereigntist_right,2.5,,,,,,,0.5 – 3 10.5 – – – 10.5 4.5 – – – – 20.5 3 – – 7 – 2.5 36 – – 3 – – –,0.8
V2-FR-ELABE-009,https://en.wikipedia.org/wiki/Opinion_polling_for_the_2027_French_presidential_election,wikipedia_excel_v2,Elabe,,,2026-03-25,2026-03-27,2026-03-27,1504.0,unknown,unknown,unknown,first_round,Hypothèse Édouard Philippe / Jordan Bardella / Raphaël Glucksmann,Jordan Bardella,RN,nationalist_right,36.0,,,,,,,0.5 – 3 10.5 – – – 10.5 4.5 – – – – 20.5 3 – – 7 – 2.5 36 – – 3 – – –,0.8
V2-FR-ELABE-009,https://en.wikipedia.org/wiki/Opinion_polling_for_the_2027_French_presidential_election,wikipedia_excel_v2,Elabe,,,2026-03-25,2026-03-27,2026-03-27,1504.0,unknown,unknown,unknown,first_round,Hypothèse Édouard Philippe / Jordan Bardella / Raphaël Glucksmann,Éric Zemmour,REC,far_right,3.0,,,,,,,0.5 – 3 10.5 – – – 10.5 4.5 – – – – 20.5 3 – – 7 – 2.5 36 – – 3 – – –,0.8
V2-FR-ODOXA-010,https://en.wikipedia.org/wiki/Opinion_polling_for_the_2027_French_presidential_election,wikipedia_excel_v2,Odoxa,,,2026-03-25,2026-03-26,2026-03-26,1005.0,unknown,unknown,unknown,first_round,Hypothèse Bruno Retailleau,Arlette Arthaud,LO,far_left,1.0,,,,,,,1 – 2 12 – – – 10 5 – – – – 21 – – – 8 – 2 34 – 5 – – – –,0.8
V2-FR-ODOXA-010,https://en.wikipedia.org/wiki/Opinion_polling_for_the_2027_French_presidential_election,wikipedia_excel_v2,Odoxa,,,2026-03-25,2026-03-26,2026-03-26,1005.0,unknown,unknown,unknown,first_round,Hypothèse Bruno Retailleau,Fabien Roussel,PCF,left,2.0,,,,,,,1 – 2 12 – – – 10 5 – – – – 21 – – – 8 – 2 34 – 5 – – – –,0.8
V2-FR-ODOXA-010,https://en.wikipedia.org/wiki/Opinion_polling_for_the_2027_French_presidential_election,wikipedia_excel_v2,Odoxa,,,2026-03-25,2026-03-26,2026-03-26,1005.0,unknown,unknown,unknown,first_round,Hypothèse Bruno Retailleau,Jean-Luc Mélenchon,LFI,left,12.0,,,,,,,1 – 2 12 – – – 10 5 – – – – 21 – – – 8 – 2 34 – 5 – – – –,0.8
V2-FR-ODOXA-010,https://en.wikipedia.org/wiki/Opinion_polling_for_the_2027_French_presidential_election,wikipedia_excel_v2,Odoxa,,,2026-03-25,2026-03-26,2026-03-26,1005.0,unknown,unknown,unknown,first_round,Hypothèse Bruno Retailleau,Raphaël Glucksmann,PP,centre_gauche,10.0,,,,,,,1 – 2 12 – – – 10 5 – – – – 21 – – – 8 – 2 34 – 5 – – – –,0.8
V2-FR-ODOXA-010,https://en.wikipedia.org/wiki/Opinion_polling_for_the_2027_French_presidential_election,wikipedia_excel_v2,Odoxa,,,2026-03-25,2026-03-26,2026-03-26,1005.0,unknown,unknown,unknown,first_round,Hypothèse Bruno Retailleau,Marine Tondelier,LE,écologistes,5.0,,,,,,,1 – 2 12 – – – 10 5 – – – – 21 – – – 8 – 2 34 – 5 – – – –,0.8
V2-FR-ODOXA-010,https://en.wikipedia.org/wiki/Opinion_polling_for_the_2027_French_presidential_election,wikipedia_excel_v2,Odoxa,,,2026-03-25,2026-03-26,2026-03-26,1005.0,unknown,unknown,unknown,first_round,Hypothèse Bruno Retailleau,Édouard Philippe,HOR,centre,21.0,,,,,,,1 – 2 12 – – – 10 5 – – – – 21 – – – 8 – 2 34 – 5 – – – –,0.8
V2-FR-ODOXA-010,https://en.wikipedia.org/wiki/Opinion_polling_for_the_2027_French_presidential_election,wikipedia_excel_v2,Odoxa,,,2026-03-25,2026-03-26,2026-03-26,1005.0,unknown,unknown,unknown,first_round,Hypothèse Bruno Retailleau,Bruno Retailleau,LR,right,8.0,,,,,,,1 – 2 12 – – – 10 5 – – – – 21 – – – 8 – 2 34 – 5 – – – –,0.8
V2-FR-ODOXA-010,https://en.wikipedia.org/wiki/Opinion_polling_for_the_2027_French_presidential_election,wikipedia_excel_v2,Odoxa,,,2026-03-25,2026-03-26,2026-03-26,1005.0,unknown,unknown,unknown,first_round,Hypothèse Bruno Retailleau,Nicolas Dupont-Aignan,DLF,sovereigntist_right,2.0,,,,,,,1 – 2 12 – – – 10 5 – – – – 21 – – – 8 – 2 34 – 5 – – – –,0.8
V2-FR-ODOXA-010,https://en.wikipedia.org/wiki/Opinion_polling_for_the_2027_French_presidential_election,wikipedia_excel_v2,Odoxa,,,2026-03-25,2026-03-26,2026-03-26,1005.0,unknown,unknown,unknown,first_round,Hypothèse Bruno Retailleau,Jordan Bardella,RN,nationalist_right,34.0,,,,,,,1 – 2 12 – – – 10 5 – – – – 21 – – – 8 – 2 34 – 5 – – – –,0.8
V2-FR-ODOXA-010,https://en.wikipedia.org/wiki/Opinion_polling_for_the_2027_French_presidential_election,wikipedia_excel_v2,Odoxa,,,2026-03-25,2026-03-26,2026-03-26,1005.0,unknown,unknown,unknown,first_round,Hypothèse Bruno Retailleau,Sarah Knafo,REC,extrême_droite,5.0,,,,,,,1 – 2 12 – – – 10 5 – – – – 21 – – – 8 – 2 34 – 5 – – – –,0.8
V2-FR-ODOXA-011,https://en.wikipedia.org/wiki/Opinion_polling_for_the_2027_French_presidential_election,wikipedia_excel_v2,Odoxa,,,2026-03-25,2026-03-26,2026-03-26,1005.0,unknown,unknown,unknown,first_round,Scénario Édouard Philippe / Jordan Bardella / Jean-Luc Mélenchon,Arlette Arthaud,LO,far_left,1.0,,,,,,,1 – 2 13 – – – 10 4 – – – – 25 – – – – – 2 38 – 5 – – – –,0.8
V2-FR-ODOXA-011,https://en.wikipedia.org/wiki/Opinion_polling_for_the_2027_French_presidential_election,wikipedia_excel_v2,Odoxa,,,2026-03-25,2026-03-26,2026-03-26,1005.0,unknown,unknown,unknown,first_round,Scénario Édouard Philippe / Jordan Bardella / Jean-Luc Mélenchon,Fabien Roussel,PCF,left,2.0,,,,,,,1 – 2 13 – – – 10 4 – – – – 25 – – – – – 2 38 – 5 – – – –,0.8
V2-FR-ODOXA-011,https://en.wikipedia.org/wiki/Opinion_polling_for_the_2027_French_presidential_election,wikipedia_excel_v2,Odoxa,,,2026-03-25,2026-03-26,2026-03-26,1005.0,unknown,unknown,unknown,first_round,Scénario Édouard Philippe / Jordan Bardella / Jean-Luc Mélenchon,Jean-Luc Mélenchon,LFI,left,13.0,,,,,,,1 – 2 13 – – – 10 4 – – – – 25 – – – – – 2 38 – 5 – – – –,0.8
V2-FR-ODOXA-011,https://en.wikipedia.org/wiki/Opinion_polling_for_the_2027_French_presidential_election,wikipedia_excel_v2,Odoxa,,,2026-03-25,2026-03-26,2026-03-26,1005.0,unknown,unknown,unknown,first_round,Scénario Édouard Philippe / Jordan Bardella / Jean-Luc Mélenchon,Raphaël Glucksmann,PP,centre_gauche,10.0,,,,,,,1 – 2 13 – – – 10 4 – – – – 25 – – – – – 2 38 – 5 – – – –,0.8
V2-FR-ODOXA-011,https://en.wikipedia.org/wiki/Opinion_polling_for_the_2027_French_presidential_election,wikipedia_excel_v2,Odoxa,,,2026-03-25,2026-03-26,2026-03-26,1005.0,unknown,unknown,unknown,first_round,Scénario Édouard Philippe / Jordan Bardella / Jean-Luc Mélenchon,Marine Tondelier,LE,écologistes,4.0,,,,,,,1 – 2 13 – – – 10 4 – – – – 25 – – – – – 2 38 – 5 – – – –,0.8
V2-FR-ODOXA-011,https://en.wikipedia.org/wiki/Opinion_polling_for_the_2027_French_presidential_election,wikipedia_excel_v2,Odoxa,,,2026-03-25,2026-03-26,2026-03-26,1005.0,unknown,unknown,unknown,first_round,Scénario Édouard Philippe / Jordan Bardella / Jean-Luc Mélenchon,Édouard Philippe,HOR,centre,25.0,,,,,,,1 – 2 13 – – – 10 4 – – – – 25 – – – – – 2 38 – 5 – – – –,0.8
V2-FR-ODOXA-011,https://en.wikipedia.org/wiki/Opinion_polling_for_the_2027_French_presidential_election,wikipedia_excel_v2,Odoxa,,,2026-03-25,2026-03-26,2026-03-26,1005.0,unknown,unknown,unknown,first_round,Scénario Édouard Philippe / Jordan Bardella / Jean-Luc Mélenchon,Nicolas Dupont-Aignan,DLF,sovereigntist_right,2.0,,,,,,,1 – 2 13 – – – 10 4 – – – – 25 – – – – – 2 38 – 5 – – – –,0.8
V2-FR-ODOXA-011,https://en.wikipedia.org/wiki/Opinion_polling_for_the_2027_French_presidential_election,wikipedia_excel_v2,Odoxa,,,2026-03-25,2026-03-26,2026-03-26,1005.0,unknown,unknown,unknown,first_round,Scénario Édouard Philippe / Jordan Bardella / Jean-Luc Mélenchon,Jordan Bardella,RN,nationalist_right,38.0,,,,,,,1 – 2 13 – – – 10 4 – – – – 25 – – – – – 2 38 – 5 – – – –,0.8
V2-FR-ODOXA-011,https://en.wikipedia.org/wiki/Opinion_polling_for_the_2027_French_presidential_election,wikipedia_excel_v2,Odoxa,,,2026-03-25,2026-03-26,2026-03-26,1005.0,unknown,unknown,unknown,first_round,Scénario Édouard Philippe / Jordan Bardella / Jean-Luc Mélenchon,Sarah Knafo,REC,extrême_droite,5.0,,,,,,,1 – 2 13 – – – 10 4 – – – – 25 – – – – – 2 38 – 5 – – – –,0.8
V2-FR-HARRIS-INTERACTIVE-012,https://en.wikipedia.org/wiki/Opinion_polling_for_the_2027_French_presidential_election,wikipedia_excel_v2,Harris Interactive,,,2026-03-22,2026-03-22,2026-03-22,1000.0,unknown,unknown,unknown,first_round,Hypothèse Gabriel Attal,Arlette Arthaud,LO,far_left,1.0,,,,,,,1 – 3 13 – – – 14 5 13 – – – – – – – 10 – 2 36 – – 5 – – –,0.8
V2-FR-HARRIS-INTERACTIVE-012,https://en.wikipedia.org/wiki/Opinion_polling_for_the_2027_French_presidential_election,wikipedia_excel_v2,Harris Interactive,,,2026-03-22,2026-03-22,2026-03-22,1000.0,unknown,unknown,unknown,first_round,Hypothèse Gabriel Attal,Fabien Roussel,PCF,left,3.0,,,,,,,1 – 3 13 – – – 14 5 13 – – – – – – – 10 – 2 36 – – 5 – – –,0.8
V2-FR-HARRIS-INTERACTIVE-012,https://en.wikipedia.org/wiki/Opinion_polling_for_the_2027_French_presidential_election,wikipedia_excel_v2,Harris Interactive,,,2026-03-22,2026-03-22,2026-03-22,1000.0,unknown,unknown,unknown,first_round,Hypothèse Gabriel Attal,Jean-Luc Mélenchon,LFI,left,13.0,,,,,,,1 – 3 13 – – – 14 5 13 – – – – – – – 10 – 2 36 – – 5 – – –,0.8
V2-FR-HARRIS-INTERACTIVE-012,https://en.wikipedia.org/wiki/Opinion_polling_for_the_2027_French_presidential_election,wikipedia_excel_v2,Harris Interactive,,,2026-03-22,2026-03-22,2026-03-22,1000.0,unknown,unknown,unknown,first_round,Hypothèse Gabriel Attal,Raphaël Glucksmann,PP,centre_gauche,14.0,,,,,,,1 – 3 13 – – – 14 5 13 – – – – – – – 10 – 2 36 – – 5 – – –,0.8
V2-FR-HARRIS-INTERACTIVE-012,https://en.wikipedia.org/wiki/Opinion_polling_for_the_2027_French_presidential_election,wikipedia_excel_v2,Harris Interactive,,,2026-03-22,2026-03-22,2026-03-22,1000.0,unknown,unknown,unknown,first_round,Hypothèse Gabriel Attal,Marine Tondelier,LE,écologistes,5.0,,,,,,,1 – 3 13 – – – 14 5 13 – – – – – – – 10 – 2 36 – – 5 – – –,0.8
V2-FR-HARRIS-INTERACTIVE-012,https://en.wikipedia.org/wiki/Opinion_polling_for_the_2027_French_presidential_election,wikipedia_excel_v2,Harris Interactive,,,2026-03-22,2026-03-22,2026-03-22,1000.0,unknown,unknown,unknown,first_round,Hypothèse Gabriel Attal,Gabriel Attal,RE,centre,13.0,,,,,,,1 – 3 13 – – – 14 5 13 – – – – – – – 10 – 2 36 – – 5 – – –,0.8
V2-FR-HARRIS-INTERACTIVE-012,https://en.wikipedia.org/wiki/Opinion_polling_for_the_2027_French_presidential_election,wikipedia_excel_v2,Harris Interactive,,,2026-03-22,2026-03-22,2026-03-22,1000.0,unknown,unknown,unknown,first_round,Hypothèse Gabriel Attal,Bruno Retailleau,LR,right,10.0,,,,,,,1 – 3 13 – – – 14 5 13 – – – – – – – 10 – 2 36 – – 5 – – –,0.8
V2-FR-HARRIS-INTERACTIVE-012,https://en.wikipedia.org/wiki/Opinion_polling_for_the_2027_French_presidential_election,wikipedia_excel_v2,Harris Interactive,,,2026-03-22,2026-03-22,2026-03-22,1000.0,unknown,unknown,unknown,first_round,Hypothèse Gabriel Attal,Nicolas Dupont-Aignan,DLF,sovereigntist_right,2.0,,,,,,,1 – 3 13 – – – 14 5 13 – – – – – – – 10 – 2 36 – – 5 – – –,0.8
V2-FR-HARRIS-INTERACTIVE-012,https://en.wikipedia.org/wiki/Opinion_polling_for_the_2027_French_presidential_election,wikipedia_excel_v2,Harris Interactive,,,2026-03-22,2026-03-22,2026-03-22,1000.0,unknown,unknown,unknown,first_round,Hypothèse Gabriel Attal,Jordan Bardella,RN,nationalist_right,36.0,,,,,,,1 – 3 13 – – – 14 5 13 – – – – – – – 10 – 2 36 – – 5 – – –,0.8
V2-FR-HARRIS-INTERACTIVE-012,https://en.wikipedia.org/wiki/Opinion_polling_for_the_2027_French_presidential_election,wikipedia_excel_v2,Harris Interactive,,,2026-03-22,2026-03-22,2026-03-22,1000.0,unknown,unknown,unknown,first_round,Hypothèse Gabriel Attal,Éric Zemmour,REC,far_right,5.0,,,,,,,1 – 3 13 – – – 14 5 13 – – – – – – – 10 – 2 36 – – 5 – – –,0.8
V2-FR-HARRIS-INTERACTIVE-013,https://en.wikipedia.org/wiki/Opinion_polling_for_the_2027_French_presidential_election,wikipedia_excel_v2,Harris Interactive,,,2026-03-22,2026-03-22,2026-03-22,1000.0,unknown,unknown,unknown,first_round,Hypothèse Édouard Philippe,Arlette Arthaud,LO,far_left,1.0,,,,,,,1 – 3 11 – – – 14 4 – – – – 18 – – – 7 – 2 35 – – 5 – – –,0.8
V2-FR-HARRIS-INTERACTIVE-013,https://en.wikipedia.org/wiki/Opinion_polling_for_the_2027_French_presidential_election,wikipedia_excel_v2,Harris Interactive,,,2026-03-22,2026-03-22,2026-03-22,1000.0,unknown,unknown,unknown,first_round,Hypothèse Édouard Philippe,Fabien Roussel,PCF,left,3.0,,,,,,,1 – 3 11 – – – 14 4 – – – – 18 – – – 7 – 2 35 – – 5 – – –,0.8
V2-FR-HARRIS-INTERACTIVE-013,https://en.wikipedia.org/wiki/Opinion_polling_for_the_2027_French_presidential_election,wikipedia_excel_v2,Harris Interactive,,,2026-03-22,2026-03-22,2026-03-22,1000.0,unknown,unknown,unknown,first_round,Hypothèse Édouard Philippe,Jean-Luc Mélenchon,LFI,left,11.0,,,,,,,1 – 3 11 – – – 14 4 – – – – 18 – – – 7 – 2 35 – – 5 – – –,0.8
V2-FR-HARRIS-INTERACTIVE-013,https://en.wikipedia.org/wiki/Opinion_polling_for_the_2027_French_presidential_election,wikipedia_excel_v2,Harris Interactive,,,2026-03-22,2026-03-22,2026-03-22,1000.0,unknown,unknown,unknown,first_round,Hypothèse Édouard Philippe,Raphaël Glucksmann,PP,centre_gauche,14.0,,,,,,,1 – 3 11 – – – 14 4 – – – – 18 – – – 7 – 2 35 – – 5 – – –,0.8
V2-FR-HARRIS-INTERACTIVE-013,https://en.wikipedia.org/wiki/Opinion_polling_for_the_2027_French_presidential_election,wikipedia_excel_v2,Harris Interactive,,,2026-03-22,2026-03-22,2026-03-22,1000.0,unknown,unknown,unknown,first_round,Hypothèse Édouard Philippe,Marine Tondelier,LE,écologistes,4.0,,,,,,,1 – 3 11 – – – 14 4 – – – – 18 – – – 7 – 2 35 – – 5 – – –,0.8
V2-FR-HARRIS-INTERACTIVE-013,https://en.wikipedia.org/wiki/Opinion_polling_for_the_2027_French_presidential_election,wikipedia_excel_v2,Harris Interactive,,,2026-03-22,2026-03-22,2026-03-22,1000.0,unknown,unknown,unknown,first_round,Hypothèse Édouard Philippe,Édouard Philippe,HOR,centre,18.0,,,,,,,1 – 3 11 – – – 14 4 – – – – 18 – – – 7 – 2 35 – – 5 – – –,0.8
V2-FR-HARRIS-INTERACTIVE-013,https://en.wikipedia.org/wiki/Opinion_polling_for_the_2027_French_presidential_election,wikipedia_excel_v2,Harris Interactive,,,2026-03-22,2026-03-22,2026-03-22,1000.0,unknown,unknown,unknown,first_round,Hypothèse Édouard Philippe,Bruno Retailleau,LR,right,7.0,,,,,,,1 – 3 11 – – – 14 4 – – – – 18 – – – 7 – 2 35 – – 5 – – –,0.8
V2-FR-HARRIS-INTERACTIVE-013,https://en.wikipedia.org/wiki/Opinion_polling_for_the_2027_French_presidential_election,wikipedia_excel_v2,Harris Interactive,,,2026-03-22,2026-03-22,2026-03-22,1000.0,unknown,unknown,unknown,first_round,Hypothèse Édouard Philippe,Nicolas Dupont-Aignan,DLF,sovereigntist_right,2.0,,,,,,,1 – 3 11 – – – 14 4 – – – – 18 – – – 7 – 2 35 – – 5 – – –,0.8
V2-FR-HARRIS-INTERACTIVE-013,https://en.wikipedia.org/wiki/Opinion_polling_for_the_2027_French_presidential_election,wikipedia_excel_v2,Harris Interactive,,,2026-03-22,2026-03-22,2026-03-22,1000.0,unknown,unknown,unknown,first_round,Hypothèse Édouard Philippe,Jordan Bardella,RN,nationalist_right,35.0,,,,,,,1 – 3 11 – – – 14 4 – – – – 18 – – – 7 – 2 35 – – 5 – – –,0.8
V2-FR-HARRIS-INTERACTIVE-013,https://en.wikipedia.org/wiki/Opinion_polling_for_the_2027_French_presidential_election,wikipedia_excel_v2,Harris Interactive,,,2026-03-22,2026-03-22,2026-03-22,1000.0,unknown,unknown,unknown,first_round,Hypothèse Édouard Philippe,Éric Zemmour,REC,far_right,5.0,,,,,,,1 – 3 11 – – – 14 4 – – – – 18 – – – 7 – 2 35 – – 5 – – –,0.8
V2-FR-IFOP-014,https://en.wikipedia.org/wiki/Opinion_polling_for_the_2027_French_presidential_election,wikipedia_excel_v2,Ifop,,,2026-02-26,2026-02-27,2026-02-27,1393.0,unknown,unknown,unknown,first_round,Hypothèse Édouard Philippe / Jordan Bardella / Bruno Retailleau,Arlette Arthaud,LO,far_left,2.0,,,,,,,2 – 3 11 – 5 – – 5 – – – – 19 – – – 11 – 3.5 36 – – 4.5 – – –,0.8
V2-FR-IFOP-014,https://en.wikipedia.org/wiki/Opinion_polling_for_the_2027_French_presidential_election,wikipedia_excel_v2,Ifop,,,2026-02-26,2026-02-27,2026-02-27,1393.0,unknown,unknown,unknown,first_round,Hypothèse Édouard Philippe / Jordan Bardella / Bruno Retailleau,Fabien Roussel,PCF,left,3.0,,,,,,,2 – 3 11 – 5 – – 5 – – – – 19 – – – 11 – 3.5 36 – – 4.5 – – –,0.8
V2-FR-IFOP-014,https://en.wikipedia.org/wiki/Opinion_polling_for_the_2027_French_presidential_election,wikipedia_excel_v2,Ifop,,,2026-02-26,2026-02-27,2026-02-27,1393.0,unknown,unknown,unknown,first_round,Hypothèse Édouard Philippe / Jordan Bardella / Bruno Retailleau,Jean-Luc Mélenchon,LFI,left,11.0,,,,,,,2 – 3 11 – 5 – – 5 – – – – 19 – – – 11 – 3.5 36 – – 4.5 – – –,0.8
V2-FR-IFOP-014,https://en.wikipedia.org/wiki/Opinion_polling_for_the_2027_French_presidential_election,wikipedia_excel_v2,Ifop,,,2026-02-26,2026-02-27,2026-02-27,1393.0,unknown,unknown,unknown,first_round,Hypothèse Édouard Philippe / Jordan Bardella / Bruno Retailleau,Olivier Faure,PS,centre_gauche,5.0,,,,,,,2 – 3 11 – 5 – – 5 – – – – 19 – – – 11 – 3.5 36 – – 4.5 – – –,0.8
V2-FR-IFOP-014,https://en.wikipedia.org/wiki/Opinion_polling_for_the_2027_French_presidential_election,wikipedia_excel_v2,Ifop,,,2026-02-26,2026-02-27,2026-02-27,1393.0,unknown,unknown,unknown,first_round,Hypothèse Édouard Philippe / Jordan Bardella / Bruno Retailleau,Marine Tondelier,LE,écologistes,5.0,,,,,,,2 – 3 11 – 5 – – 5 – – – – 19 – – – 11 – 3.5 36 – – 4.5 – – –,0.8
V2-FR-IFOP-014,https://en.wikipedia.org/wiki/Opinion_polling_for_the_2027_French_presidential_election,wikipedia_excel_v2,Ifop,,,2026-02-26,2026-02-27,2026-02-27,1393.0,unknown,unknown,unknown,first_round,Hypothèse Édouard Philippe / Jordan Bardella / Bruno Retailleau,Édouard Philippe,HOR,centre,19.0,,,,,,,2 – 3 11 – 5 – – 5 – – – – 19 – – – 11 – 3.5 36 – – 4.5 – – –,0.8
V2-FR-IFOP-014,https://en.wikipedia.org/wiki/Opinion_polling_for_the_2027_French_presidential_election,wikipedia_excel_v2,Ifop,,,2026-02-26,2026-02-27,2026-02-27,1393.0,unknown,unknown,unknown,first_round,Hypothèse Édouard Philippe / Jordan Bardella / Bruno Retailleau,Bruno Retailleau,LR,right,11.0,,,,,,,2 – 3 11 – 5 – – 5 – – – – 19 – – – 11 – 3.5 36 – – 4.5 – – –,0.8
V2-FR-IFOP-014,https://en.wikipedia.org/wiki/Opinion_polling_for_the_2027_French_presidential_election,wikipedia_excel_v2,Ifop,,,2026-02-26,2026-02-27,2026-02-27,1393.0,unknown,unknown,unknown,first_round,Hypothèse Édouard Philippe / Jordan Bardella / Bruno Retailleau,Nicolas Dupont-Aignan,DLF,sovereigntist_right,3.5,,,,,,,2 – 3 11 – 5 – – 5 – – – – 19 – – – 11 – 3.5 36 – – 4.5 – – –,0.8
V2-FR-IFOP-014,https://en.wikipedia.org/wiki/Opinion_polling_for_the_2027_French_presidential_election,wikipedia_excel_v2,Ifop,,,2026-02-26,2026-02-27,2026-02-27,1393.0,unknown,unknown,unknown,first_round,Hypothèse Édouard Philippe / Jordan Bardella / Bruno Retailleau,Jordan Bardella,RN,nationalist_right,36.0,,,,,,,2 – 3 11 – 5 – – 5 – – – – 19 – – – 11 – 3.5 36 – – 4.5 – – –,0.8
V2-FR-IFOP-014,https://en.wikipedia.org/wiki/Opinion_polling_for_the_2027_French_presidential_election,wikipedia_excel_v2,Ifop,,,2026-02-26,2026-02-27,2026-02-27,1393.0,unknown,unknown,unknown,first_round,Hypothèse Édouard Philippe / Jordan Bardella / Bruno Retailleau,Éric Zemmour,REC,far_right,4.5,,,,,,,2 – 3 11 – 5 – – 5 – – – – 19 – – – 11 – 3.5 36 – – 4.5 – – –,0.8
V2-FR-IFOP-015,https://en.wikipedia.org/wiki/Opinion_polling_for_the_2027_French_presidential_election,wikipedia_excel_v2,Ifop,,,2026-02-26,2026-02-27,2026-02-27,1393.0,unknown,unknown,unknown,first_round,Hypothèse Édouard Philippe / Jordan Bardella / Bruno Retailleau,Arlette Arthaud,LO,far_left,2.0,,,,,,,2 – 3 11 – – 8 – 5 – – – – 18 – – – 11 – 2 36 – – 4 – – –,0.8
V2-FR-IFOP-015,https://en.wikipedia.org/wiki/Opinion_polling_for_the_2027_French_presidential_election,wikipedia_excel_v2,Ifop,,,2026-02-26,2026-02-27,2026-02-27,1393.0,unknown,unknown,unknown,first_round,Hypothèse Édouard Philippe / Jordan Bardella / Bruno Retailleau,Fabien Roussel,PCF,left,3.0,,,,,,,2 – 3 11 – – 8 – 5 – – – – 18 – – – 11 – 2 36 – – 4 – – –,0.8
V2-FR-IFOP-015,https://en.wikipedia.org/wiki/Opinion_polling_for_the_2027_French_presidential_election,wikipedia_excel_v2,Ifop,,,2026-02-26,2026-02-27,2026-02-27,1393.0,unknown,unknown,unknown,first_round,Hypothèse Édouard Philippe / Jordan Bardella / Bruno Retailleau,Jean-Luc Mélenchon,LFI,left,11.0,,,,,,,2 – 3 11 – – 8 – 5 – – – – 18 – – – 11 – 2 36 – – 4 – – –,0.8
V2-FR-IFOP-015,https://en.wikipedia.org/wiki/Opinion_polling_for_the_2027_French_presidential_election,wikipedia_excel_v2,Ifop,,,2026-02-26,2026-02-27,2026-02-27,1393.0,unknown,unknown,unknown,first_round,Hypothèse Édouard Philippe / Jordan Bardella / Bruno Retailleau,François Hollande,PS,centre_gauche,8.0,,,,,,,2 – 3 11 – – 8 – 5 – – – – 18 – – – 11 – 2 36 – – 4 – – –,0.8
V2-FR-IFOP-015,https://en.wikipedia.org/wiki/Opinion_polling_for_the_2027_French_presidential_election,wikipedia_excel_v2,Ifop,,,2026-02-26,2026-02-27,2026-02-27,1393.0,unknown,unknown,unknown,first_round,Hypothèse Édouard Philippe / Jordan Bardella / Bruno Retailleau,Marine Tondelier,LE,écologistes,5.0,,,,,,,2 – 3 11 – – 8 – 5 – – – – 18 – – – 11 – 2 36 – – 4 – – –,0.8
V2-FR-IFOP-015,https://en.wikipedia.org/wiki/Opinion_polling_for_the_2027_French_presidential_election,wikipedia_excel_v2,Ifop,,,2026-02-26,2026-02-27,2026-02-27,1393.0,unknown,unknown,unknown,first_round,Hypothèse Édouard Philippe / Jordan Bardella / Bruno Retailleau,Édouard Philippe,HOR,centre,18.0,,,,,,,2 – 3 11 – – 8 – 5 – – – – 18 – – – 11 – 2 36 – – 4 – – –,0.8
V2-FR-IFOP-015,https://en.wikipedia.org/wiki/Opinion_polling_for_the_2027_French_presidential_election,wikipedia_excel_v2,Ifop,,,2026-02-26,2026-02-27,2026-02-27,1393.0,unknown,unknown,unknown,first_round,Hypothèse Édouard Philippe / Jordan Bardella / Bruno Retailleau,Bruno Retailleau,LR,right,11.0,,,,,,,2 – 3 11 – – 8 – 5 – – – – 18 – – – 11 – 2 36 – – 4 – – –,0.8
V2-FR-IFOP-015,https://en.wikipedia.org/wiki/Opinion_polling_for_the_2027_French_presidential_election,wikipedia_excel_v2,Ifop,,,2026-02-26,2026-02-27,2026-02-27,1393.0,unknown,unknown,unknown,first_round,Hypothèse Édouard Philippe / Jordan Bardella / Bruno Retailleau,Nicolas Dupont-Aignan,DLF,sovereigntist_right,2.0,,,,,,,2 – 3 11 – – 8 – 5 – – – – 18 – – – 11 – 2 36 – – 4 – – –,0.8
V2-FR-IFOP-015,https://en.wikipedia.org/wiki/Opinion_polling_for_the_2027_French_presidential_election,wikipedia_excel_v2,Ifop,,,2026-02-26,2026-02-27,2026-02-27,1393.0,unknown,unknown,unknown,first_round,Hypothèse Édouard Philippe / Jordan Bardella / Bruno Retailleau,Jordan Bardella,RN,nationalist_right,36.0,,,,,,,2 – 3 11 – – 8 – 5 – – – – 18 – – – 11 – 2 36 – – 4 – – –,0.8
V2-FR-IFOP-015,https://en.wikipedia.org/wiki/Opinion_polling_for_the_2027_French_presidential_election,wikipedia_excel_v2,Ifop,,,2026-02-26,2026-02-27,2026-02-27,1393.0,unknown,unknown,unknown,first_round,Hypothèse Édouard Philippe / Jordan Bardella / Bruno Retailleau,Éric Zemmour,REC,far_right,4.0,,,,,,,2 – 3 11 – – 8 – 5 – – – – 18 – – – 11 – 2 36 – – 4 – – –,0.8
V2-FR-IFOP-016,https://en.wikipedia.org/wiki/Opinion_polling_for_the_2027_French_presidential_election,wikipedia_excel_v2,Ifop,,,2026-02-26,2026-02-27,2026-02-27,1393.0,unknown,unknown,unknown,first_round,Hypothèse Gabriel Attal / Jordan Bardella / Raphaël Glucksmann,Arlette Arthaud,LO,far_left,2.0,,,,,,,2 – 3 10 – – – 12 4 11 – – – – 4 – – 12 – 2 36 – – 4 – – –,0.8
V2-FR-IFOP-016,https://en.wikipedia.org/wiki/Opinion_polling_for_the_2027_French_presidential_election,wikipedia_excel_v2,Ifop,,,2026-02-26,2026-02-27,2026-02-27,1393.0,unknown,unknown,unknown,first_round,Hypothèse Gabriel Attal / Jordan Bardella / Raphaël Glucksmann,Fabien Roussel,PCF,left,3.0,,,,,,,2 – 3 10 – – – 12 4 11 – – – – 4 – – 12 – 2 36 – – 4 – – –,0.8
V2-FR-IFOP-016,https://en.wikipedia.org/wiki/Opinion_polling_for_the_2027_French_presidential_election,wikipedia_excel_v2,Ifop,,,2026-02-26,2026-02-27,2026-02-27,1393.0,unknown,unknown,unknown,first_round,Hypothèse Gabriel Attal / Jordan Bardella / Raphaël Glucksmann,Jean-Luc Mélenchon,LFI,left,10.0,,,,,,,2 – 3 10 – – – 12 4 11 – – – – 4 – – 12 – 2 36 – – 4 – – –,0.8
V2-FR-IFOP-016,https://en.wikipedia.org/wiki/Opinion_polling_for_the_2027_French_presidential_election,wikipedia_excel_v2,Ifop,,,2026-02-26,2026-02-27,2026-02-27,1393.0,unknown,unknown,unknown,first_round,Hypothèse Gabriel Attal / Jordan Bardella / Raphaël Glucksmann,Raphaël Glucksmann,PP,centre_gauche,12.0,,,,,,,2 – 3 10 – – – 12 4 11 – – – – 4 – – 12 – 2 36 – – 4 – – –,0.8
V2-FR-IFOP-016,https://en.wikipedia.org/wiki/Opinion_polling_for_the_2027_French_presidential_election,wikipedia_excel_v2,Ifop,,,2026-02-26,2026-02-27,2026-02-27,1393.0,unknown,unknown,unknown,first_round,Hypothèse Gabriel Attal / Jordan Bardella / Raphaël Glucksmann,Marine Tondelier,LE,écologistes,4.0,,,,,,,2 – 3 10 – – – 12 4 11 – – – – 4 – – 12 – 2 36 – – 4 – – –,0.8
V2-FR-IFOP-016,https://en.wikipedia.org/wiki/Opinion_polling_for_the_2027_French_presidential_election,wikipedia_excel_v2,Ifop,,,2026-02-26,2026-02-27,2026-02-27,1393.0,unknown,unknown,unknown,first_round,Hypothèse Gabriel Attal / Jordan Bardella / Raphaël Glucksmann,Gabriel Attal,RE,centre,11.0,,,,,,,2 – 3 10 – – – 12 4 11 – – – – 4 – – 12 – 2 36 – – 4 – – –,0.8
V2-FR-IFOP-016,https://en.wikipedia.org/wiki/Opinion_polling_for_the_2027_French_presidential_election,wikipedia_excel_v2,Ifop,,,2026-02-26,2026-02-27,2026-02-27,1393.0,unknown,unknown,unknown,first_round,Hypothèse Gabriel Attal / Jordan Bardella / Raphaël Glucksmann,Dominique de Villepin,LFH,droite_gaulliste,4.0,,,,,,,2 – 3 10 – – – 12 4 11 – – – – 4 – – 12 – 2 36 – – 4 – – –,0.8
V2-FR-IFOP-016,https://en.wikipedia.org/wiki/Opinion_polling_for_the_2027_French_presidential_election,wikipedia_excel_v2,Ifop,,,2026-02-26,2026-02-27,2026-02-27,1393.0,unknown,unknown,unknown,first_round,Hypothèse Gabriel Attal / Jordan Bardella / Raphaël Glucksmann,Bruno Retailleau,LR,right,12.0,,,,,,,2 – 3 10 – – – 12 4 11 – – – – 4 – – 12 – 2 36 – – 4 – – –,0.8
V2-FR-IFOP-016,https://en.wikipedia.org/wiki/Opinion_polling_for_the_2027_French_presidential_election,wikipedia_excel_v2,Ifop,,,2026-02-26,2026-02-27,2026-02-27,1393.0,unknown,unknown,unknown,first_round,Hypothèse Gabriel Attal / Jordan Bardella / Raphaël Glucksmann,Nicolas Dupont-Aignan,DLF,sovereigntist_right,2.0,,,,,,,2 – 3 10 – – – 12 4 11 – – – – 4 – – 12 – 2 36 – – 4 – – –,0.8
V2-FR-IFOP-016,https://en.wikipedia.org/wiki/Opinion_polling_for_the_2027_French_presidential_election,wikipedia_excel_v2,Ifop,,,2026-02-26,2026-02-27,2026-02-27,1393.0,unknown,unknown,unknown,first_round,Hypothèse Gabriel Attal / Jordan Bardella / Raphaël Glucksmann,Jordan Bardella,RN,nationalist_right,36.0,,,,,,,2 – 3 10 – – – 12 4 11 – – – – 4 – – 12 – 2 36 – – 4 – – –,0.8
V2-FR-IFOP-016,https://en.wikipedia.org/wiki/Opinion_polling_for_the_2027_French_presidential_election,wikipedia_excel_v2,Ifop,,,2026-02-26,2026-02-27,2026-02-27,1393.0,unknown,unknown,unknown,first_round,Hypothèse Gabriel Attal / Jordan Bardella / Raphaël Glucksmann,Éric Zemmour,REC,far_right,4.0,,,,,,,2 – 3 10 – – – 12 4 11 – – – – 4 – – 12 – 2 36 – – 4 – – –,0.8
V2-FR-IFOP-017,https://en.wikipedia.org/wiki/Opinion_polling_for_the_2027_French_presidential_election,wikipedia_excel_v2,Ifop,,,2026-02-26,2026-02-27,2026-02-27,1393.0,unknown,unknown,unknown,first_round,Hypothèse Jordan Bardella / Raphaël Glucksmann / Dominique de Villepin,Arlette Arthaud,LO,far_left,1.5,,,,,,,1.5 – 3 10 – – – 13 4 – 8 – – – 5 – – 13 – 2.5 37 – – 3 – – –,0.8
V2-FR-IFOP-017,https://en.wikipedia.org/wiki/Opinion_polling_for_the_2027_French_presidential_election,wikipedia_excel_v2,Ifop,,,2026-02-26,2026-02-27,2026-02-27,1393.0,unknown,unknown,unknown,first_round,Hypothèse Jordan Bardella / Raphaël Glucksmann / Dominique de Villepin,Fabien Roussel,PCF,left,3.0,,,,,,,1.5 – 3 10 – – – 13 4 – 8 – – – 5 – – 13 – 2.5 37 – – 3 – – –,0.8
V2-FR-IFOP-017,https://en.wikipedia.org/wiki/Opinion_polling_for_the_2027_French_presidential_election,wikipedia_excel_v2,Ifop,,,2026-02-26,2026-02-27,2026-02-27,1393.0,unknown,unknown,unknown,first_round,Hypothèse Jordan Bardella / Raphaël Glucksmann / Dominique de Villepin,Jean-Luc Mélenchon,LFI,left,10.0,,,,,,,1.5 – 3 10 – – – 13 4 – 8 – – – 5 – – 13 – 2.5 37 – – 3 – – –,0.8
V2-FR-IFOP-017,https://en.wikipedia.org/wiki/Opinion_polling_for_the_2027_French_presidential_election,wikipedia_excel_v2,Ifop,,,2026-02-26,2026-02-27,2026-02-27,1393.0,unknown,unknown,unknown,first_round,Hypothèse Jordan Bardella / Raphaël Glucksmann / Dominique de Villepin,Raphaël Glucksmann,PP,centre_gauche,13.0,,,,,,,1.5 – 3 10 – – – 13 4 – 8 – – – 5 – – 13 – 2.5 37 – – 3 – – –,0.8
V2-FR-IFOP-017,https://en.wikipedia.org/wiki/Opinion_polling_for_the_2027_French_presidential_election,wikipedia_excel_v2,Ifop,,,2026-02-26,2026-02-27,2026-02-27,1393.0,unknown,unknown,unknown,first_round,Hypothèse Jordan Bardella / Raphaël Glucksmann / Dominique de Villepin,Marine Tondelier,LE,écologistes,4.0,,,,,,,1.5 – 3 10 – – – 13 4 – 8 – – – 5 – – 13 – 2.5 37 – – 3 – – –,0.8
V2-FR-IFOP-017,https://en.wikipedia.org/wiki/Opinion_polling_for_the_2027_French_presidential_election,wikipedia_excel_v2,Ifop,,,2026-02-26,2026-02-27,2026-02-27,1393.0,unknown,unknown,unknown,first_round,Hypothèse Jordan Bardella / Raphaël Glucksmann / Dominique de Villepin,Gérald Darmanin,RE,centre_droit,8.0,,,,,,,1.5 – 3 10 – – – 13 4 – 8 – – – 5 – – 13 – 2.5 37 – – 3 – – –,0.8
V2-FR-IFOP-017,https://en.wikipedia.org/wiki/Opinion_polling_for_the_2027_French_presidential_election,wikipedia_excel_v2,Ifop,,,2026-02-26,2026-02-27,2026-02-27,1393.0,unknown,unknown,unknown,first_round,Hypothèse Jordan Bardella / Raphaël Glucksmann / Dominique de Villepin,Dominique de Villepin,LFH,droite_gaulliste,5.0,,,,,,,1.5 – 3 10 – – – 13 4 – 8 – – – 5 – – 13 – 2.5 37 – – 3 – – –,0.8
V2-FR-IFOP-017,https://en.wikipedia.org/wiki/Opinion_polling_for_the_2027_French_presidential_election,wikipedia_excel_v2,Ifop,,,2026-02-26,2026-02-27,2026-02-27,1393.0,unknown,unknown,unknown,first_round,Hypothèse Jordan Bardella / Raphaël Glucksmann / Dominique de Villepin,Bruno Retailleau,LR,right,13.0,,,,,,,1.5 – 3 10 – – – 13 4 – 8 – – – 5 – – 13 – 2.5 37 – – 3 – – –,0.8
V2-FR-IFOP-017,https://en.wikipedia.org/wiki/Opinion_polling_for_the_2027_French_presidential_election,wikipedia_excel_v2,Ifop,,,2026-02-26,2026-02-27,2026-02-27,1393.0,unknown,unknown,unknown,first_round,Hypothèse Jordan Bardella / Raphaël Glucksmann / Dominique de Villepin,Nicolas Dupont-Aignan,DLF,sovereigntist_right,2.5,,,,,,,1.5 – 3 10 – – – 13 4 – 8 – – – 5 – – 13 – 2.5 37 – – 3 – – –,0.8
V2-FR-IFOP-017,https://en.wikipedia.org/wiki/Opinion_polling_for_the_2027_French_presidential_election,wikipedia_excel_v2,Ifop,,,2026-02-26,2026-02-27,2026-02-27,1393.0,unknown,unknown,unknown,first_round,Hypothèse Jordan Bardella / Raphaël Glucksmann / Dominique de Villepin,Jordan Bardella,RN,nationalist_right,37.0,,,,,,,1.5 – 3 10 – – – 13 4 – 8 – – – 5 – – 13 – 2.5 37 – – 3 – – –,0.8
V2-FR-IFOP-017,https://en.wikipedia.org/wiki/Opinion_polling_for_the_2027_French_presidential_election,wikipedia_excel_v2,Ifop,,,2026-02-26,2026-02-27,2026-02-27,1393.0,unknown,unknown,unknown,first_round,Hypothèse Jordan Bardella / Raphaël Glucksmann / Dominique de Villepin,Éric Zemmour,REC,far_right,3.0,,,,,,,1.5 – 3 10 – – – 13 4 – 8 – – – 5 – – 13 – 2.5 37 – – 3 – – –,0.8
V2-FR-IFOP-018,https://en.wikipedia.org/wiki/Opinion_polling_for_the_2027_French_presidential_election,wikipedia_excel_v2,Ifop,,,2026-02-26,2026-02-27,2026-02-27,1393.0,unknown,unknown,unknown,first_round,Hypothèse Jordan Bardella / Raphaël Glucksmann / Dominique de Villepin,Arlette Arthaud,LO,far_left,2.0,,,,,,,2 – 3 10 – – – 13 4.5 – – 6 – – 5 – – 13 – 3 37 – – 3.5 – – –,0.8
V2-FR-IFOP-018,https://en.wikipedia.org/wiki/Opinion_polling_for_the_2027_French_presidential_election,wikipedia_excel_v2,Ifop,,,2026-02-26,2026-02-27,2026-02-27,1393.0,unknown,unknown,unknown,first_round,Hypothèse Jordan Bardella / Raphaël Glucksmann / Dominique de Villepin,Fabien Roussel,PCF,left,3.0,,,,,,,2 – 3 10 – – – 13 4.5 – – 6 – – 5 – – 13 – 3 37 – – 3.5 – – –,0.8
V2-FR-IFOP-018,https://en.wikipedia.org/wiki/Opinion_polling_for_the_2027_French_presidential_election,wikipedia_excel_v2,Ifop,,,2026-02-26,2026-02-27,2026-02-27,1393.0,unknown,unknown,unknown,first_round,Hypothèse Jordan Bardella / Raphaël Glucksmann / Dominique de Villepin,Jean-Luc Mélenchon,LFI,left,10.0,,,,,,,2 – 3 10 – – – 13 4.5 – – 6 – – 5 – – 13 – 3 37 – – 3.5 – – –,0.8
V2-FR-IFOP-018,https://en.wikipedia.org/wiki/Opinion_polling_for_the_2027_French_presidential_election,wikipedia_excel_v2,Ifop,,,2026-02-26,2026-02-27,2026-02-27,1393.0,unknown,unknown,unknown,first_round,Hypothèse Jordan Bardella / Raphaël Glucksmann / Dominique de Villepin,Raphaël Glucksmann,PP,centre_gauche,13.0,,,,,,,2 – 3 10 – – – 13 4.5 – – 6 – – 5 – – 13 – 3 37 – – 3.5 – – –,0.8
V2-FR-IFOP-018,https://en.wikipedia.org/wiki/Opinion_polling_for_the_2027_French_presidential_election,wikipedia_excel_v2,Ifop,,,2026-02-26,2026-02-27,2026-02-27,1393.0,unknown,unknown,unknown,first_round,Hypothèse Jordan Bardella / Raphaël Glucksmann / Dominique de Villepin,Marine Tondelier,LE,écologistes,4.5,,,,,,,2 – 3 10 – – – 13 4.5 – – 6 – – 5 – – 13 – 3 37 – – 3.5 – – –,0.8
V2-FR-IFOP-018,https://en.wikipedia.org/wiki/Opinion_polling_for_the_2027_French_presidential_election,wikipedia_excel_v2,Ifop,,,2026-02-26,2026-02-27,2026-02-27,1393.0,unknown,unknown,unknown,first_round,Hypothèse Jordan Bardella / Raphaël Glucksmann / Dominique de Villepin,Sébastien Lecornu,RE,centre_droit,6.0,,,,,,,2 – 3 10 – – – 13 4.5 – – 6 – – 5 – – 13 – 3 37 – – 3.5 – – –,0.8
V2-FR-IFOP-018,https://en.wikipedia.org/wiki/Opinion_polling_for_the_2027_French_presidential_election,wikipedia_excel_v2,Ifop,,,2026-02-26,2026-02-27,2026-02-27,1393.0,unknown,unknown,unknown,first_round,Hypothèse Jordan Bardella / Raphaël Glucksmann / Dominique de Villepin,Dominique de Villepin,LFH,droite_gaulliste,5.0,,,,,,,2 – 3 10 – – – 13 4.5 – – 6 – – 5 – – 13 – 3 37 – – 3.5 – – –,0.8
V2-FR-IFOP-018,https://en.wikipedia.org/wiki/Opinion_polling_for_the_2027_French_presidential_election,wikipedia_excel_v2,Ifop,,,2026-02-26,2026-02-27,2026-02-27,1393.0,unknown,unknown,unknown,first_round,Hypothèse Jordan Bardella / Raphaël Glucksmann / Dominique de Villepin,Bruno Retailleau,LR,right,13.0,,,,,,,2 – 3 10 – – – 13 4.5 – – 6 – – 5 – – 13 – 3 37 – – 3.5 – – –,0.8
V2-FR-IFOP-018,https://en.wikipedia.org/wiki/Opinion_polling_for_the_2027_French_presidential_election,wikipedia_excel_v2,Ifop,,,2026-02-26,2026-02-27,2026-02-27,1393.0,unknown,unknown,unknown,first_round,Hypothèse Jordan Bardella / Raphaël Glucksmann / Dominique de Villepin,Nicolas Dupont-Aignan,DLF,sovereigntist_right,3.0,,,,,,,2 – 3 10 – – – 13 4.5 – – 6 – – 5 – – 13 – 3 37 – – 3.5 – – –,0.8
V2-FR-IFOP-018,https://en.wikipedia.org/wiki/Opinion_polling_for_the_2027_French_presidential_election,wikipedia_excel_v2,Ifop,,,2026-02-26,2026-02-27,2026-02-27,1393.0,unknown,unknown,unknown,first_round,Hypothèse Jordan Bardella / Raphaël Glucksmann / Dominique de Villepin,Jordan Bardella,RN,nationalist_right,37.0,,,,,,,2 – 3 10 – – – 13 4.5 – – 6 – – 5 – – 13 – 3 37 – – 3.5 – – –,0.8
V2-FR-IFOP-018,https://en.wikipedia.org/wiki/Opinion_polling_for_the_2027_French_presidential_election,wikipedia_excel_v2,Ifop,,,2026-02-26,2026-02-27,2026-02-27,1393.0,unknown,unknown,unknown,first_round,Hypothèse Jordan Bardella / Raphaël Glucksmann / Dominique de Villepin,Éric Zemmour,REC,far_right,3.5,,,,,,,2 – 3 10 – – – 13 4.5 – – 6 – – 5 – – 13 – 3 37 – – 3.5 – – –,0.8
V2-FR-IFOP-019,https://en.wikipedia.org/wiki/Opinion_polling_for_the_2027_French_presidential_election,wikipedia_excel_v2,Ifop,,,2026-02-26,2026-02-27,2026-02-27,1393.0,unknown,unknown,unknown,first_round,Hypothèse Édouard Philippe / Jordan Bardella / Raphaël Glucksmann,Arlette Arthaud,LO,far_left,1.0,,,,,,,1 – 2 11 – – – 10 4 – – – – 16 3.5 – – 10 – 2.5 36 – – 4 – – –,0.8
V2-FR-IFOP-019,https://en.wikipedia.org/wiki/Opinion_polling_for_the_2027_French_presidential_election,wikipedia_excel_v2,Ifop,,,2026-02-26,2026-02-27,2026-02-27,1393.0,unknown,unknown,unknown,first_round,Hypothèse Édouard Philippe / Jordan Bardella / Raphaël Glucksmann,Fabien Roussel,PCF,left,2.0,,,,,,,1 – 2 11 – – – 10 4 – – – – 16 3.5 – – 10 – 2.5 36 – – 4 – – –,0.8
V2-FR-IFOP-019,https://en.wikipedia.org/wiki/Opinion_polling_for_the_2027_French_presidential_election,wikipedia_excel_v2,Ifop,,,2026-02-26,2026-02-27,2026-02-27,1393.0,unknown,unknown,unknown,first_round,Hypothèse Édouard Philippe / Jordan Bardella / Raphaël Glucksmann,Jean-Luc Mélenchon,LFI,left,11.0,,,,,,,1 – 2 11 – – – 10 4 – – – – 16 3.5 – – 10 – 2.5 36 – – 4 – – –,0.8
V2-FR-IFOP-019,https://en.wikipedia.org/wiki/Opinion_polling_for_the_2027_French_presidential_election,wikipedia_excel_v2,Ifop,,,2026-02-26,2026-02-27,2026-02-27,1393.0,unknown,unknown,unknown,first_round,Hypothèse Édouard Philippe / Jordan Bardella / Raphaël Glucksmann,Raphaël Glucksmann,PP,centre_gauche,10.0,,,,,,,1 – 2 11 – – – 10 4 – – – – 16 3.5 – – 10 – 2.5 36 – – 4 – – –,0.8
V2-FR-IFOP-019,https://en.wikipedia.org/wiki/Opinion_polling_for_the_2027_French_presidential_election,wikipedia_excel_v2,Ifop,,,2026-02-26,2026-02-27,2026-02-27,1393.0,unknown,unknown,unknown,first_round,Hypothèse Édouard Philippe / Jordan Bardella / Raphaël Glucksmann,Marine Tondelier,LE,écologistes,4.0,,,,,,,1 – 2 11 – – – 10 4 – – – – 16 3.5 – – 10 – 2.5 36 – – 4 – – –,0.8
V2-FR-IFOP-019,https://en.wikipedia.org/wiki/Opinion_polling_for_the_2027_French_presidential_election,wikipedia_excel_v2,Ifop,,,2026-02-26,2026-02-27,2026-02-27,1393.0,unknown,unknown,unknown,first_round,Hypothèse Édouard Philippe / Jordan Bardella / Raphaël Glucksmann,Édouard Philippe,HOR,centre,16.0,,,,,,,1 – 2 11 – – – 10 4 – – – – 16 3.5 – – 10 – 2.5 36 – – 4 – – –,0.8
V2-FR-IFOP-019,https://en.wikipedia.org/wiki/Opinion_polling_for_the_2027_French_presidential_election,wikipedia_excel_v2,Ifop,,,2026-02-26,2026-02-27,2026-02-27,1393.0,unknown,unknown,unknown,first_round,Hypothèse Édouard Philippe / Jordan Bardella / Raphaël Glucksmann,Dominique de Villepin,LFH,droite_gaulliste,3.5,,,,,,,1 – 2 11 – – – 10 4 – – – – 16 3.5 – – 10 – 2.5 36 – – 4 – – –,0.8
V2-FR-IFOP-019,https://en.wikipedia.org/wiki/Opinion_polling_for_the_2027_French_presidential_election,wikipedia_excel_v2,Ifop,,,2026-02-26,2026-02-27,2026-02-27,1393.0,unknown,unknown,unknown,first_round,Hypothèse Édouard Philippe / Jordan Bardella / Raphaël Glucksmann,Bruno Retailleau,LR,right,10.0,,,,,,,1 – 2 11 – – – 10 4 – – – – 16 3.5 – – 10 – 2.5 36 – – 4 – – –,0.8
V2-FR-IFOP-019,https://en.wikipedia.org/wiki/Opinion_polling_for_the_2027_French_presidential_election,wikipedia_excel_v2,Ifop,,,2026-02-26,2026-02-27,2026-02-27,1393.0,unknown,unknown,unknown,first_round,Hypothèse Édouard Philippe / Jordan Bardella / Raphaël Glucksmann,Nicolas Dupont-Aignan,DLF,sovereigntist_right,2.5,,,,,,,1 – 2 11 – – – 10 4 – – – – 16 3.5 – – 10 – 2.5 36 – – 4 – – –,0.8
V2-FR-IFOP-019,https://en.wikipedia.org/wiki/Opinion_polling_for_the_2027_French_presidential_election,wikipedia_excel_v2,Ifop,,,2026-02-26,2026-02-27,2026-02-27,1393.0,unknown,unknown,unknown,first_round,Hypothèse Édouard Philippe / Jordan Bardella / Raphaël Glucksmann,Jordan Bardella,RN,nationalist_right,36.0,,,,,,,1 – 2 11 – – – 10 4 – – – – 16 3.5 – – 10 – 2.5 36 – – 4 – – –,0.8
V2-FR-IFOP-019,https://en.wikipedia.org/wiki/Opinion_polling_for_the_2027_French_presidential_election,wikipedia_excel_v2,Ifop,,,2026-02-26,2026-02-27,2026-02-27,1393.0,unknown,unknown,unknown,first_round,Hypothèse Édouard Philippe / Jordan Bardella / Raphaël Glucksmann,Éric Zemmour,REC,far_right,4.0,,,,,,,1 – 2 11 – – – 10 4 – – – – 16 3.5 – – 10 – 2.5 36 – – 4 – – –,0.8
V2-FR-IFOP-020,https://en.wikipedia.org/wiki/Opinion_polling_for_the_2027_French_presidential_election,wikipedia_excel_v2,Ifop,,,2026-02-26,2026-02-27,2026-02-27,1393.0,unknown,unknown,unknown,first_round,Hypothèse Édouard Philippe / Jordan Bardella / Raphaël Glucksmann,Arlette Arthaud,LO,far_left,2.0,,,,,,,2 – 2.5 12 – – – 11 4.5 – – – – 23 – – – – – 3 37 – – 5 – – –,0.8
V2-FR-IFOP-020,https://en.wikipedia.org/wiki/Opinion_polling_for_the_2027_French_presidential_election,wikipedia_excel_v2,Ifop,,,2026-02-26,2026-02-27,2026-02-27,1393.0,unknown,unknown,unknown,first_round,Hypothèse Édouard Philippe / Jordan Bardella / Raphaël Glucksmann,Fabien Roussel,PCF,left,2.5,,,,,,,2 – 2.5 12 – – – 11 4.5 – – – – 23 – – – – – 3 37 – – 5 – – –,0.8
V2-FR-IFOP-020,https://en.wikipedia.org/wiki/Opinion_polling_for_the_2027_French_presidential_election,wikipedia_excel_v2,Ifop,,,2026-02-26,2026-02-27,2026-02-27,1393.0,unknown,unknown,unknown,first_round,Hypothèse Édouard Philippe / Jordan Bardella / Raphaël Glucksmann,Jean-Luc Mélenchon,LFI,left,12.0,,,,,,,2 – 2.5 12 – – – 11 4.5 – – – – 23 – – – – – 3 37 – – 5 – – –,0.8
V2-FR-IFOP-020,https://en.wikipedia.org/wiki/Opinion_polling_for_the_2027_French_presidential_election,wikipedia_excel_v2,Ifop,,,2026-02-26,2026-02-27,2026-02-27,1393.0,unknown,unknown,unknown,first_round,Hypothèse Édouard Philippe / Jordan Bardella / Raphaël Glucksmann,Raphaël Glucksmann,PP,centre_gauche,11.0,,,,,,,2 – 2.5 12 – – – 11 4.5 – – – – 23 – – – – – 3 37 – – 5 – – –,0.8
V2-FR-IFOP-020,https://en.wikipedia.org/wiki/Opinion_polling_for_the_2027_French_presidential_election,wikipedia_excel_v2,Ifop,,,2026-02-26,2026-02-27,2026-02-27,1393.0,unknown,unknown,unknown,first_round,Hypothèse Édouard Philippe / Jordan Bardella / Raphaël Glucksmann,Marine Tondelier,LE,écologistes,4.5,,,,,,,2 – 2.5 12 – – – 11 4.5 – – – – 23 – – – – – 3 37 – – 5 – – –,0.8
V2-FR-IFOP-020,https://en.wikipedia.org/wiki/Opinion_polling_for_the_2027_French_presidential_election,wikipedia_excel_v2,Ifop,,,2026-02-26,2026-02-27,2026-02-27,1393.0,unknown,unknown,unknown,first_round,Hypothèse Édouard Philippe / Jordan Bardella / Raphaël Glucksmann,Édouard Philippe,HOR,centre,23.0,,,,,,,2 – 2.5 12 – – – 11 4.5 – – – – 23 – – – – – 3 37 – – 5 – – –,0.8
V2-FR-IFOP-020,https://en.wikipedia.org/wiki/Opinion_polling_for_the_2027_French_presidential_election,wikipedia_excel_v2,Ifop,,,2026-02-26,2026-02-27,2026-02-27,1393.0,unknown,unknown,unknown,first_round,Hypothèse Édouard Philippe / Jordan Bardella / Raphaël Glucksmann,Nicolas Dupont-Aignan,DLF,sovereigntist_right,3.0,,,,,,,2 – 2.5 12 – – – 11 4.5 – – – – 23 – – – – – 3 37 – – 5 – – –,0.8
V2-FR-IFOP-020,https://en.wikipedia.org/wiki/Opinion_polling_for_the_2027_French_presidential_election,wikipedia_excel_v2,Ifop,,,2026-02-26,2026-02-27,2026-02-27,1393.0,unknown,unknown,unknown,first_round,Hypothèse Édouard Philippe / Jordan Bardella / Raphaël Glucksmann,Jordan Bardella,RN,nationalist_right,37.0,,,,,,,2 – 2.5 12 – – – 11 4.5 – – – – 23 – – – – – 3 37 – – 5 – – –,0.8
V2-FR-IFOP-020,https://en.wikipedia.org/wiki/Opinion_polling_for_the_2027_French_presidential_election,wikipedia_excel_v2,Ifop,,,2026-02-26,2026-02-27,2026-02-27,1393.0,unknown,unknown,unknown,first_round,Hypothèse Édouard Philippe / Jordan Bardella / Raphaël Glucksmann,Éric Zemmour,REC,far_right,5.0,,,,,,,2 – 2.5 12 – – – 11 4.5 – – – – 23 – – – – – 3 37 – – 5 – – –,0.8
V2-FR-IFOP-021,https://en.wikipedia.org/wiki/Opinion_polling_for_the_2027_French_presidential_election,wikipedia_excel_v2,Ifop,,,2026-02-26,2026-02-27,2026-02-27,1393.0,unknown,unknown,unknown,first_round,Hypothèse Jordan Bardella / Raphaël Glucksmann / Bruno Retailleau,Arlette Arthaud,LO,far_left,2.0,,,,,,,2 – 3 12 – – – 16 5 – – – – – – – – 17 – 3 38 – – 4 – – –,0.8
V2-FR-IFOP-021,https://en.wikipedia.org/wiki/Opinion_polling_for_the_2027_French_presidential_election,wikipedia_excel_v2,Ifop,,,2026-02-26,2026-02-27,2026-02-27,1393.0,unknown,unknown,unknown,first_round,Hypothèse Jordan Bardella / Raphaël Glucksmann / Bruno Retailleau,Fabien Roussel,PCF,left,3.0,,,,,,,2 – 3 12 – – – 16 5 – – – – – – – – 17 – 3 38 – – 4 – – –,0.8
V2-FR-IFOP-021,https://en.wikipedia.org/wiki/Opinion_polling_for_the_2027_French_presidential_election,wikipedia_excel_v2,Ifop,,,2026-02-26,2026-02-27,2026-02-27,1393.0,unknown,unknown,unknown,first_round,Hypothèse Jordan Bardella / Raphaël Glucksmann / Bruno Retailleau,Jean-Luc Mélenchon,LFI,left,12.0,,,,,,,2 – 3 12 – – – 16 5 – – – – – – – – 17 – 3 38 – – 4 – – –,0.8
V2-FR-IFOP-021,https://en.wikipedia.org/wiki/Opinion_polling_for_the_2027_French_presidential_election,wikipedia_excel_v2,Ifop,,,2026-02-26,2026-02-27,2026-02-27,1393.0,unknown,unknown,unknown,first_round,Hypothèse Jordan Bardella / Raphaël Glucksmann / Bruno Retailleau,Raphaël Glucksmann,PP,centre_gauche,16.0,,,,,,,2 – 3 12 – – – 16 5 – – – – – – – – 17 – 3 38 – – 4 – – –,0.8
V2-FR-IFOP-021,https://en.wikipedia.org/wiki/Opinion_polling_for_the_2027_French_presidential_election,wikipedia_excel_v2,Ifop,,,2026-02-26,2026-02-27,2026-02-27,1393.0,unknown,unknown,unknown,first_round,Hypothèse Jordan Bardella / Raphaël Glucksmann / Bruno Retailleau,Marine Tondelier,LE,écologistes,5.0,,,,,,,2 – 3 12 – – – 16 5 – – – – – – – – 17 – 3 38 – – 4 – – –,0.8
V2-FR-IFOP-021,https://en.wikipedia.org/wiki/Opinion_polling_for_the_2027_French_presidential_election,wikipedia_excel_v2,Ifop,,,2026-02-26,2026-02-27,2026-02-27,1393.0,unknown,unknown,unknown,first_round,Hypothèse Jordan Bardella / Raphaël Glucksmann / Bruno Retailleau,Bruno Retailleau,LR,right,17.0,,,,,,,2 – 3 12 – – – 16 5 – – – – – – – – 17 – 3 38 – – 4 – – –,0.8
V2-FR-IFOP-021,https://en.wikipedia.org/wiki/Opinion_polling_for_the_2027_French_presidential_election,wikipedia_excel_v2,Ifop,,,2026-02-26,2026-02-27,2026-02-27,1393.0,unknown,unknown,unknown,first_round,Hypothèse Jordan Bardella / Raphaël Glucksmann / Bruno Retailleau,Nicolas Dupont-Aignan,DLF,sovereigntist_right,3.0,,,,,,,2 – 3 12 – – – 16 5 – – – – – – – – 17 – 3 38 – – 4 – – –,0.8
V2-FR-IFOP-021,https://en.wikipedia.org/wiki/Opinion_polling_for_the_2027_French_presidential_election,wikipedia_excel_v2,Ifop,,,2026-02-26,2026-02-27,2026-02-27,1393.0,unknown,unknown,unknown,first_round,Hypothèse Jordan Bardella / Raphaël Glucksmann / Bruno Retailleau,Jordan Bardella,RN,nationalist_right,38.0,,,,,,,2 – 3 12 – – – 16 5 – – – – – – – – 17 – 3 38 – – 4 – – –,0.8
V2-FR-IFOP-021,https://en.wikipedia.org/wiki/Opinion_polling_for_the_2027_French_presidential_election,wikipedia_excel_v2,Ifop,,,2026-02-26,2026-02-27,2026-02-27,1393.0,unknown,unknown,unknown,first_round,Hypothèse Jordan Bardella / Raphaël Glucksmann / Bruno Retailleau,Éric Zemmour,REC,far_right,4.0,,,,,,,2 – 3 12 – – – 16 5 – – – – – – – – 17 – 3 38 – – 4 – – –,0.8
V2-FR-IFOP-022,https://en.wikipedia.org/wiki/Opinion_polling_for_the_2027_French_presidential_election,wikipedia_excel_v2,Ifop,,,2026-02-01,2026-02-06,2026-02-06,1137.0,unknown,unknown,unknown,first_round,Scénario Édouard Philippe / Gabriel Attal / Jordan Bardella,Arlette Arthaud,LO,far_left,1.0,,,,,,,1 – 3 13 – – – 9 3 8 – – – 11 2 – – 6 – 2 36 – – 4 – – –,0.8
V2-FR-IFOP-022,https://en.wikipedia.org/wiki/Opinion_polling_for_the_2027_French_presidential_election,wikipedia_excel_v2,Ifop,,,2026-02-01,2026-02-06,2026-02-06,1137.0,unknown,unknown,unknown,first_round,Scénario Édouard Philippe / Gabriel Attal / Jordan Bardella,Fabien Roussel,PCF,left,3.0,,,,,,,1 – 3 13 – – – 9 3 8 – – – 11 2 – – 6 – 2 36 – – 4 – – –,0.8
V2-FR-IFOP-022,https://en.wikipedia.org/wiki/Opinion_polling_for_the_2027_French_presidential_election,wikipedia_excel_v2,Ifop,,,2026-02-01,2026-02-06,2026-02-06,1137.0,unknown,unknown,unknown,first_round,Scénario Édouard Philippe / Gabriel Attal / Jordan Bardella,Jean-Luc Mélenchon,LFI,left,13.0,,,,,,,1 – 3 13 – – – 9 3 8 – – – 11 2 – – 6 – 2 36 – – 4 – – –,0.8
V2-FR-IFOP-022,https://en.wikipedia.org/wiki/Opinion_polling_for_the_2027_French_presidential_election,wikipedia_excel_v2,Ifop,,,2026-02-01,2026-02-06,2026-02-06,1137.0,unknown,unknown,unknown,first_round,Scénario Édouard Philippe / Gabriel Attal / Jordan Bardella,Raphaël Glucksmann,PP,centre_gauche,9.0,,,,,,,1 – 3 13 – – – 9 3 8 – – – 11 2 – – 6 – 2 36 – – 4 – – –,0.8
V2-FR-IFOP-022,https://en.wikipedia.org/wiki/Opinion_polling_for_the_2027_French_presidential_election,wikipedia_excel_v2,Ifop,,,2026-02-01,2026-02-06,2026-02-06,1137.0,unknown,unknown,unknown,first_round,Scénario Édouard Philippe / Gabriel Attal / Jordan Bardella,Marine Tondelier,LE,écologistes,3.0,,,,,,,1 – 3 13 – – – 9 3 8 – – – 11 2 – – 6 – 2 36 – – 4 – – –,0.8
V2-FR-IFOP-022,https://en.wikipedia.org/wiki/Opinion_polling_for_the_2027_French_presidential_election,wikipedia_excel_v2,Ifop,,,2026-02-01,2026-02-06,2026-02-06,1137.0,unknown,unknown,unknown,first_round,Scénario Édouard Philippe / Gabriel Attal / Jordan Bardella,Gabriel Attal,RE,centre,8.0,,,,,,,1 – 3 13 – – – 9 3 8 – – – 11 2 – – 6 – 2 36 – – 4 – – –,0.8
V2-FR-IFOP-022,https://en.wikipedia.org/wiki/Opinion_polling_for_the_2027_French_presidential_election,wikipedia_excel_v2,Ifop,,,2026-02-01,2026-02-06,2026-02-06,1137.0,unknown,unknown,unknown,first_round,Scénario Édouard Philippe / Gabriel Attal / Jordan Bardella,Édouard Philippe,HOR,centre,11.0,,,,,,,1 – 3 13 – – – 9 3 8 – – – 11 2 – – 6 – 2 36 – – 4 – – –,0.8
V2-FR-IFOP-022,https://en.wikipedia.org/wiki/Opinion_polling_for_the_2027_French_presidential_election,wikipedia_excel_v2,Ifop,,,2026-02-01,2026-02-06,2026-02-06,1137.0,unknown,unknown,unknown,first_round,Scénario Édouard Philippe / Gabriel Attal / Jordan Bardella,Dominique de Villepin,LFH,droite_gaulliste,2.0,,,,,,,1 – 3 13 – – – 9 3 8 – – – 11 2 – – 6 – 2 36 – – 4 – – –,0.8
V2-FR-IFOP-022,https://en.wikipedia.org/wiki/Opinion_polling_for_the_2027_French_presidential_election,wikipedia_excel_v2,Ifop,,,2026-02-01,2026-02-06,2026-02-06,1137.0,unknown,unknown,unknown,first_round,Scénario Édouard Philippe / Gabriel Attal / Jordan Bardella,Bruno Retailleau,LR,right,6.0,,,,,,,1 – 3 13 – – – 9 3 8 – – – 11 2 – – 6 – 2 36 – – 4 – – –,0.8
V2-FR-IFOP-022,https://en.wikipedia.org/wiki/Opinion_polling_for_the_2027_French_presidential_election,wikipedia_excel_v2,Ifop,,,2026-02-01,2026-02-06,2026-02-06,1137.0,unknown,unknown,unknown,first_round,Scénario Édouard Philippe / Gabriel Attal / Jordan Bardella,Nicolas Dupont-Aignan,DLF,sovereigntist_right,2.0,,,,,,,1 – 3 13 – – – 9 3 8 – – – 11 2 – – 6 – 2 36 – – 4 – – –,0.8
V2-FR-IFOP-022,https://en.wikipedia.org/wiki/Opinion_polling_for_the_2027_French_presidential_election,wikipedia_excel_v2,Ifop,,,2026-02-01,2026-02-06,2026-02-06,1137.0,unknown,unknown,unknown,first_round,Scénario Édouard Philippe / Gabriel Attal / Jordan Bardella,Jordan Bardella,RN,nationalist_right,36.0,,,,,,,1 – 3 13 – – – 9 3 8 – – – 11 2 – – 6 – 2 36 – – 4 – – –,0.8
V2-FR-IFOP-022,https://en.wikipedia.org/wiki/Opinion_polling_for_the_2027_French_presidential_election,wikipedia_excel_v2,Ifop,,,2026-02-01,2026-02-06,2026-02-06,1137.0,unknown,unknown,unknown,first_round,Scénario Édouard Philippe / Gabriel Attal / Jordan Bardella,Éric Zemmour,REC,far_right,4.0,,,,,,,1 – 3 13 – – – 9 3 8 – – – 11 2 – – 6 – 2 36 – – 4 – – –,0.8
V2-FR-ODOXA-023,https://en.wikipedia.org/wiki/Opinion_polling_for_the_2027_French_presidential_election,wikipedia_excel_v2,Odoxa,,,2025-11-19,2025-11-20,2025-11-20,1300.0,unknown,unknown,unknown,first_round,Hypothèse Gabriel Attal,Arlette Arthaud,LO,far_left,1.0,,,,,,,1 – 3 12 – – – 14.5 6.5 11 – – – – – – – 10 – 3 36 – – 3 – – –,0.8
V2-FR-ODOXA-023,https://en.wikipedia.org/wiki/Opinion_polling_for_the_2027_French_presidential_election,wikipedia_excel_v2,Odoxa,,,2025-11-19,2025-11-20,2025-11-20,1300.0,unknown,unknown,unknown,first_round,Hypothèse Gabriel Attal,Fabien Roussel,PCF,left,3.0,,,,,,,1 – 3 12 – – – 14.5 6.5 11 – – – – – – – 10 – 3 36 – – 3 – – –,0.8
V2-FR-ODOXA-023,https://en.wikipedia.org/wiki/Opinion_polling_for_the_2027_French_presidential_election,wikipedia_excel_v2,Odoxa,,,2025-11-19,2025-11-20,2025-11-20,1300.0,unknown,unknown,unknown,first_round,Hypothèse Gabriel Attal,Jean-Luc Mélenchon,LFI,left,12.0,,,,,,,1 – 3 12 – – – 14.5 6.5 11 – – – – – – – 10 – 3 36 – – 3 – – –,0.8
V2-FR-ODOXA-023,https://en.wikipedia.org/wiki/Opinion_polling_for_the_2027_French_presidential_election,wikipedia_excel_v2,Odoxa,,,2025-11-19,2025-11-20,2025-11-20,1300.0,unknown,unknown,unknown,first_round,Hypothèse Gabriel Attal,Raphaël Glucksmann,PP,centre_gauche,14.5,,,,,,,1 – 3 12 – – – 14.5 6.5 11 – – – – – – – 10 – 3 36 – – 3 – – –,0.8
V2-FR-ODOXA-023,https://en.wikipedia.org/wiki/Opinion_polling_for_the_2027_French_presidential_election,wikipedia_excel_v2,Odoxa,,,2025-11-19,2025-11-20,2025-11-20,1300.0,unknown,unknown,unknown,first_round,Hypothèse Gabriel Attal,Marine Tondelier,LE,écologistes,6.5,,,,,,,1 – 3 12 – – – 14.5 6.5 11 – – – – – – – 10 – 3 36 – – 3 – – –,0.8
V2-FR-ODOXA-023,https://en.wikipedia.org/wiki/Opinion_polling_for_the_2027_French_presidential_election,wikipedia_excel_v2,Odoxa,,,2025-11-19,2025-11-20,2025-11-20,1300.0,unknown,unknown,unknown,first_round,Hypothèse Gabriel Attal,Gabriel Attal,RE,centre,11.0,,,,,,,1 – 3 12 – – – 14.5 6.5 11 – – – – – – – 10 – 3 36 – – 3 – – –,0.8
V2-FR-ODOXA-023,https://en.wikipedia.org/wiki/Opinion_polling_for_the_2027_French_presidential_election,wikipedia_excel_v2,Odoxa,,,2025-11-19,2025-11-20,2025-11-20,1300.0,unknown,unknown,unknown,first_round,Hypothèse Gabriel Attal,Bruno Retailleau,LR,right,10.0,,,,,,,1 – 3 12 – – – 14.5 6.5 11 – – – – – – – 10 – 3 36 – – 3 – – –,0.8
V2-FR-ODOXA-023,https://en.wikipedia.org/wiki/Opinion_polling_for_the_2027_French_presidential_election,wikipedia_excel_v2,Odoxa,,,2025-11-19,2025-11-20,2025-11-20,1300.0,unknown,unknown,unknown,first_round,Hypothèse Gabriel Attal,Nicolas Dupont-Aignan,DLF,sovereigntist_right,3.0,,,,,,,1 – 3 12 – – – 14.5 6.5 11 – – – – – – – 10 – 3 36 – – 3 – – –,0.8
V2-FR-ODOXA-023,https://en.wikipedia.org/wiki/Opinion_polling_for_the_2027_French_presidential_election,wikipedia_excel_v2,Odoxa,,,2025-11-19,2025-11-20,2025-11-20,1300.0,unknown,unknown,unknown,first_round,Hypothèse Gabriel Attal,Jordan Bardella,RN,nationalist_right,36.0,,,,,,,1 – 3 12 – – – 14.5 6.5 11 – – – – – – – 10 – 3 36 – – 3 – – –,0.8
V2-FR-ODOXA-023,https://en.wikipedia.org/wiki/Opinion_polling_for_the_2027_French_presidential_election,wikipedia_excel_v2,Odoxa,,,2025-11-19,2025-11-20,2025-11-20,1300.0,unknown,unknown,unknown,first_round,Hypothèse Gabriel Attal,Éric Zemmour,REC,far_right,3.0,,,,,,,1 – 3 12 – – – 14.5 6.5 11 – – – – – – – 10 – 3 36 – – 3 – – –,0.8
V2-FR-ODOXA-024,https://en.wikipedia.org/wiki/Opinion_polling_for_the_2027_French_presidential_election,wikipedia_excel_v2,Odoxa,,,2025-11-19,2025-11-20,2025-11-20,1300.0,unknown,unknown,unknown,first_round,Hypothèse Édouard Philippe,Arlette Arthaud,LO,far_left,1.0,,,,,,,1 – 3 11 – – – 13.5 6 – – – – 17 – – – 8 – 2 35 – – 3.5 – – –,0.8
V2-FR-ODOXA-024,https://en.wikipedia.org/wiki/Opinion_polling_for_the_2027_French_presidential_election,wikipedia_excel_v2,Odoxa,,,2025-11-19,2025-11-20,2025-11-20,1300.0,unknown,unknown,unknown,first_round,Hypothèse Édouard Philippe,Fabien Roussel,PCF,left,3.0,,,,,,,1 – 3 11 – – – 13.5 6 – – – – 17 – – – 8 – 2 35 – – 3.5 – – –,0.8
V2-FR-ODOXA-024,https://en.wikipedia.org/wiki/Opinion_polling_for_the_2027_French_presidential_election,wikipedia_excel_v2,Odoxa,,,2025-11-19,2025-11-20,2025-11-20,1300.0,unknown,unknown,unknown,first_round,Hypothèse Édouard Philippe,Jean-Luc Mélenchon,LFI,left,11.0,,,,,,,1 – 3 11 – – – 13.5 6 – – – – 17 – – – 8 – 2 35 – – 3.5 – – –,0.8
V2-FR-ODOXA-024,https://en.wikipedia.org/wiki/Opinion_polling_for_the_2027_French_presidential_election,wikipedia_excel_v2,Odoxa,,,2025-11-19,2025-11-20,2025-11-20,1300.0,unknown,unknown,unknown,first_round,Hypothèse Édouard Philippe,Raphaël Glucksmann,PP,centre_gauche,13.5,,,,,,,1 – 3 11 – – – 13.5 6 – – – – 17 – – – 8 – 2 35 – – 3.5 – – –,0.8
V2-FR-ODOXA-024,https://en.wikipedia.org/wiki/Opinion_polling_for_the_2027_French_presidential_election,wikipedia_excel_v2,Odoxa,,,2025-11-19,2025-11-20,2025-11-20,1300.0,unknown,unknown,unknown,first_round,Hypothèse Édouard Philippe,Marine Tondelier,LE,écologistes,6.0,,,,,,,1 – 3 11 – – – 13.5 6 – – – – 17 – – – 8 – 2 35 – – 3.5 – – –,0.8
V2-FR-ODOXA-024,https://en.wikipedia.org/wiki/Opinion_polling_for_the_2027_French_presidential_election,wikipedia_excel_v2,Odoxa,,,2025-11-19,2025-11-20,2025-11-20,1300.0,unknown,unknown,unknown,first_round,Hypothèse Édouard Philippe,Édouard Philippe,HOR,centre,17.0,,,,,,,1 – 3 11 – – – 13.5 6 – – – – 17 – – – 8 – 2 35 – – 3.5 – – –,0.8
V2-FR-ODOXA-024,https://en.wikipedia.org/wiki/Opinion_polling_for_the_2027_French_presidential_election,wikipedia_excel_v2,Odoxa,,,2025-11-19,2025-11-20,2025-11-20,1300.0,unknown,unknown,unknown,first_round,Hypothèse Édouard Philippe,Bruno Retailleau,LR,right,8.0,,,,,,,1 – 3 11 – – – 13.5 6 – – – – 17 – – – 8 – 2 35 – – 3.5 – – –,0.8
V2-FR-ODOXA-024,https://en.wikipedia.org/wiki/Opinion_polling_for_the_2027_French_presidential_election,wikipedia_excel_v2,Odoxa,,,2025-11-19,2025-11-20,2025-11-20,1300.0,unknown,unknown,unknown,first_round,Hypothèse Édouard Philippe,Nicolas Dupont-Aignan,DLF,sovereigntist_right,2.0,,,,,,,1 – 3 11 – – – 13.5 6 – – – – 17 – – – 8 – 2 35 – – 3.5 – – –,0.8
V2-FR-ODOXA-024,https://en.wikipedia.org/wiki/Opinion_polling_for_the_2027_French_presidential_election,wikipedia_excel_v2,Odoxa,,,2025-11-19,2025-11-20,2025-11-20,1300.0,unknown,unknown,unknown,first_round,Hypothèse Édouard Philippe,Jordan Bardella,RN,nationalist_right,35.0,,,,,,,1 – 3 11 – – – 13.5 6 – – – – 17 – – – 8 – 2 35 – – 3.5 – – –,0.8
V2-FR-ODOXA-024,https://en.wikipedia.org/wiki/Opinion_polling_for_the_2027_French_presidential_election,wikipedia_excel_v2,Odoxa,,,2025-11-19,2025-11-20,2025-11-20,1300.0,unknown,unknown,unknown,first_round,Hypothèse Édouard Philippe,Éric Zemmour,REC,far_right,3.5,,,,,,,1 – 3 11 – – – 13.5 6 – – – – 17 – – – 8 – 2 35 – – 3.5 – – –,0.8
V2-FR-VERIAN-025,https://en.wikipedia.org/wiki/Opinion_polling_for_the_2027_French_presidential_election,wikipedia_excel_v2,Verian,,,2025-11-18,2025-11-20,2025-11-20,938.0,unknown,unknown,unknown,first_round,Scénario Édouard Philippe / Jordan Bardella / Jean-Luc Mélenchon,Fabien Roussel,PCF,left,3.0,,,,,,,– – 3 12 – – – 13 5.5 – – – – 17 – – – 7.5 – 2 36.5 – – 4 – – –,0.8
V2-FR-VERIAN-025,https://en.wikipedia.org/wiki/Opinion_polling_for_the_2027_French_presidential_election,wikipedia_excel_v2,Verian,,,2025-11-18,2025-11-20,2025-11-20,938.0,unknown,unknown,unknown,first_round,Scénario Édouard Philippe / Jordan Bardella / Jean-Luc Mélenchon,Jean-Luc Mélenchon,LFI,left,12.0,,,,,,,– – 3 12 – – – 13 5.5 – – – – 17 – – – 7.5 – 2 36.5 – – 4 – – –,0.8
V2-FR-VERIAN-025,https://en.wikipedia.org/wiki/Opinion_polling_for_the_2027_French_presidential_election,wikipedia_excel_v2,Verian,,,2025-11-18,2025-11-20,2025-11-20,938.0,unknown,unknown,unknown,first_round,Scénario Édouard Philippe / Jordan Bardella / Jean-Luc Mélenchon,Raphaël Glucksmann,PP,centre_gauche,13.0,,,,,,,– – 3 12 – – – 13 5.5 – – – – 17 – – – 7.5 – 2 36.5 – – 4 – – –,0.8
V2-FR-VERIAN-025,https://en.wikipedia.org/wiki/Opinion_polling_for_the_2027_French_presidential_election,wikipedia_excel_v2,Verian,,,2025-11-18,2025-11-20,2025-11-20,938.0,unknown,unknown,unknown,first_round,Scénario Édouard Philippe / Jordan Bardella / Jean-Luc Mélenchon,Marine Tondelier,LE,écologistes,5.5,,,,,,,– – 3 12 – – – 13 5.5 – – – – 17 – – – 7.5 – 2 36.5 – – 4 – – –,0.8
V2-FR-VERIAN-025,https://en.wikipedia.org/wiki/Opinion_polling_for_the_2027_French_presidential_election,wikipedia_excel_v2,Verian,,,2025-11-18,2025-11-20,2025-11-20,938.0,unknown,unknown,unknown,first_round,Scénario Édouard Philippe / Jordan Bardella / Jean-Luc Mélenchon,Édouard Philippe,HOR,centre,17.0,,,,,,,– – 3 12 – – – 13 5.5 – – – – 17 – – – 7.5 – 2 36.5 – – 4 – – –,0.8
V2-FR-VERIAN-025,https://en.wikipedia.org/wiki/Opinion_polling_for_the_2027_French_presidential_election,wikipedia_excel_v2,Verian,,,2025-11-18,2025-11-20,2025-11-20,938.0,unknown,unknown,unknown,first_round,Scénario Édouard Philippe / Jordan Bardella / Jean-Luc Mélenchon,Bruno Retailleau,LR,right,7.5,,,,,,,– – 3 12 – – – 13 5.5 – – – – 17 – – – 7.5 – 2 36.5 – – 4 – – –,0.8
V2-FR-VERIAN-025,https://en.wikipedia.org/wiki/Opinion_polling_for_the_2027_French_presidential_election,wikipedia_excel_v2,Verian,,,2025-11-18,2025-11-20,2025-11-20,938.0,unknown,unknown,unknown,first_round,Scénario Édouard Philippe / Jordan Bardella / Jean-Luc Mélenchon,Nicolas Dupont-Aignan,DLF,sovereigntist_right,2.0,,,,,,,– – 3 12 – – – 13 5.5 – – – – 17 – – – 7.5 – 2 36.5 – – 4 – – –,0.8
V2-FR-VERIAN-025,https://en.wikipedia.org/wiki/Opinion_polling_for_the_2027_French_presidential_election,wikipedia_excel_v2,Verian,,,2025-11-18,2025-11-20,2025-11-20,938.0,unknown,unknown,unknown,first_round,Scénario Édouard Philippe / Jordan Bardella / Jean-Luc Mélenchon,Jordan Bardella,RN,nationalist_right,36.5,,,,,,,– – 3 12 – – – 13 5.5 – – – – 17 – – – 7.5 – 2 36.5 – – 4 – – –,0.8
V2-FR-VERIAN-025,https://en.wikipedia.org/wiki/Opinion_polling_for_the_2027_French_presidential_election,wikipedia_excel_v2,Verian,,,2025-11-18,2025-11-20,2025-11-20,938.0,unknown,unknown,unknown,first_round,Scénario Édouard Philippe / Jordan Bardella / Jean-Luc Mélenchon,Éric Zemmour,REC,far_right,4.0,,,,,,,– – 3 12 – – – 13 5.5 – – – – 17 – – – 7.5 – 2 36.5 – – 4 – – –,0.8
V2-FR-VERIAN-026,https://en.wikipedia.org/wiki/Opinion_polling_for_the_2027_French_presidential_election,wikipedia_excel_v2,Verian,,,2025-11-18,2025-11-20,2025-11-20,938.0,unknown,unknown,unknown,first_round,Hypothèse Cyril Hanouna,Fabien Roussel,PCF,left,3.0,,,,,,,– – 3 12 – – – 13 5 – – – – 17 – – – 7.5 1 2 35.5 – – 4 – – –,0.8
V2-FR-VERIAN-026,https://en.wikipedia.org/wiki/Opinion_polling_for_the_2027_French_presidential_election,wikipedia_excel_v2,Verian,,,2025-11-18,2025-11-20,2025-11-20,938.0,unknown,unknown,unknown,first_round,Hypothèse Cyril Hanouna,Jean-Luc Mélenchon,LFI,left,12.0,,,,,,,– – 3 12 – – – 13 5 – – – – 17 – – – 7.5 1 2 35.5 – – 4 – – –,0.8
V2-FR-VERIAN-026,https://en.wikipedia.org/wiki/Opinion_polling_for_the_2027_French_presidential_election,wikipedia_excel_v2,Verian,,,2025-11-18,2025-11-20,2025-11-20,938.0,unknown,unknown,unknown,first_round,Hypothèse Cyril Hanouna,Raphaël Glucksmann,PP,centre_gauche,13.0,,,,,,,– – 3 12 – – – 13 5 – – – – 17 – – – 7.5 1 2 35.5 – – 4 – – –,0.8
V2-FR-VERIAN-026,https://en.wikipedia.org/wiki/Opinion_polling_for_the_2027_French_presidential_election,wikipedia_excel_v2,Verian,,,2025-11-18,2025-11-20,2025-11-20,938.0,unknown,unknown,unknown,first_round,Hypothèse Cyril Hanouna,Marine Tondelier,LE,écologistes,5.0,,,,,,,– – 3 12 – – – 13 5 – – – – 17 – – – 7.5 1 2 35.5 – – 4 – – –,0.8
V2-FR-VERIAN-026,https://en.wikipedia.org/wiki/Opinion_polling_for_the_2027_French_presidential_election,wikipedia_excel_v2,Verian,,,2025-11-18,2025-11-20,2025-11-20,938.0,unknown,unknown,unknown,first_round,Hypothèse Cyril Hanouna,Édouard Philippe,HOR,centre,17.0,,,,,,,– – 3 12 – – – 13 5 – – – – 17 – – – 7.5 1 2 35.5 – – 4 – – –,0.8
V2-FR-VERIAN-026,https://en.wikipedia.org/wiki/Opinion_polling_for_the_2027_French_presidential_election,wikipedia_excel_v2,Verian,,,2025-11-18,2025-11-20,2025-11-20,938.0,unknown,unknown,unknown,first_round,Hypothèse Cyril Hanouna,Bruno Retailleau,LR,right,7.5,,,,,,,– – 3 12 – – – 13 5 – – – – 17 – – – 7.5 1 2 35.5 – – 4 – – –,0.8
V2-FR-VERIAN-026,https://en.wikipedia.org/wiki/Opinion_polling_for_the_2027_French_presidential_election,wikipedia_excel_v2,Verian,,,2025-11-18,2025-11-20,2025-11-20,938.0,unknown,unknown,unknown,first_round,Hypothèse Cyril Hanouna,Cyril Hanouna,,hors_champ,1.0,,,,,,,– – 3 12 – – – 13 5 – – – – 17 – – – 7.5 1 2 35.5 – – 4 – – –,0.8
V2-FR-VERIAN-026,https://en.wikipedia.org/wiki/Opinion_polling_for_the_2027_French_presidential_election,wikipedia_excel_v2,Verian,,,2025-11-18,2025-11-20,2025-11-20,938.0,unknown,unknown,unknown,first_round,Hypothèse Cyril Hanouna,Nicolas Dupont-Aignan,DLF,sovereigntist_right,2.0,,,,,,,– – 3 12 – – – 13 5 – – – – 17 – – – 7.5 1 2 35.5 – – 4 – – –,0.8
V2-FR-VERIAN-026,https://en.wikipedia.org/wiki/Opinion_polling_for_the_2027_French_presidential_election,wikipedia_excel_v2,Verian,,,2025-11-18,2025-11-20,2025-11-20,938.0,unknown,unknown,unknown,first_round,Hypothèse Cyril Hanouna,Jordan Bardella,RN,nationalist_right,35.5,,,,,,,– – 3 12 – – – 13 5 – – – – 17 – – – 7.5 1 2 35.5 – – 4 – – –,0.8
V2-FR-VERIAN-026,https://en.wikipedia.org/wiki/Opinion_polling_for_the_2027_French_presidential_election,wikipedia_excel_v2,Verian,,,2025-11-18,2025-11-20,2025-11-20,938.0,unknown,unknown,unknown,first_round,Hypothèse Cyril Hanouna,Éric Zemmour,REC,far_right,4.0,,,,,,,– – 3 12 – – – 13 5 – – – – 17 – – – 7.5 1 2 35.5 – – 4 – – –,0.8
V2-FR-VERIAN-027,https://en.wikipedia.org/wiki/Opinion_polling_for_the_2027_French_presidential_election,wikipedia_excel_v2,Verian,,,2025-11-18,2025-11-20,2025-11-20,938.0,unknown,unknown,unknown,first_round,Hypothèse Michel-Édouard Leclerc,Fabien Roussel,PCF,left,3.0,,,,,,,– – 3 12 – – – 12.5 5 – – – – 16.5 – – – 7.5 – 2 35.5 – – 4 2 – –,0.8
V2-FR-VERIAN-027,https://en.wikipedia.org/wiki/Opinion_polling_for_the_2027_French_presidential_election,wikipedia_excel_v2,Verian,,,2025-11-18,2025-11-20,2025-11-20,938.0,unknown,unknown,unknown,first_round,Hypothèse Michel-Édouard Leclerc,Jean-Luc Mélenchon,LFI,left,12.0,,,,,,,– – 3 12 – – – 12.5 5 – – – – 16.5 – – – 7.5 – 2 35.5 – – 4 2 – –,0.8
V2-FR-VERIAN-027,https://en.wikipedia.org/wiki/Opinion_polling_for_the_2027_French_presidential_election,wikipedia_excel_v2,Verian,,,2025-11-18,2025-11-20,2025-11-20,938.0,unknown,unknown,unknown,first_round,Hypothèse Michel-Édouard Leclerc,Raphaël Glucksmann,PP,centre_gauche,12.5,,,,,,,– – 3 12 – – – 12.5 5 – – – – 16.5 – – – 7.5 – 2 35.5 – – 4 2 – –,0.8
V2-FR-VERIAN-027,https://en.wikipedia.org/wiki/Opinion_polling_for_the_2027_French_presidential_election,wikipedia_excel_v2,Verian,,,2025-11-18,2025-11-20,2025-11-20,938.0,unknown,unknown,unknown,first_round,Hypothèse Michel-Édouard Leclerc,Marine Tondelier,LE,écologistes,5.0,,,,,,,– – 3 12 – – – 12.5 5 – – – – 16.5 – – – 7.5 – 2 35.5 – – 4 2 – –,0.8
V2-FR-VERIAN-027,https://en.wikipedia.org/wiki/Opinion_polling_for_the_2027_French_presidential_election,wikipedia_excel_v2,Verian,,,2025-11-18,2025-11-20,2025-11-20,938.0,unknown,unknown,unknown,first_round,Hypothèse Michel-Édouard Leclerc,Édouard Philippe,HOR,centre,16.5,,,,,,,– – 3 12 – – – 12.5 5 – – – – 16.5 – – – 7.5 – 2 35.5 – – 4 2 – –,0.8
V2-FR-VERIAN-027,https://en.wikipedia.org/wiki/Opinion_polling_for_the_2027_French_presidential_election,wikipedia_excel_v2,Verian,,,2025-11-18,2025-11-20,2025-11-20,938.0,unknown,unknown,unknown,first_round,Hypothèse Michel-Édouard Leclerc,Bruno Retailleau,LR,right,7.5,,,,,,,– – 3 12 – – – 12.5 5 – – – – 16.5 – – – 7.5 – 2 35.5 – – 4 2 – –,0.8
V2-FR-VERIAN-027,https://en.wikipedia.org/wiki/Opinion_polling_for_the_2027_French_presidential_election,wikipedia_excel_v2,Verian,,,2025-11-18,2025-11-20,2025-11-20,938.0,unknown,unknown,unknown,first_round,Hypothèse Michel-Édouard Leclerc,Nicolas Dupont-Aignan,DLF,sovereigntist_right,2.0,,,,,,,– – 3 12 – – – 12.5 5 – – – – 16.5 – – – 7.5 – 2 35.5 – – 4 2 – –,0.8
V2-FR-VERIAN-027,https://en.wikipedia.org/wiki/Opinion_polling_for_the_2027_French_presidential_election,wikipedia_excel_v2,Verian,,,2025-11-18,2025-11-20,2025-11-20,938.0,unknown,unknown,unknown,first_round,Hypothèse Michel-Édouard Leclerc,Jordan Bardella,RN,nationalist_right,35.5,,,,,,,– – 3 12 – – – 12.5 5 – – – – 16.5 – – – 7.5 – 2 35.5 – – 4 2 – –,0.8
V2-FR-VERIAN-027,https://en.wikipedia.org/wiki/Opinion_polling_for_the_2027_French_presidential_election,wikipedia_excel_v2,Verian,,,2025-11-18,2025-11-20,2025-11-20,938.0,unknown,unknown,unknown,first_round,Hypothèse Michel-Édouard Leclerc,Éric Zemmour,REC,far_right,4.0,,,,,,,– – 3 12 – – – 12.5 5 – – – – 16.5 – – – 7.5 – 2 35.5 – – 4 2 – –,0.8
V2-FR-VERIAN-027,https://en.wikipedia.org/wiki/Opinion_polling_for_the_2027_French_presidential_election,wikipedia_excel_v2,Verian,,,2025-11-18,2025-11-20,2025-11-20,938.0,unknown,unknown,unknown,first_round,Hypothèse Michel-Édouard Leclerc,Michel-Édouard Leclerc,,hors_champ,2.0,,,,,,,– – 3 12 – – – 12.5 5 – – – – 16.5 – – – 7.5 – 2 35.5 – – 4 2 – –,0.8
V2-FR-VERIAN-028,https://en.wikipedia.org/wiki/Opinion_polling_for_the_2027_French_presidential_election,wikipedia_excel_v2,Verian,,,2025-11-18,2025-11-20,2025-11-20,938.0,unknown,unknown,unknown,first_round,Hypothèse Teddy Riner,Fabien Roussel,PCF,left,3.0,,,,,,,– – 3 11.5 – – – 11.5 5 – – – – 17 – – – 7.5 – 2 35.5 – – 4 – 3 –,0.8
V2-FR-VERIAN-028,https://en.wikipedia.org/wiki/Opinion_polling_for_the_2027_French_presidential_election,wikipedia_excel_v2,Verian,,,2025-11-18,2025-11-20,2025-11-20,938.0,unknown,unknown,unknown,first_round,Hypothèse Teddy Riner,Jean-Luc Mélenchon,LFI,left,11.5,,,,,,,– – 3 11.5 – – – 11.5 5 – – – – 17 – – – 7.5 – 2 35.5 – – 4 – 3 –,0.8
V2-FR-VERIAN-028,https://en.wikipedia.org/wiki/Opinion_polling_for_the_2027_French_presidential_election,wikipedia_excel_v2,Verian,,,2025-11-18,2025-11-20,2025-11-20,938.0,unknown,unknown,unknown,first_round,Hypothèse Teddy Riner,Raphaël Glucksmann,PP,centre_gauche,11.5,,,,,,,– – 3 11.5 – – – 11.5 5 – – – – 17 – – – 7.5 – 2 35.5 – – 4 – 3 –,0.8
V2-FR-VERIAN-028,https://en.wikipedia.org/wiki/Opinion_polling_for_the_2027_French_presidential_election,wikipedia_excel_v2,Verian,,,2025-11-18,2025-11-20,2025-11-20,938.0,unknown,unknown,unknown,first_round,Hypothèse Teddy Riner,Marine Tondelier,LE,écologistes,5.0,,,,,,,– – 3 11.5 – – – 11.5 5 – – – – 17 – – – 7.5 – 2 35.5 – – 4 – 3 –,0.8
V2-FR-VERIAN-028,https://en.wikipedia.org/wiki/Opinion_polling_for_the_2027_French_presidential_election,wikipedia_excel_v2,Verian,,,2025-11-18,2025-11-20,2025-11-20,938.0,unknown,unknown,unknown,first_round,Hypothèse Teddy Riner,Édouard Philippe,HOR,centre,17.0,,,,,,,– – 3 11.5 – – – 11.5 5 – – – – 17 – – – 7.5 – 2 35.5 – – 4 – 3 –,0.8
V2-FR-VERIAN-028,https://en.wikipedia.org/wiki/Opinion_polling_for_the_2027_French_presidential_election,wikipedia_excel_v2,Verian,,,2025-11-18,2025-11-20,2025-11-20,938.0,unknown,unknown,unknown,first_round,Hypothèse Teddy Riner,Bruno Retailleau,LR,right,7.5,,,,,,,– – 3 11.5 – – – 11.5 5 – – – – 17 – – – 7.5 – 2 35.5 – – 4 – 3 –,0.8
V2-FR-VERIAN-028,https://en.wikipedia.org/wiki/Opinion_polling_for_the_2027_French_presidential_election,wikipedia_excel_v2,Verian,,,2025-11-18,2025-11-20,2025-11-20,938.0,unknown,unknown,unknown,first_round,Hypothèse Teddy Riner,Nicolas Dupont-Aignan,DLF,sovereigntist_right,2.0,,,,,,,– – 3 11.5 – – – 11.5 5 – – – – 17 – – – 7.5 – 2 35.5 – – 4 – 3 –,0.8
V2-FR-VERIAN-028,https://en.wikipedia.org/wiki/Opinion_polling_for_the_2027_French_presidential_election,wikipedia_excel_v2,Verian,,,2025-11-18,2025-11-20,2025-11-20,938.0,unknown,unknown,unknown,first_round,Hypothèse Teddy Riner,Jordan Bardella,RN,nationalist_right,35.5,,,,,,,– – 3 11.5 – – – 11.5 5 – – – – 17 – – – 7.5 – 2 35.5 – – 4 – 3 –,0.8
V2-FR-VERIAN-028,https://en.wikipedia.org/wiki/Opinion_polling_for_the_2027_French_presidential_election,wikipedia_excel_v2,Verian,,,2025-11-18,2025-11-20,2025-11-20,938.0,unknown,unknown,unknown,first_round,Hypothèse Teddy Riner,Éric Zemmour,REC,far_right,4.0,,,,,,,– – 3 11.5 – – – 11.5 5 – – – – 17 – – – 7.5 – 2 35.5 – – 4 – 3 –,0.8
V2-FR-VERIAN-028,https://en.wikipedia.org/wiki/Opinion_polling_for_the_2027_French_presidential_election,wikipedia_excel_v2,Verian,,,2025-11-18,2025-11-20,2025-11-20,938.0,unknown,unknown,unknown,first_round,Hypothèse Teddy Riner,Teddy Riner,,hors_champ,3.0,,,,,,,– – 3 11.5 – – – 11.5 5 – – – – 17 – – – 7.5 – 2 35.5 – – 4 – 3 –,0.8
V2-FR-VERIAN-029,https://en.wikipedia.org/wiki/Opinion_polling_for_the_2027_French_presidential_election,wikipedia_excel_v2,Verian,,,2025-11-18,2025-11-20,2025-11-20,938.0,unknown,unknown,unknown,first_round,Hypothèse Sébastien Chenu,Fabien Roussel,PCF,left,3.0,,,,,,,– – 3 11 – – – 13 5 – – – – 17 – – – 7.5 – 2 35.5 – – 4 – – 2,0.8
V2-FR-VERIAN-029,https://en.wikipedia.org/wiki/Opinion_polling_for_the_2027_French_presidential_election,wikipedia_excel_v2,Verian,,,2025-11-18,2025-11-20,2025-11-20,938.0,unknown,unknown,unknown,first_round,Hypothèse Sébastien Chenu,Jean-Luc Mélenchon,LFI,left,11.0,,,,,,,– – 3 11 – – – 13 5 – – – – 17 – – – 7.5 – 2 35.5 – – 4 – – 2,0.8
V2-FR-VERIAN-029,https://en.wikipedia.org/wiki/Opinion_polling_for_the_2027_French_presidential_election,wikipedia_excel_v2,Verian,,,2025-11-18,2025-11-20,2025-11-20,938.0,unknown,unknown,unknown,first_round,Hypothèse Sébastien Chenu,Raphaël Glucksmann,PP,centre_gauche,13.0,,,,,,,– – 3 11 – – – 13 5 – – – – 17 – – – 7.5 – 2 35.5 – – 4 – – 2,0.8
V2-FR-VERIAN-029,https://en.wikipedia.org/wiki/Opinion_polling_for_the_2027_French_presidential_election,wikipedia_excel_v2,Verian,,,2025-11-18,2025-11-20,2025-11-20,938.0,unknown,unknown,unknown,first_round,Hypothèse Sébastien Chenu,Marine Tondelier,LE,écologistes,5.0,,,,,,,– – 3 11 – – – 13 5 – – – – 17 – – – 7.5 – 2 35.5 – – 4 – – 2,0.8
V2-FR-VERIAN-029,https://en.wikipedia.org/wiki/Opinion_polling_for_the_2027_French_presidential_election,wikipedia_excel_v2,Verian,,,2025-11-18,2025-11-20,2025-11-20,938.0,unknown,unknown,unknown,first_round,Hypothèse Sébastien Chenu,Édouard Philippe,HOR,centre,17.0,,,,,,,– – 3 11 – – – 13 5 – – – – 17 – – – 7.5 – 2 35.5 – – 4 – – 2,0.8
V2-FR-VERIAN-029,https://en.wikipedia.org/wiki/Opinion_polling_for_the_2027_French_presidential_election,wikipedia_excel_v2,Verian,,,2025-11-18,2025-11-20,2025-11-20,938.0,unknown,unknown,unknown,first_round,Hypothèse Sébastien Chenu,Bruno Retailleau,LR,right,7.5,,,,,,,– – 3 11 – – – 13 5 – – – – 17 – – – 7.5 – 2 35.5 – – 4 – – 2,0.8
V2-FR-VERIAN-029,https://en.wikipedia.org/wiki/Opinion_polling_for_the_2027_French_presidential_election,wikipedia_excel_v2,Verian,,,2025-11-18,2025-11-20,2025-11-20,938.0,unknown,unknown,unknown,first_round,Hypothèse Sébastien Chenu,Nicolas Dupont-Aignan,DLF,sovereigntist_right,2.0,,,,,,,– – 3 11 – – – 13 5 – – – – 17 – – – 7.5 – 2 35.5 – – 4 – – 2,0.8
V2-FR-VERIAN-029,https://en.wikipedia.org/wiki/Opinion_polling_for_the_2027_French_presidential_election,wikipedia_excel_v2,Verian,,,2025-11-18,2025-11-20,2025-11-20,938.0,unknown,unknown,unknown,first_round,Hypothèse Sébastien Chenu,Jordan Bardella,RN,nationalist_right,35.5,,,,,,,– – 3 11 – – – 13 5 – – – – 17 – – – 7.5 – 2 35.5 – – 4 – – 2,0.8
V2-FR-VERIAN-029,https://en.wikipedia.org/wiki/Opinion_polling_for_the_2027_French_presidential_election,wikipedia_excel_v2,Verian,,,2025-11-18,2025-11-20,2025-11-20,938.0,unknown,unknown,unknown,first_round,Hypothèse Sébastien Chenu,Éric Zemmour,REC,far_right,4.0,,,,,,,– – 3 11 – – – 13 5 – – – – 17 – – – 7.5 – 2 35.5 – – 4 – – 2,0.8
V2-FR-VERIAN-029,https://en.wikipedia.org/wiki/Opinion_polling_for_the_2027_French_presidential_election,wikipedia_excel_v2,Verian,,,2025-11-18,2025-11-20,2025-11-20,938.0,unknown,unknown,unknown,first_round,Hypothèse Sébastien Chenu,Sébastien Chenu,RN,droite_nationale,2.0,,,,,,,– – 3 11 – – – 13 5 – – – – 17 – – – 7.5 – 2 35.5 – – 4 – – 2,0.8
V2-FR-ELABE-030,https://en.wikipedia.org/wiki/Opinion_polling_for_the_2027_French_presidential_election,wikipedia_excel_v2,Elabe,,,2025-10-30,2025-10-31,2025-10-31,1501.0,unknown,unknown,unknown,first_round,Hypothèse Édouard Philippe / Jordan Bardella / Dominique de Villepin,Arlette Arthaud,LO,far_left,1.0,,,,,,,1 – 4.5 12.5 – 5.5 – – 5.5 – – – – 19.5 4 – 3 – – 2.5 36.5 – 6 – – – –,0.8
V2-FR-ELABE-030,https://en.wikipedia.org/wiki/Opinion_polling_for_the_2027_French_presidential_election,wikipedia_excel_v2,Elabe,,,2025-10-30,2025-10-31,2025-10-31,1501.0,unknown,unknown,unknown,first_round,Hypothèse Édouard Philippe / Jordan Bardella / Dominique de Villepin,Fabien Roussel,PCF,left,4.5,,,,,,,1 – 4.5 12.5 – 5.5 – – 5.5 – – – – 19.5 4 – 3 – – 2.5 36.5 – 6 – – – –,0.8
V2-FR-ELABE-030,https://en.wikipedia.org/wiki/Opinion_polling_for_the_2027_French_presidential_election,wikipedia_excel_v2,Elabe,,,2025-10-30,2025-10-31,2025-10-31,1501.0,unknown,unknown,unknown,first_round,Hypothèse Édouard Philippe / Jordan Bardella / Dominique de Villepin,Jean-Luc Mélenchon,LFI,left,12.5,,,,,,,1 – 4.5 12.5 – 5.5 – – 5.5 – – – – 19.5 4 – 3 – – 2.5 36.5 – 6 – – – –,0.8
V2-FR-ELABE-030,https://en.wikipedia.org/wiki/Opinion_polling_for_the_2027_French_presidential_election,wikipedia_excel_v2,Elabe,,,2025-10-30,2025-10-31,2025-10-31,1501.0,unknown,unknown,unknown,first_round,Hypothèse Édouard Philippe / Jordan Bardella / Dominique de Villepin,Olivier Faure,PS,centre_gauche,5.5,,,,,,,1 – 4.5 12.5 – 5.5 – – 5.5 – – – – 19.5 4 – 3 – – 2.5 36.5 – 6 – – – –,0.8
V2-FR-ELABE-030,https://en.wikipedia.org/wiki/Opinion_polling_for_the_2027_French_presidential_election,wikipedia_excel_v2,Elabe,,,2025-10-30,2025-10-31,2025-10-31,1501.0,unknown,unknown,unknown,first_round,Hypothèse Édouard Philippe / Jordan Bardella / Dominique de Villepin,Marine Tondelier,LE,écologistes,5.5,,,,,,,1 – 4.5 12.5 – 5.5 – – 5.5 – – – – 19.5 4 – 3 – – 2.5 36.5 – 6 – – – –,0.8
V2-FR-ELABE-030,https://en.wikipedia.org/wiki/Opinion_polling_for_the_2027_French_presidential_election,wikipedia_excel_v2,Elabe,,,2025-10-30,2025-10-31,2025-10-31,1501.0,unknown,unknown,unknown,first_round,Hypothèse Édouard Philippe / Jordan Bardella / Dominique de Villepin,Édouard Philippe,HOR,centre,19.5,,,,,,,1 – 4.5 12.5 – 5.5 – – 5.5 – – – – 19.5 4 – 3 – – 2.5 36.5 – 6 – – – –,0.8
V2-FR-ELABE-030,https://en.wikipedia.org/wiki/Opinion_polling_for_the_2027_French_presidential_election,wikipedia_excel_v2,Elabe,,,2025-10-30,2025-10-31,2025-10-31,1501.0,unknown,unknown,unknown,first_round,Hypothèse Édouard Philippe / Jordan Bardella / Dominique de Villepin,Dominique de Villepin,LFH,droite_gaulliste,4.0,,,,,,,1 – 4.5 12.5 – 5.5 – – 5.5 – – – – 19.5 4 – 3 – – 2.5 36.5 – 6 – – – –,0.8
V2-FR-ELABE-030,https://en.wikipedia.org/wiki/Opinion_polling_for_the_2027_French_presidential_election,wikipedia_excel_v2,Elabe,,,2025-10-30,2025-10-31,2025-10-31,1501.0,unknown,unknown,unknown,first_round,Hypothèse Édouard Philippe / Jordan Bardella / Dominique de Villepin,Laurent Wauquiez,LR,droite,3.0,,,,,,,1 – 4.5 12.5 – 5.5 – – 5.5 – – – – 19.5 4 – 3 – – 2.5 36.5 – 6 – – – –,0.8
V2-FR-ELABE-030,https://en.wikipedia.org/wiki/Opinion_polling_for_the_2027_French_presidential_election,wikipedia_excel_v2,Elabe,,,2025-10-30,2025-10-31,2025-10-31,1501.0,unknown,unknown,unknown,first_round,Hypothèse Édouard Philippe / Jordan Bardella / Dominique de Villepin,Nicolas Dupont-Aignan,DLF,sovereigntist_right,2.5,,,,,,,1 – 4.5 12.5 – 5.5 – – 5.5 – – – – 19.5 4 – 3 – – 2.5 36.5 – 6 – – – –,0.8
V2-FR-ELABE-030,https://en.wikipedia.org/wiki/Opinion_polling_for_the_2027_French_presidential_election,wikipedia_excel_v2,Elabe,,,2025-10-30,2025-10-31,2025-10-31,1501.0,unknown,unknown,unknown,first_round,Hypothèse Édouard Philippe / Jordan Bardella / Dominique de Villepin,Jordan Bardella,RN,nationalist_right,36.5,,,,,,,1 – 4.5 12.5 – 5.5 – – 5.5 – – – – 19.5 4 – 3 – – 2.5 36.5 – 6 – – – –,0.8
V2-FR-ELABE-030,https://en.wikipedia.org/wiki/Opinion_polling_for_the_2027_French_presidential_election,wikipedia_excel_v2,Elabe,,,2025-10-30,2025-10-31,2025-10-31,1501.0,unknown,unknown,unknown,first_round,Hypothèse Édouard Philippe / Jordan Bardella / Dominique de Villepin,Sarah Knafo,REC,extrême_droite,6.0,,,,,,,1 – 4.5 12.5 – 5.5 – – 5.5 – – – – 19.5 4 – 3 – – 2.5 36.5 – 6 – – – –,0.8
V2-FR-ELABE-031,https://en.wikipedia.org/wiki/Opinion_polling_for_the_2027_French_presidential_election,wikipedia_excel_v2,Elabe,,,2025-10-30,2025-10-31,2025-10-31,1501.0,unknown,unknown,unknown,first_round,Hypothèse Édouard Philippe / Jordan Bardella / Dominique de Villepin,Arlette Arthaud,LO,far_left,1.0,,,,,,,1 – 3 12 – – 6.5 – 5.5 – – – – 19 4 5.5 – – – 2.5 35 – – 6 – – –,0.8
V2-FR-ELABE-031,https://en.wikipedia.org/wiki/Opinion_polling_for_the_2027_French_presidential_election,wikipedia_excel_v2,Elabe,,,2025-10-30,2025-10-31,2025-10-31,1501.0,unknown,unknown,unknown,first_round,Hypothèse Édouard Philippe / Jordan Bardella / Dominique de Villepin,Fabien Roussel,PCF,left,3.0,,,,,,,1 – 3 12 – – 6.5 – 5.5 – – – – 19 4 5.5 – – – 2.5 35 – – 6 – – –,0.8
V2-FR-ELABE-031,https://en.wikipedia.org/wiki/Opinion_polling_for_the_2027_French_presidential_election,wikipedia_excel_v2,Elabe,,,2025-10-30,2025-10-31,2025-10-31,1501.0,unknown,unknown,unknown,first_round,Hypothèse Édouard Philippe / Jordan Bardella / Dominique de Villepin,Jean-Luc Mélenchon,LFI,left,12.0,,,,,,,1 – 3 12 – – 6.5 – 5.5 – – – – 19 4 5.5 – – – 2.5 35 – – 6 – – –,0.8
V2-FR-ELABE-031,https://en.wikipedia.org/wiki/Opinion_polling_for_the_2027_French_presidential_election,wikipedia_excel_v2,Elabe,,,2025-10-30,2025-10-31,2025-10-31,1501.0,unknown,unknown,unknown,first_round,Hypothèse Édouard Philippe / Jordan Bardella / Dominique de Villepin,François Hollande,PS,centre_gauche,6.5,,,,,,,1 – 3 12 – – 6.5 – 5.5 – – – – 19 4 5.5 – – – 2.5 35 – – 6 – – –,0.8
V2-FR-ELABE-031,https://en.wikipedia.org/wiki/Opinion_polling_for_the_2027_French_presidential_election,wikipedia_excel_v2,Elabe,,,2025-10-30,2025-10-31,2025-10-31,1501.0,unknown,unknown,unknown,first_round,Hypothèse Édouard Philippe / Jordan Bardella / Dominique de Villepin,Marine Tondelier,LE,écologistes,5.5,,,,,,,1 – 3 12 – – 6.5 – 5.5 – – – – 19 4 5.5 – – – 2.5 35 – – 6 – – –,0.8
V2-FR-ELABE-031,https://en.wikipedia.org/wiki/Opinion_polling_for_the_2027_French_presidential_election,wikipedia_excel_v2,Elabe,,,2025-10-30,2025-10-31,2025-10-31,1501.0,unknown,unknown,unknown,first_round,Hypothèse Édouard Philippe / Jordan Bardella / Dominique de Villepin,Édouard Philippe,HOR,centre,19.0,,,,,,,1 – 3 12 – – 6.5 – 5.5 – – – – 19 4 5.5 – – – 2.5 35 – – 6 – – –,0.8
V2-FR-ELABE-031,https://en.wikipedia.org/wiki/Opinion_polling_for_the_2027_French_presidential_election,wikipedia_excel_v2,Elabe,,,2025-10-30,2025-10-31,2025-10-31,1501.0,unknown,unknown,unknown,first_round,Hypothèse Édouard Philippe / Jordan Bardella / Dominique de Villepin,Dominique de Villepin,LFH,droite_gaulliste,4.0,,,,,,,1 – 3 12 – – 6.5 – 5.5 – – – – 19 4 5.5 – – – 2.5 35 – – 6 – – –,0.8
V2-FR-ELABE-031,https://en.wikipedia.org/wiki/Opinion_polling_for_the_2027_French_presidential_election,wikipedia_excel_v2,Elabe,,,2025-10-30,2025-10-31,2025-10-31,1501.0,unknown,unknown,unknown,first_round,Hypothèse Édouard Philippe / Jordan Bardella / Dominique de Villepin,Xavier Bertrand,LR,droite,5.5,,,,,,,1 – 3 12 – – 6.5 – 5.5 – – – – 19 4 5.5 – – – 2.5 35 – – 6 – – –,0.8
V2-FR-ELABE-031,https://en.wikipedia.org/wiki/Opinion_polling_for_the_2027_French_presidential_election,wikipedia_excel_v2,Elabe,,,2025-10-30,2025-10-31,2025-10-31,1501.0,unknown,unknown,unknown,first_round,Hypothèse Édouard Philippe / Jordan Bardella / Dominique de Villepin,Nicolas Dupont-Aignan,DLF,sovereigntist_right,2.5,,,,,,,1 – 3 12 – – 6.5 – 5.5 – – – – 19 4 5.5 – – – 2.5 35 – – 6 – – –,0.8
V2-FR-ELABE-031,https://en.wikipedia.org/wiki/Opinion_polling_for_the_2027_French_presidential_election,wikipedia_excel_v2,Elabe,,,2025-10-30,2025-10-31,2025-10-31,1501.0,unknown,unknown,unknown,first_round,Hypothèse Édouard Philippe / Jordan Bardella / Dominique de Villepin,Jordan Bardella,RN,nationalist_right,35.0,,,,,,,1 – 3 12 – – 6.5 – 5.5 – – – – 19 4 5.5 – – – 2.5 35 – – 6 – – –,0.8
V2-FR-ELABE-031,https://en.wikipedia.org/wiki/Opinion_polling_for_the_2027_French_presidential_election,wikipedia_excel_v2,Elabe,,,2025-10-30,2025-10-31,2025-10-31,1501.0,unknown,unknown,unknown,first_round,Hypothèse Édouard Philippe / Jordan Bardella / Dominique de Villepin,Éric Zemmour,REC,far_right,6.0,,,,,,,1 – 3 12 – – 6.5 – 5.5 – – – – 19 4 5.5 – – – 2.5 35 – – 6 – – –,0.8
V2-FR-ELABE-032,https://en.wikipedia.org/wiki/Opinion_polling_for_the_2027_French_presidential_election,wikipedia_excel_v2,Elabe,,,2025-10-30,2025-10-31,2025-10-31,1501.0,unknown,unknown,unknown,first_round,Hypothèse Jordan Bardella / Raphaël Glucksmann / Dominique de Villepin,Arlette Arthaud,LO,far_left,1.5,,,,,,,1.5 – 3 13 – – – 13 5 – 7 – – – 5 – – 8 – 2 37.5 4.5 – – – – –,0.8
V2-FR-ELABE-032,https://en.wikipedia.org/wiki/Opinion_polling_for_the_2027_French_presidential_election,wikipedia_excel_v2,Elabe,,,2025-10-30,2025-10-31,2025-10-31,1501.0,unknown,unknown,unknown,first_round,Hypothèse Jordan Bardella / Raphaël Glucksmann / Dominique de Villepin,Fabien Roussel,PCF,left,3.0,,,,,,,1.5 – 3 13 – – – 13 5 – 7 – – – 5 – – 8 – 2 37.5 4.5 – – – – –,0.8
V2-FR-ELABE-032,https://en.wikipedia.org/wiki/Opinion_polling_for_the_2027_French_presidential_election,wikipedia_excel_v2,Elabe,,,2025-10-30,2025-10-31,2025-10-31,1501.0,unknown,unknown,unknown,first_round,Hypothèse Jordan Bardella / Raphaël Glucksmann / Dominique de Villepin,Jean-Luc Mélenchon,LFI,left,13.0,,,,,,,1.5 – 3 13 – – – 13 5 – 7 – – – 5 – – 8 – 2 37.5 4.5 – – – – –,0.8
V2-FR-ELABE-032,https://en.wikipedia.org/wiki/Opinion_polling_for_the_2027_French_presidential_election,wikipedia_excel_v2,Elabe,,,2025-10-30,2025-10-31,2025-10-31,1501.0,unknown,unknown,unknown,first_round,Hypothèse Jordan Bardella / Raphaël Glucksmann / Dominique de Villepin,Raphaël Glucksmann,PP,centre_gauche,13.0,,,,,,,1.5 – 3 13 – – – 13 5 – 7 – – – 5 – – 8 – 2 37.5 4.5 – – – – –,0.8
V2-FR-ELABE-032,https://en.wikipedia.org/wiki/Opinion_polling_for_the_2027_French_presidential_election,wikipedia_excel_v2,Elabe,,,2025-10-30,2025-10-31,2025-10-31,1501.0,unknown,unknown,unknown,first_round,Hypothèse Jordan Bardella / Raphaël Glucksmann / Dominique de Villepin,Marine Tondelier,LE,écologistes,5.0,,,,,,,1.5 – 3 13 – – – 13 5 – 7 – – – 5 – – 8 – 2 37.5 4.5 – – – – –,0.8
V2-FR-ELABE-032,https://en.wikipedia.org/wiki/Opinion_polling_for_the_2027_French_presidential_election,wikipedia_excel_v2,Elabe,,,2025-10-30,2025-10-31,2025-10-31,1501.0,unknown,unknown,unknown,first_round,Hypothèse Jordan Bardella / Raphaël Glucksmann / Dominique de Villepin,Gérald Darmanin,RE,centre_droit,7.0,,,,,,,1.5 – 3 13 – – – 13 5 – 7 – – – 5 – – 8 – 2 37.5 4.5 – – – – –,0.8
V2-FR-ELABE-032,https://en.wikipedia.org/wiki/Opinion_polling_for_the_2027_French_presidential_election,wikipedia_excel_v2,Elabe,,,2025-10-30,2025-10-31,2025-10-31,1501.0,unknown,unknown,unknown,first_round,Hypothèse Jordan Bardella / Raphaël Glucksmann / Dominique de Villepin,Dominique de Villepin,LFH,droite_gaulliste,5.0,,,,,,,1.5 – 3 13 – – – 13 5 – 7 – – – 5 – – 8 – 2 37.5 4.5 – – – – –,0.8
V2-FR-ELABE-032,https://en.wikipedia.org/wiki/Opinion_polling_for_the_2027_French_presidential_election,wikipedia_excel_v2,Elabe,,,2025-10-30,2025-10-31,2025-10-31,1501.0,unknown,unknown,unknown,first_round,Hypothèse Jordan Bardella / Raphaël Glucksmann / Dominique de Villepin,Bruno Retailleau,LR,right,8.0,,,,,,,1.5 – 3 13 – – – 13 5 – 7 – – – 5 – – 8 – 2 37.5 4.5 – – – – –,0.8
V2-FR-ELABE-032,https://en.wikipedia.org/wiki/Opinion_polling_for_the_2027_French_presidential_election,wikipedia_excel_v2,Elabe,,,2025-10-30,2025-10-31,2025-10-31,1501.0,unknown,unknown,unknown,first_round,Hypothèse Jordan Bardella / Raphaël Glucksmann / Dominique de Villepin,Nicolas Dupont-Aignan,DLF,sovereigntist_right,2.0,,,,,,,1.5 – 3 13 – – – 13 5 – 7 – – – 5 – – 8 – 2 37.5 4.5 – – – – –,0.8
V2-FR-ELABE-032,https://en.wikipedia.org/wiki/Opinion_polling_for_the_2027_French_presidential_election,wikipedia_excel_v2,Elabe,,,2025-10-30,2025-10-31,2025-10-31,1501.0,unknown,unknown,unknown,first_round,Hypothèse Jordan Bardella / Raphaël Glucksmann / Dominique de Villepin,Jordan Bardella,RN,nationalist_right,37.5,,,,,,,1.5 – 3 13 – – – 13 5 – 7 – – – 5 – – 8 – 2 37.5 4.5 – – – – –,0.8
V2-FR-ELABE-032,https://en.wikipedia.org/wiki/Opinion_polling_for_the_2027_French_presidential_election,wikipedia_excel_v2,Elabe,,,2025-10-30,2025-10-31,2025-10-31,1501.0,unknown,unknown,unknown,first_round,Hypothèse Jordan Bardella / Raphaël Glucksmann / Dominique de Villepin,Philippe de Villiers,,droite_souverainiste,4.5,,,,,,,1.5 – 3 13 – – – 13 5 – 7 – – – 5 – – 8 – 2 37.5 4.5 – – – – –,0.8
V2-FR-ELABE-033,https://en.wikipedia.org/wiki/Opinion_polling_for_the_2027_French_presidential_election,wikipedia_excel_v2,Elabe,,,2025-10-30,2025-10-31,2025-10-31,1501.0,unknown,unknown,unknown,first_round,Hypothèse Édouard Philippe / Jordan Bardella / Raphaël Glucksmann,Arlette Arthaud,LO,far_left,1.0,,,,,,,1 – 3 12.5 – – – 11 4.5 – – – – 15.5 3 – – 8 – 2 35 – – 4.5 – – –,0.8
V2-FR-ELABE-033,https://en.wikipedia.org/wiki/Opinion_polling_for_the_2027_French_presidential_election,wikipedia_excel_v2,Elabe,,,2025-10-30,2025-10-31,2025-10-31,1501.0,unknown,unknown,unknown,first_round,Hypothèse Édouard Philippe / Jordan Bardella / Raphaël Glucksmann,Fabien Roussel,PCF,left,3.0,,,,,,,1 – 3 12.5 – – – 11 4.5 – – – – 15.5 3 – – 8 – 2 35 – – 4.5 – – –,0.8
V2-FR-ELABE-033,https://en.wikipedia.org/wiki/Opinion_polling_for_the_2027_French_presidential_election,wikipedia_excel_v2,Elabe,,,2025-10-30,2025-10-31,2025-10-31,1501.0,unknown,unknown,unknown,first_round,Hypothèse Édouard Philippe / Jordan Bardella / Raphaël Glucksmann,Jean-Luc Mélenchon,LFI,left,12.5,,,,,,,1 – 3 12.5 – – – 11 4.5 – – – – 15.5 3 – – 8 – 2 35 – – 4.5 – – –,0.8
V2-FR-ELABE-033,https://en.wikipedia.org/wiki/Opinion_polling_for_the_2027_French_presidential_election,wikipedia_excel_v2,Elabe,,,2025-10-30,2025-10-31,2025-10-31,1501.0,unknown,unknown,unknown,first_round,Hypothèse Édouard Philippe / Jordan Bardella / Raphaël Glucksmann,Raphaël Glucksmann,PP,centre_gauche,11.0,,,,,,,1 – 3 12.5 – – – 11 4.5 – – – – 15.5 3 – – 8 – 2 35 – – 4.5 – – –,0.8
V2-FR-ELABE-033,https://en.wikipedia.org/wiki/Opinion_polling_for_the_2027_French_presidential_election,wikipedia_excel_v2,Elabe,,,2025-10-30,2025-10-31,2025-10-31,1501.0,unknown,unknown,unknown,first_round,Hypothèse Édouard Philippe / Jordan Bardella / Raphaël Glucksmann,Marine Tondelier,LE,écologistes,4.5,,,,,,,1 – 3 12.5 – – – 11 4.5 – – – – 15.5 3 – – 8 – 2 35 – – 4.5 – – –,0.8
V2-FR-ELABE-033,https://en.wikipedia.org/wiki/Opinion_polling_for_the_2027_French_presidential_election,wikipedia_excel_v2,Elabe,,,2025-10-30,2025-10-31,2025-10-31,1501.0,unknown,unknown,unknown,first_round,Hypothèse Édouard Philippe / Jordan Bardella / Raphaël Glucksmann,Édouard Philippe,HOR,centre,15.5,,,,,,,1 – 3 12.5 – – – 11 4.5 – – – – 15.5 3 – – 8 – 2 35 – – 4.5 – – –,0.8
V2-FR-ELABE-033,https://en.wikipedia.org/wiki/Opinion_polling_for_the_2027_French_presidential_election,wikipedia_excel_v2,Elabe,,,2025-10-30,2025-10-31,2025-10-31,1501.0,unknown,unknown,unknown,first_round,Hypothèse Édouard Philippe / Jordan Bardella / Raphaël Glucksmann,Dominique de Villepin,LFH,droite_gaulliste,3.0,,,,,,,1 – 3 12.5 – – – 11 4.5 – – – – 15.5 3 – – 8 – 2 35 – – 4.5 – – –,0.8
V2-FR-ELABE-033,https://en.wikipedia.org/wiki/Opinion_polling_for_the_2027_French_presidential_election,wikipedia_excel_v2,Elabe,,,2025-10-30,2025-10-31,2025-10-31,1501.0,unknown,unknown,unknown,first_round,Hypothèse Édouard Philippe / Jordan Bardella / Raphaël Glucksmann,Bruno Retailleau,LR,right,8.0,,,,,,,1 – 3 12.5 – – – 11 4.5 – – – – 15.5 3 – – 8 – 2 35 – – 4.5 – – –,0.8
V2-FR-ELABE-033,https://en.wikipedia.org/wiki/Opinion_polling_for_the_2027_French_presidential_election,wikipedia_excel_v2,Elabe,,,2025-10-30,2025-10-31,2025-10-31,1501.0,unknown,unknown,unknown,first_round,Hypothèse Édouard Philippe / Jordan Bardella / Raphaël Glucksmann,Nicolas Dupont-Aignan,DLF,sovereigntist_right,2.0,,,,,,,1 – 3 12.5 – – – 11 4.5 – – – – 15.5 3 – – 8 – 2 35 – – 4.5 – – –,0.8
V2-FR-ELABE-033,https://en.wikipedia.org/wiki/Opinion_polling_for_the_2027_French_presidential_election,wikipedia_excel_v2,Elabe,,,2025-10-30,2025-10-31,2025-10-31,1501.0,unknown,unknown,unknown,first_round,Hypothèse Édouard Philippe / Jordan Bardella / Raphaël Glucksmann,Jordan Bardella,RN,nationalist_right,35.0,,,,,,,1 – 3 12.5 – – – 11 4.5 – – – – 15.5 3 – – 8 – 2 35 – – 4.5 – – –,0.8
V2-FR-ELABE-033,https://en.wikipedia.org/wiki/Opinion_polling_for_the_2027_French_presidential_election,wikipedia_excel_v2,Elabe,,,2025-10-30,2025-10-31,2025-10-31,1501.0,unknown,unknown,unknown,first_round,Hypothèse Édouard Philippe / Jordan Bardella / Raphaël Glucksmann,Éric Zemmour,REC,far_right,4.5,,,,,,,1 – 3 12.5 – – – 11 4.5 – – – – 15.5 3 – – 8 – 2 35 – – 4.5 – – –,0.8
V2-FR-HARRIS-INTERACTIVE-034,https://en.wikipedia.org/wiki/Opinion_polling_for_the_2027_French_presidential_election,wikipedia_excel_v2,Harris Interactive,,,2025-10-07,2025-10-07,2025-10-07,1124.0,unknown,unknown,unknown,first_round,Hypothèse Gabriel Attal / Jordan Bardella / Marine Tondelier,Arlette Arthaud,LO,far_left,1.0,,,,,,,1 – 3 14 – – – 14 3 12 – – – – – – – 11 – 1 35 – – 6 – – –,0.8
V2-FR-HARRIS-INTERACTIVE-034,https://en.wikipedia.org/wiki/Opinion_polling_for_the_2027_French_presidential_election,wikipedia_excel_v2,Harris Interactive,,,2025-10-07,2025-10-07,2025-10-07,1124.0,unknown,unknown,unknown,first_round,Hypothèse Gabriel Attal / Jordan Bardella / Marine Tondelier,Fabien Roussel,PCF,left,3.0,,,,,,,1 – 3 14 – – – 14 3 12 – – – – – – – 11 – 1 35 – – 6 – – –,0.8
V2-FR-HARRIS-INTERACTIVE-034,https://en.wikipedia.org/wiki/Opinion_polling_for_the_2027_French_presidential_election,wikipedia_excel_v2,Harris Interactive,,,2025-10-07,2025-10-07,2025-10-07,1124.0,unknown,unknown,unknown,first_round,Hypothèse Gabriel Attal / Jordan Bardella / Marine Tondelier,Jean-Luc Mélenchon,LFI,left,14.0,,,,,,,1 – 3 14 – – – 14 3 12 – – – – – – – 11 – 1 35 – – 6 – – –,0.8
V2-FR-HARRIS-INTERACTIVE-034,https://en.wikipedia.org/wiki/Opinion_polling_for_the_2027_French_presidential_election,wikipedia_excel_v2,Harris Interactive,,,2025-10-07,2025-10-07,2025-10-07,1124.0,unknown,unknown,unknown,first_round,Hypothèse Gabriel Attal / Jordan Bardella / Marine Tondelier,Raphaël Glucksmann,PP,centre_gauche,14.0,,,,,,,1 – 3 14 – – – 14 3 12 – – – – – – – 11 – 1 35 – – 6 – – –,0.8
V2-FR-HARRIS-INTERACTIVE-034,https://en.wikipedia.org/wiki/Opinion_polling_for_the_2027_French_presidential_election,wikipedia_excel_v2,Harris Interactive,,,2025-10-07,2025-10-07,2025-10-07,1124.0,unknown,unknown,unknown,first_round,Hypothèse Gabriel Attal / Jordan Bardella / Marine Tondelier,Marine Tondelier,LE,écologistes,3.0,,,,,,,1 – 3 14 – – – 14 3 12 – – – – – – – 11 – 1 35 – – 6 – – –,0.8
V2-FR-HARRIS-INTERACTIVE-034,https://en.wikipedia.org/wiki/Opinion_polling_for_the_2027_French_presidential_election,wikipedia_excel_v2,Harris Interactive,,,2025-10-07,2025-10-07,2025-10-07,1124.0,unknown,unknown,unknown,first_round,Hypothèse Gabriel Attal / Jordan Bardella / Marine Tondelier,Gabriel Attal,RE,centre,12.0,,,,,,,1 – 3 14 – – – 14 3 12 – – – – – – – 11 – 1 35 – – 6 – – –,0.8
V2-FR-HARRIS-INTERACTIVE-034,https://en.wikipedia.org/wiki/Opinion_polling_for_the_2027_French_presidential_election,wikipedia_excel_v2,Harris Interactive,,,2025-10-07,2025-10-07,2025-10-07,1124.0,unknown,unknown,unknown,first_round,Hypothèse Gabriel Attal / Jordan Bardella / Marine Tondelier,Bruno Retailleau,LR,right,11.0,,,,,,,1 – 3 14 – – – 14 3 12 – – – – – – – 11 – 1 35 – – 6 – – –,0.8
V2-FR-HARRIS-INTERACTIVE-034,https://en.wikipedia.org/wiki/Opinion_polling_for_the_2027_French_presidential_election,wikipedia_excel_v2,Harris Interactive,,,2025-10-07,2025-10-07,2025-10-07,1124.0,unknown,unknown,unknown,first_round,Hypothèse Gabriel Attal / Jordan Bardella / Marine Tondelier,Nicolas Dupont-Aignan,DLF,sovereigntist_right,1.0,,,,,,,1 – 3 14 – – – 14 3 12 – – – – – – – 11 – 1 35 – – 6 – – –,0.8
V2-FR-HARRIS-INTERACTIVE-034,https://en.wikipedia.org/wiki/Opinion_polling_for_the_2027_French_presidential_election,wikipedia_excel_v2,Harris Interactive,,,2025-10-07,2025-10-07,2025-10-07,1124.0,unknown,unknown,unknown,first_round,Hypothèse Gabriel Attal / Jordan Bardella / Marine Tondelier,Jordan Bardella,RN,nationalist_right,35.0,,,,,,,1 – 3 14 – – – 14 3 12 – – – – – – – 11 – 1 35 – – 6 – – –,0.8
V2-FR-HARRIS-INTERACTIVE-034,https://en.wikipedia.org/wiki/Opinion_polling_for_the_2027_French_presidential_election,wikipedia_excel_v2,Harris Interactive,,,2025-10-07,2025-10-07,2025-10-07,1124.0,unknown,unknown,unknown,first_round,Hypothèse Gabriel Attal / Jordan Bardella / Marine Tondelier,Éric Zemmour,REC,far_right,6.0,,,,,,,1 – 3 14 – – – 14 3 12 – – – – – – – 11 – 1 35 – – 6 – – –,0.8
V2-FR-HARRIS-INTERACTIVE-035,https://en.wikipedia.org/wiki/Opinion_polling_for_the_2027_French_presidential_election,wikipedia_excel_v2,Harris Interactive,,,2025-10-07,2025-10-07,2025-10-07,1124.0,unknown,unknown,unknown,first_round,Hypothèse Édouard Philippe / Jordan Bardella / Marine Tondelier,Arlette Arthaud,LO,far_left,1.0,,,,,,,1 – 3 14 – – – 12 3 – – – – 15 – – – 10 – 1 35 – – 6 – – –,0.8
V2-FR-HARRIS-INTERACTIVE-035,https://en.wikipedia.org/wiki/Opinion_polling_for_the_2027_French_presidential_election,wikipedia_excel_v2,Harris Interactive,,,2025-10-07,2025-10-07,2025-10-07,1124.0,unknown,unknown,unknown,first_round,Hypothèse Édouard Philippe / Jordan Bardella / Marine Tondelier,Fabien Roussel,PCF,left,3.0,,,,,,,1 – 3 14 – – – 12 3 – – – – 15 – – – 10 – 1 35 – – 6 – – –,0.8
V2-FR-HARRIS-INTERACTIVE-035,https://en.wikipedia.org/wiki/Opinion_polling_for_the_2027_French_presidential_election,wikipedia_excel_v2,Harris Interactive,,,2025-10-07,2025-10-07,2025-10-07,1124.0,unknown,unknown,unknown,first_round,Hypothèse Édouard Philippe / Jordan Bardella / Marine Tondelier,Jean-Luc Mélenchon,LFI,left,14.0,,,,,,,1 – 3 14 – – – 12 3 – – – – 15 – – – 10 – 1 35 – – 6 – – –,0.8
V2-FR-HARRIS-INTERACTIVE-035,https://en.wikipedia.org/wiki/Opinion_polling_for_the_2027_French_presidential_election,wikipedia_excel_v2,Harris Interactive,,,2025-10-07,2025-10-07,2025-10-07,1124.0,unknown,unknown,unknown,first_round,Hypothèse Édouard Philippe / Jordan Bardella / Marine Tondelier,Raphaël Glucksmann,PP,centre_gauche,12.0,,,,,,,1 – 3 14 – – – 12 3 – – – – 15 – – – 10 – 1 35 – – 6 – – –,0.8
V2-FR-HARRIS-INTERACTIVE-035,https://en.wikipedia.org/wiki/Opinion_polling_for_the_2027_French_presidential_election,wikipedia_excel_v2,Harris Interactive,,,2025-10-07,2025-10-07,2025-10-07,1124.0,unknown,unknown,unknown,first_round,Hypothèse Édouard Philippe / Jordan Bardella / Marine Tondelier,Marine Tondelier,LE,écologistes,3.0,,,,,,,1 – 3 14 – – – 12 3 – – – – 15 – – – 10 – 1 35 – – 6 – – –,0.8
V2-FR-HARRIS-INTERACTIVE-035,https://en.wikipedia.org/wiki/Opinion_polling_for_the_2027_French_presidential_election,wikipedia_excel_v2,Harris Interactive,,,2025-10-07,2025-10-07,2025-10-07,1124.0,unknown,unknown,unknown,first_round,Hypothèse Édouard Philippe / Jordan Bardella / Marine Tondelier,Édouard Philippe,HOR,centre,15.0,,,,,,,1 – 3 14 – – – 12 3 – – – – 15 – – – 10 – 1 35 – – 6 – – –,0.8
V2-FR-HARRIS-INTERACTIVE-035,https://en.wikipedia.org/wiki/Opinion_polling_for_the_2027_French_presidential_election,wikipedia_excel_v2,Harris Interactive,,,2025-10-07,2025-10-07,2025-10-07,1124.0,unknown,unknown,unknown,first_round,Hypothèse Édouard Philippe / Jordan Bardella / Marine Tondelier,Bruno Retailleau,LR,right,10.0,,,,,,,1 – 3 14 – – – 12 3 – – – – 15 – – – 10 – 1 35 – – 6 – – –,0.8
V2-FR-HARRIS-INTERACTIVE-035,https://en.wikipedia.org/wiki/Opinion_polling_for_the_2027_French_presidential_election,wikipedia_excel_v2,Harris Interactive,,,2025-10-07,2025-10-07,2025-10-07,1124.0,unknown,unknown,unknown,first_round,Hypothèse Édouard Philippe / Jordan Bardella / Marine Tondelier,Nicolas Dupont-Aignan,DLF,sovereigntist_right,1.0,,,,,,,1 – 3 14 – – – 12 3 – – – – 15 – – – 10 – 1 35 – – 6 – – –,0.8
V2-FR-HARRIS-INTERACTIVE-035,https://en.wikipedia.org/wiki/Opinion_polling_for_the_2027_French_presidential_election,wikipedia_excel_v2,Harris Interactive,,,2025-10-07,2025-10-07,2025-10-07,1124.0,unknown,unknown,unknown,first_round,Hypothèse Édouard Philippe / Jordan Bardella / Marine Tondelier,Jordan Bardella,RN,nationalist_right,35.0,,,,,,,1 – 3 14 – – – 12 3 – – – – 15 – – – 10 – 1 35 – – 6 – – –,0.8
V2-FR-HARRIS-INTERACTIVE-035,https://en.wikipedia.org/wiki/Opinion_polling_for_the_2027_French_presidential_election,wikipedia_excel_v2,Harris Interactive,,,2025-10-07,2025-10-07,2025-10-07,1124.0,unknown,unknown,unknown,first_round,Hypothèse Édouard Philippe / Jordan Bardella / Marine Tondelier,Éric Zemmour,REC,far_right,6.0,,,,,,,1 – 3 14 – – – 12 3 – – – – 15 – – – 10 – 1 35 – – 6 – – –,0.8
V2-FR-CLUSTER17-036,https://en.wikipedia.org/wiki/Opinion_polling_for_the_2027_French_presidential_election,wikipedia_excel_v2,Cluster17,,,2025-09-30,2025-09-30,2025-09-30,1534.0,unknown,unknown,unknown,first_round,Hypothèse Édouard Philippe / Jordan Bardella / Olivier Faure,Arlette Arthaud,LO,far_left,1.0,,,,,,,1 – 4 14 – 8 – – – – – – – 19.5 – – – 13 – 4.5 30 – – 5.5 – – –,0.8
V2-FR-CLUSTER17-036,https://en.wikipedia.org/wiki/Opinion_polling_for_the_2027_French_presidential_election,wikipedia_excel_v2,Cluster17,,,2025-09-30,2025-09-30,2025-09-30,1534.0,unknown,unknown,unknown,first_round,Hypothèse Édouard Philippe / Jordan Bardella / Olivier Faure,Fabien Roussel,PCF,left,4.0,,,,,,,1 – 4 14 – 8 – – – – – – – 19.5 – – – 13 – 4.5 30 – – 5.5 – – –,0.8
V2-FR-CLUSTER17-036,https://en.wikipedia.org/wiki/Opinion_polling_for_the_2027_French_presidential_election,wikipedia_excel_v2,Cluster17,,,2025-09-30,2025-09-30,2025-09-30,1534.0,unknown,unknown,unknown,first_round,Hypothèse Édouard Philippe / Jordan Bardella / Olivier Faure,Jean-Luc Mélenchon,LFI,left,14.0,,,,,,,1 – 4 14 – 8 – – – – – – – 19.5 – – – 13 – 4.5 30 – – 5.5 – – –,0.8
V2-FR-CLUSTER17-036,https://en.wikipedia.org/wiki/Opinion_polling_for_the_2027_French_presidential_election,wikipedia_excel_v2,Cluster17,,,2025-09-30,2025-09-30,2025-09-30,1534.0,unknown,unknown,unknown,first_round,Hypothèse Édouard Philippe / Jordan Bardella / Olivier Faure,Olivier Faure,PS,centre_gauche,8.0,,,,,,,1 – 4 14 – 8 – – – – – – – 19.5 – – – 13 – 4.5 30 – – 5.5 – – –,0.8
V2-FR-CLUSTER17-036,https://en.wikipedia.org/wiki/Opinion_polling_for_the_2027_French_presidential_election,wikipedia_excel_v2,Cluster17,,,2025-09-30,2025-09-30,2025-09-30,1534.0,unknown,unknown,unknown,first_round,Hypothèse Édouard Philippe / Jordan Bardella / Olivier Faure,Édouard Philippe,HOR,centre,19.5,,,,,,,1 – 4 14 – 8 – – – – – – – 19.5 – – – 13 – 4.5 30 – – 5.5 – – –,0.8
V2-FR-CLUSTER17-036,https://en.wikipedia.org/wiki/Opinion_polling_for_the_2027_French_presidential_election,wikipedia_excel_v2,Cluster17,,,2025-09-30,2025-09-30,2025-09-30,1534.0,unknown,unknown,unknown,first_round,Hypothèse Édouard Philippe / Jordan Bardella / Olivier Faure,Bruno Retailleau,LR,right,13.0,,,,,,,1 – 4 14 – 8 – – – – – – – 19.5 – – – 13 – 4.5 30 – – 5.5 – – –,0.8
V2-FR-CLUSTER17-036,https://en.wikipedia.org/wiki/Opinion_polling_for_the_2027_French_presidential_election,wikipedia_excel_v2,Cluster17,,,2025-09-30,2025-09-30,2025-09-30,1534.0,unknown,unknown,unknown,first_round,Hypothèse Édouard Philippe / Jordan Bardella / Olivier Faure,Nicolas Dupont-Aignan,DLF,sovereigntist_right,4.5,,,,,,,1 – 4 14 – 8 – – – – – – – 19.5 – – – 13 – 4.5 30 – – 5.5 – – –,0.8
V2-FR-CLUSTER17-036,https://en.wikipedia.org/wiki/Opinion_polling_for_the_2027_French_presidential_election,wikipedia_excel_v2,Cluster17,,,2025-09-30,2025-09-30,2025-09-30,1534.0,unknown,unknown,unknown,first_round,Hypothèse Édouard Philippe / Jordan Bardella / Olivier Faure,Jordan Bardella,RN,nationalist_right,30.0,,,,,,,1 – 4 14 – 8 – – – – – – – 19.5 – – – 13 – 4.5 30 – – 5.5 – – –,0.8
V2-FR-CLUSTER17-036,https://en.wikipedia.org/wiki/Opinion_polling_for_the_2027_French_presidential_election,wikipedia_excel_v2,Cluster17,,,2025-09-30,2025-09-30,2025-09-30,1534.0,unknown,unknown,unknown,first_round,Hypothèse Édouard Philippe / Jordan Bardella / Olivier Faure,Éric Zemmour,REC,far_right,5.5,,,,,,,1 – 4 14 – 8 – – – – – – – 19.5 – – – 13 – 4.5 30 – – 5.5 – – –,0.8
V2-FR-CLUSTER17-037,https://en.wikipedia.org/wiki/Opinion_polling_for_the_2027_French_presidential_election,wikipedia_excel_v2,Cluster17,,,2025-09-30,2025-09-30,2025-09-30,1534.0,unknown,unknown,unknown,first_round,Hypothèse Édouard Philippe / Jordan Bardella / Raphaël Glucksmann,Arlette Arthaud,LO,far_left,1.0,,,,,,,1 – 3 15 – – – 15 – – – – – 15 – – – 12 – 3.5 30 – – 5.5 – – –,0.8
V2-FR-CLUSTER17-037,https://en.wikipedia.org/wiki/Opinion_polling_for_the_2027_French_presidential_election,wikipedia_excel_v2,Cluster17,,,2025-09-30,2025-09-30,2025-09-30,1534.0,unknown,unknown,unknown,first_round,Hypothèse Édouard Philippe / Jordan Bardella / Raphaël Glucksmann,Fabien Roussel,PCF,left,3.0,,,,,,,1 – 3 15 – – – 15 – – – – – 15 – – – 12 – 3.5 30 – – 5.5 – – –,0.8
V2-FR-CLUSTER17-037,https://en.wikipedia.org/wiki/Opinion_polling_for_the_2027_French_presidential_election,wikipedia_excel_v2,Cluster17,,,2025-09-30,2025-09-30,2025-09-30,1534.0,unknown,unknown,unknown,first_round,Hypothèse Édouard Philippe / Jordan Bardella / Raphaël Glucksmann,Jean-Luc Mélenchon,LFI,left,15.0,,,,,,,1 – 3 15 – – – 15 – – – – – 15 – – – 12 – 3.5 30 – – 5.5 – – –,0.8
V2-FR-CLUSTER17-037,https://en.wikipedia.org/wiki/Opinion_polling_for_the_2027_French_presidential_election,wikipedia_excel_v2,Cluster17,,,2025-09-30,2025-09-30,2025-09-30,1534.0,unknown,unknown,unknown,first_round,Hypothèse Édouard Philippe / Jordan Bardella / Raphaël Glucksmann,Raphaël Glucksmann,PP,centre_gauche,15.0,,,,,,,1 – 3 15 – – – 15 – – – – – 15 – – – 12 – 3.5 30 – – 5.5 – – –,0.8
V2-FR-CLUSTER17-037,https://en.wikipedia.org/wiki/Opinion_polling_for_the_2027_French_presidential_election,wikipedia_excel_v2,Cluster17,,,2025-09-30,2025-09-30,2025-09-30,1534.0,unknown,unknown,unknown,first_round,Hypothèse Édouard Philippe / Jordan Bardella / Raphaël Glucksmann,Édouard Philippe,HOR,centre,15.0,,,,,,,1 – 3 15 – – – 15 – – – – – 15 – – – 12 – 3.5 30 – – 5.5 – – –,0.8
V2-FR-CLUSTER17-037,https://en.wikipedia.org/wiki/Opinion_polling_for_the_2027_French_presidential_election,wikipedia_excel_v2,Cluster17,,,2025-09-30,2025-09-30,2025-09-30,1534.0,unknown,unknown,unknown,first_round,Hypothèse Édouard Philippe / Jordan Bardella / Raphaël Glucksmann,Bruno Retailleau,LR,right,12.0,,,,,,,1 – 3 15 – – – 15 – – – – – 15 – – – 12 – 3.5 30 – – 5.5 – – –,0.8
V2-FR-CLUSTER17-037,https://en.wikipedia.org/wiki/Opinion_polling_for_the_2027_French_presidential_election,wikipedia_excel_v2,Cluster17,,,2025-09-30,2025-09-30,2025-09-30,1534.0,unknown,unknown,unknown,first_round,Hypothèse Édouard Philippe / Jordan Bardella / Raphaël Glucksmann,Nicolas Dupont-Aignan,DLF,sovereigntist_right,3.5,,,,,,,1 – 3 15 – – – 15 – – – – – 15 – – – 12 – 3.5 30 – – 5.5 – – –,0.8
V2-FR-CLUSTER17-037,https://en.wikipedia.org/wiki/Opinion_polling_for_the_2027_French_presidential_election,wikipedia_excel_v2,Cluster17,,,2025-09-30,2025-09-30,2025-09-30,1534.0,unknown,unknown,unknown,first_round,Hypothèse Édouard Philippe / Jordan Bardella / Raphaël Glucksmann,Jordan Bardella,RN,nationalist_right,30.0,,,,,,,1 – 3 15 – – – 15 – – – – – 15 – – – 12 – 3.5 30 – – 5.5 – – –,0.8
V2-FR-CLUSTER17-037,https://en.wikipedia.org/wiki/Opinion_polling_for_the_2027_French_presidential_election,wikipedia_excel_v2,Cluster17,,,2025-09-30,2025-09-30,2025-09-30,1534.0,unknown,unknown,unknown,first_round,Hypothèse Édouard Philippe / Jordan Bardella / Raphaël Glucksmann,Éric Zemmour,REC,far_right,5.5,,,,,,,1 – 3 15 – – – 15 – – – – – 15 – – – 12 – 3.5 30 – – 5.5 – – –,0.8
V2-FR-CLUSTER17-038,https://en.wikipedia.org/wiki/Opinion_polling_for_the_2027_French_presidential_election,wikipedia_excel_v2,Cluster17,,,2025-09-30,2025-09-30,2025-09-30,1534.0,unknown,unknown,unknown,first_round,Hypothèse Édouard Philippe / Jordan Bardella / Marine Tondelier,Arlette Arthaud,LO,far_left,1.0,,,,,,,1 – 4 15 – – – – 7.5 – – – – 19.5 – – – 12.5 – 4 31 – – 5.5 – – –,0.8
V2-FR-CLUSTER17-038,https://en.wikipedia.org/wiki/Opinion_polling_for_the_2027_French_presidential_election,wikipedia_excel_v2,Cluster17,,,2025-09-30,2025-09-30,2025-09-30,1534.0,unknown,unknown,unknown,first_round,Hypothèse Édouard Philippe / Jordan Bardella / Marine Tondelier,Fabien Roussel,PCF,left,4.0,,,,,,,1 – 4 15 – – – – 7.5 – – – – 19.5 – – – 12.5 – 4 31 – – 5.5 – – –,0.8
V2-FR-CLUSTER17-038,https://en.wikipedia.org/wiki/Opinion_polling_for_the_2027_French_presidential_election,wikipedia_excel_v2,Cluster17,,,2025-09-30,2025-09-30,2025-09-30,1534.0,unknown,unknown,unknown,first_round,Hypothèse Édouard Philippe / Jordan Bardella / Marine Tondelier,Jean-Luc Mélenchon,LFI,left,15.0,,,,,,,1 – 4 15 – – – – 7.5 – – – – 19.5 – – – 12.5 – 4 31 – – 5.5 – – –,0.8
V2-FR-CLUSTER17-038,https://en.wikipedia.org/wiki/Opinion_polling_for_the_2027_French_presidential_election,wikipedia_excel_v2,Cluster17,,,2025-09-30,2025-09-30,2025-09-30,1534.0,unknown,unknown,unknown,first_round,Hypothèse Édouard Philippe / Jordan Bardella / Marine Tondelier,Marine Tondelier,LE,écologistes,7.5,,,,,,,1 – 4 15 – – – – 7.5 – – – – 19.5 – – – 12.5 – 4 31 – – 5.5 – – –,0.8
V2-FR-CLUSTER17-038,https://en.wikipedia.org/wiki/Opinion_polling_for_the_2027_French_presidential_election,wikipedia_excel_v2,Cluster17,,,2025-09-30,2025-09-30,2025-09-30,1534.0,unknown,unknown,unknown,first_round,Hypothèse Édouard Philippe / Jordan Bardella / Marine Tondelier,Édouard Philippe,HOR,centre,19.5,,,,,,,1 – 4 15 – – – – 7.5 – – – – 19.5 – – – 12.5 – 4 31 – – 5.5 – – –,0.8
V2-FR-CLUSTER17-038,https://en.wikipedia.org/wiki/Opinion_polling_for_the_2027_French_presidential_election,wikipedia_excel_v2,Cluster17,,,2025-09-30,2025-09-30,2025-09-30,1534.0,unknown,unknown,unknown,first_round,Hypothèse Édouard Philippe / Jordan Bardella / Marine Tondelier,Bruno Retailleau,LR,right,12.5,,,,,,,1 – 4 15 – – – – 7.5 – – – – 19.5 – – – 12.5 – 4 31 – – 5.5 – – –,0.8
V2-FR-CLUSTER17-038,https://en.wikipedia.org/wiki/Opinion_polling_for_the_2027_French_presidential_election,wikipedia_excel_v2,Cluster17,,,2025-09-30,2025-09-30,2025-09-30,1534.0,unknown,unknown,unknown,first_round,Hypothèse Édouard Philippe / Jordan Bardella / Marine Tondelier,Nicolas Dupont-Aignan,DLF,sovereigntist_right,4.0,,,,,,,1 – 4 15 – – – – 7.5 – – – – 19.5 – – – 12.5 – 4 31 – – 5.5 – – –,0.8
V2-FR-CLUSTER17-038,https://en.wikipedia.org/wiki/Opinion_polling_for_the_2027_French_presidential_election,wikipedia_excel_v2,Cluster17,,,2025-09-30,2025-09-30,2025-09-30,1534.0,unknown,unknown,unknown,first_round,Hypothèse Édouard Philippe / Jordan Bardella / Marine Tondelier,Jordan Bardella,RN,nationalist_right,31.0,,,,,,,1 – 4 15 – – – – 7.5 – – – – 19.5 – – – 12.5 – 4 31 – – 5.5 – – –,0.8
V2-FR-CLUSTER17-038,https://en.wikipedia.org/wiki/Opinion_polling_for_the_2027_French_presidential_election,wikipedia_excel_v2,Cluster17,,,2025-09-30,2025-09-30,2025-09-30,1534.0,unknown,unknown,unknown,first_round,Hypothèse Édouard Philippe / Jordan Bardella / Marine Tondelier,Éric Zemmour,REC,far_right,5.5,,,,,,,1 – 4 15 – – – – 7.5 – – – – 19.5 – – – 12.5 – 4 31 – – 5.5 – – –,0.8
V2-FR-IFOP-039,https://en.wikipedia.org/wiki/Opinion_polling_for_the_2027_French_presidential_election,wikipedia_excel_v2,Ifop,,,2025-09-24,2025-09-25,2025-09-25,1210.0,unknown,unknown,unknown,first_round,Hypothèse Édouard Philippe / Jordan Bardella / Dominique de Villepin,Arlette Arthaud,LO,far_left,1.0,,,,,,,1 – 5 13 – 7 – – – – – – – 19 4.5 – – 10 – 2 34 – – 4.5 – – –,0.8
V2-FR-IFOP-039,https://en.wikipedia.org/wiki/Opinion_polling_for_the_2027_French_presidential_election,wikipedia_excel_v2,Ifop,,,2025-09-24,2025-09-25,2025-09-25,1210.0,unknown,unknown,unknown,first_round,Hypothèse Édouard Philippe / Jordan Bardella / Dominique de Villepin,Fabien Roussel,PCF,left,5.0,,,,,,,1 – 5 13 – 7 – – – – – – – 19 4.5 – – 10 – 2 34 – – 4.5 – – –,0.8
V2-FR-IFOP-039,https://en.wikipedia.org/wiki/Opinion_polling_for_the_2027_French_presidential_election,wikipedia_excel_v2,Ifop,,,2025-09-24,2025-09-25,2025-09-25,1210.0,unknown,unknown,unknown,first_round,Hypothèse Édouard Philippe / Jordan Bardella / Dominique de Villepin,Jean-Luc Mélenchon,LFI,left,13.0,,,,,,,1 – 5 13 – 7 – – – – – – – 19 4.5 – – 10 – 2 34 – – 4.5 – – –,0.8
V2-FR-IFOP-039,https://en.wikipedia.org/wiki/Opinion_polling_for_the_2027_French_presidential_election,wikipedia_excel_v2,Ifop,,,2025-09-24,2025-09-25,2025-09-25,1210.0,unknown,unknown,unknown,first_round,Hypothèse Édouard Philippe / Jordan Bardella / Dominique de Villepin,Olivier Faure,PS,centre_gauche,7.0,,,,,,,1 – 5 13 – 7 – – – – – – – 19 4.5 – – 10 – 2 34 – – 4.5 – – –,0.8
V2-FR-IFOP-039,https://en.wikipedia.org/wiki/Opinion_polling_for_the_2027_French_presidential_election,wikipedia_excel_v2,Ifop,,,2025-09-24,2025-09-25,2025-09-25,1210.0,unknown,unknown,unknown,first_round,Hypothèse Édouard Philippe / Jordan Bardella / Dominique de Villepin,Édouard Philippe,HOR,centre,19.0,,,,,,,1 – 5 13 – 7 – – – – – – – 19 4.5 – – 10 – 2 34 – – 4.5 – – –,0.8
V2-FR-IFOP-039,https://en.wikipedia.org/wiki/Opinion_polling_for_the_2027_French_presidential_election,wikipedia_excel_v2,Ifop,,,2025-09-24,2025-09-25,2025-09-25,1210.0,unknown,unknown,unknown,first_round,Hypothèse Édouard Philippe / Jordan Bardella / Dominique de Villepin,Dominique de Villepin,LFH,droite_gaulliste,4.5,,,,,,,1 – 5 13 – 7 – – – – – – – 19 4.5 – – 10 – 2 34 – – 4.5 – – –,0.8
V2-FR-IFOP-039,https://en.wikipedia.org/wiki/Opinion_polling_for_the_2027_French_presidential_election,wikipedia_excel_v2,Ifop,,,2025-09-24,2025-09-25,2025-09-25,1210.0,unknown,unknown,unknown,first_round,Hypothèse Édouard Philippe / Jordan Bardella / Dominique de Villepin,Bruno Retailleau,LR,right,10.0,,,,,,,1 – 5 13 – 7 – – – – – – – 19 4.5 – – 10 – 2 34 – – 4.5 – – –,0.8
V2-FR-IFOP-039,https://en.wikipedia.org/wiki/Opinion_polling_for_the_2027_French_presidential_election,wikipedia_excel_v2,Ifop,,,2025-09-24,2025-09-25,2025-09-25,1210.0,unknown,unknown,unknown,first_round,Hypothèse Édouard Philippe / Jordan Bardella / Dominique de Villepin,Nicolas Dupont-Aignan,DLF,sovereigntist_right,2.0,,,,,,,1 – 5 13 – 7 – – – – – – – 19 4.5 – – 10 – 2 34 – – 4.5 – – –,0.8
V2-FR-IFOP-039,https://en.wikipedia.org/wiki/Opinion_polling_for_the_2027_French_presidential_election,wikipedia_excel_v2,Ifop,,,2025-09-24,2025-09-25,2025-09-25,1210.0,unknown,unknown,unknown,first_round,Hypothèse Édouard Philippe / Jordan Bardella / Dominique de Villepin,Jordan Bardella,RN,nationalist_right,34.0,,,,,,,1 – 5 13 – 7 – – – – – – – 19 4.5 – – 10 – 2 34 – – 4.5 – – –,0.8
V2-FR-IFOP-039,https://en.wikipedia.org/wiki/Opinion_polling_for_the_2027_French_presidential_election,wikipedia_excel_v2,Ifop,,,2025-09-24,2025-09-25,2025-09-25,1210.0,unknown,unknown,unknown,first_round,Hypothèse Édouard Philippe / Jordan Bardella / Dominique de Villepin,Éric Zemmour,REC,far_right,4.5,,,,,,,1 – 5 13 – 7 – – – – – – – 19 4.5 – – 10 – 2 34 – – 4.5 – – –,0.8
V2-FR-IFOP-040,https://en.wikipedia.org/wiki/Opinion_polling_for_the_2027_French_presidential_election,wikipedia_excel_v2,Ifop,,,2025-09-24,2025-09-25,2025-09-25,1210.0,unknown,unknown,unknown,first_round,Hypothèse Gabriel Attal / Jordan Bardella / Raphaël Glucksmann,Arlette Arthaud,LO,far_left,1.5,,,,,,,1.5 – 4 13 – – – 14 – 10 – – – – 4 – – 12 – 2.5 34 – – 5 – – –,0.8
V2-FR-IFOP-040,https://en.wikipedia.org/wiki/Opinion_polling_for_the_2027_French_presidential_election,wikipedia_excel_v2,Ifop,,,2025-09-24,2025-09-25,2025-09-25,1210.0,unknown,unknown,unknown,first_round,Hypothèse Gabriel Attal / Jordan Bardella / Raphaël Glucksmann,Fabien Roussel,PCF,left,4.0,,,,,,,1.5 – 4 13 – – – 14 – 10 – – – – 4 – – 12 – 2.5 34 – – 5 – – –,0.8
V2-FR-IFOP-040,https://en.wikipedia.org/wiki/Opinion_polling_for_the_2027_French_presidential_election,wikipedia_excel_v2,Ifop,,,2025-09-24,2025-09-25,2025-09-25,1210.0,unknown,unknown,unknown,first_round,Hypothèse Gabriel Attal / Jordan Bardella / Raphaël Glucksmann,Jean-Luc Mélenchon,LFI,left,13.0,,,,,,,1.5 – 4 13 – – – 14 – 10 – – – – 4 – – 12 – 2.5 34 – – 5 – – –,0.8
V2-FR-IFOP-040,https://en.wikipedia.org/wiki/Opinion_polling_for_the_2027_French_presidential_election,wikipedia_excel_v2,Ifop,,,2025-09-24,2025-09-25,2025-09-25,1210.0,unknown,unknown,unknown,first_round,Hypothèse Gabriel Attal / Jordan Bardella / Raphaël Glucksmann,Raphaël Glucksmann,PP,centre_gauche,14.0,,,,,,,1.5 – 4 13 – – – 14 – 10 – – – – 4 – – 12 – 2.5 34 – – 5 – – –,0.8
V2-FR-IFOP-040,https://en.wikipedia.org/wiki/Opinion_polling_for_the_2027_French_presidential_election,wikipedia_excel_v2,Ifop,,,2025-09-24,2025-09-25,2025-09-25,1210.0,unknown,unknown,unknown,first_round,Hypothèse Gabriel Attal / Jordan Bardella / Raphaël Glucksmann,Gabriel Attal,RE,centre,10.0,,,,,,,1.5 – 4 13 – – – 14 – 10 – – – – 4 – – 12 – 2.5 34 – – 5 – – –,0.8
V2-FR-IFOP-040,https://en.wikipedia.org/wiki/Opinion_polling_for_the_2027_French_presidential_election,wikipedia_excel_v2,Ifop,,,2025-09-24,2025-09-25,2025-09-25,1210.0,unknown,unknown,unknown,first_round,Hypothèse Gabriel Attal / Jordan Bardella / Raphaël Glucksmann,Dominique de Villepin,LFH,droite_gaulliste,4.0,,,,,,,1.5 – 4 13 – – – 14 – 10 – – – – 4 – – 12 – 2.5 34 – – 5 – – –,0.8
V2-FR-IFOP-040,https://en.wikipedia.org/wiki/Opinion_polling_for_the_2027_French_presidential_election,wikipedia_excel_v2,Ifop,,,2025-09-24,2025-09-25,2025-09-25,1210.0,unknown,unknown,unknown,first_round,Hypothèse Gabriel Attal / Jordan Bardella / Raphaël Glucksmann,Bruno Retailleau,LR,right,12.0,,,,,,,1.5 – 4 13 – – – 14 – 10 – – – – 4 – – 12 – 2.5 34 – – 5 – – –,0.8
V2-FR-IFOP-040,https://en.wikipedia.org/wiki/Opinion_polling_for_the_2027_French_presidential_election,wikipedia_excel_v2,Ifop,,,2025-09-24,2025-09-25,2025-09-25,1210.0,unknown,unknown,unknown,first_round,Hypothèse Gabriel Attal / Jordan Bardella / Raphaël Glucksmann,Nicolas Dupont-Aignan,DLF,sovereigntist_right,2.5,,,,,,,1.5 – 4 13 – – – 14 – 10 – – – – 4 – – 12 – 2.5 34 – – 5 – – –,0.8
V2-FR-IFOP-040,https://en.wikipedia.org/wiki/Opinion_polling_for_the_2027_French_presidential_election,wikipedia_excel_v2,Ifop,,,2025-09-24,2025-09-25,2025-09-25,1210.0,unknown,unknown,unknown,first_round,Hypothèse Gabriel Attal / Jordan Bardella / Raphaël Glucksmann,Jordan Bardella,RN,nationalist_right,34.0,,,,,,,1.5 – 4 13 – – – 14 – 10 – – – – 4 – – 12 – 2.5 34 – – 5 – – –,0.8
V2-FR-IFOP-040,https://en.wikipedia.org/wiki/Opinion_polling_for_the_2027_French_presidential_election,wikipedia_excel_v2,Ifop,,,2025-09-24,2025-09-25,2025-09-25,1210.0,unknown,unknown,unknown,first_round,Hypothèse Gabriel Attal / Jordan Bardella / Raphaël Glucksmann,Éric Zemmour,REC,far_right,5.0,,,,,,,1.5 – 4 13 – – – 14 – 10 – – – – 4 – – 12 – 2.5 34 – – 5 – – –,0.8
V2-FR-IFOP-041,https://en.wikipedia.org/wiki/Opinion_polling_for_the_2027_French_presidential_election,wikipedia_excel_v2,Ifop,,,2025-09-24,2025-09-25,2025-09-25,1210.0,unknown,unknown,unknown,first_round,Hypothèse Jordan Bardella / Raphaël Glucksmann / Dominique de Villepin,Arlette Arthaud,LO,far_left,1.0,,,,,,,1 – 4 13 – – – 16 – – 7 – – – 5 – – 13 – 2 35 – – 4 – – –,0.8
V2-FR-IFOP-041,https://en.wikipedia.org/wiki/Opinion_polling_for_the_2027_French_presidential_election,wikipedia_excel_v2,Ifop,,,2025-09-24,2025-09-25,2025-09-25,1210.0,unknown,unknown,unknown,first_round,Hypothèse Jordan Bardella / Raphaël Glucksmann / Dominique de Villepin,Fabien Roussel,PCF,left,4.0,,,,,,,1 – 4 13 – – – 16 – – 7 – – – 5 – – 13 – 2 35 – – 4 – – –,0.8
V2-FR-IFOP-041,https://en.wikipedia.org/wiki/Opinion_polling_for_the_2027_French_presidential_election,wikipedia_excel_v2,Ifop,,,2025-09-24,2025-09-25,2025-09-25,1210.0,unknown,unknown,unknown,first_round,Hypothèse Jordan Bardella / Raphaël Glucksmann / Dominique de Villepin,Jean-Luc Mélenchon,LFI,left,13.0,,,,,,,1 – 4 13 – – – 16 – – 7 – – – 5 – – 13 – 2 35 – – 4 – – –,0.8
V2-FR-IFOP-041,https://en.wikipedia.org/wiki/Opinion_polling_for_the_2027_French_presidential_election,wikipedia_excel_v2,Ifop,,,2025-09-24,2025-09-25,2025-09-25,1210.0,unknown,unknown,unknown,first_round,Hypothèse Jordan Bardella / Raphaël Glucksmann / Dominique de Villepin,Raphaël Glucksmann,PP,centre_gauche,16.0,,,,,,,1 – 4 13 – – – 16 – – 7 – – – 5 – – 13 – 2 35 – – 4 – – –,0.8
V2-FR-IFOP-041,https://en.wikipedia.org/wiki/Opinion_polling_for_the_2027_French_presidential_election,wikipedia_excel_v2,Ifop,,,2025-09-24,2025-09-25,2025-09-25,1210.0,unknown,unknown,unknown,first_round,Hypothèse Jordan Bardella / Raphaël Glucksmann / Dominique de Villepin,Gérald Darmanin,RE,centre_droit,7.0,,,,,,,1 – 4 13 – – – 16 – – 7 – – – 5 – – 13 – 2 35 – – 4 – – –,0.8
V2-FR-IFOP-041,https://en.wikipedia.org/wiki/Opinion_polling_for_the_2027_French_presidential_election,wikipedia_excel_v2,Ifop,,,2025-09-24,2025-09-25,2025-09-25,1210.0,unknown,unknown,unknown,first_round,Hypothèse Jordan Bardella / Raphaël Glucksmann / Dominique de Villepin,Dominique de Villepin,LFH,droite_gaulliste,5.0,,,,,,,1 – 4 13 – – – 16 – – 7 – – – 5 – – 13 – 2 35 – – 4 – – –,0.8
V2-FR-IFOP-041,https://en.wikipedia.org/wiki/Opinion_polling_for_the_2027_French_presidential_election,wikipedia_excel_v2,Ifop,,,2025-09-24,2025-09-25,2025-09-25,1210.0,unknown,unknown,unknown,first_round,Hypothèse Jordan Bardella / Raphaël Glucksmann / Dominique de Villepin,Bruno Retailleau,LR,right,13.0,,,,,,,1 – 4 13 – – – 16 – – 7 – – – 5 – – 13 – 2 35 – – 4 – – –,0.8
V2-FR-IFOP-041,https://en.wikipedia.org/wiki/Opinion_polling_for_the_2027_French_presidential_election,wikipedia_excel_v2,Ifop,,,2025-09-24,2025-09-25,2025-09-25,1210.0,unknown,unknown,unknown,first_round,Hypothèse Jordan Bardella / Raphaël Glucksmann / Dominique de Villepin,Nicolas Dupont-Aignan,DLF,sovereigntist_right,2.0,,,,,,,1 – 4 13 – – – 16 – – 7 – – – 5 – – 13 – 2 35 – – 4 – – –,0.8
V2-FR-IFOP-041,https://en.wikipedia.org/wiki/Opinion_polling_for_the_2027_French_presidential_election,wikipedia_excel_v2,Ifop,,,2025-09-24,2025-09-25,2025-09-25,1210.0,unknown,unknown,unknown,first_round,Hypothèse Jordan Bardella / Raphaël Glucksmann / Dominique de Villepin,Jordan Bardella,RN,nationalist_right,35.0,,,,,,,1 – 4 13 – – – 16 – – 7 – – – 5 – – 13 – 2 35 – – 4 – – –,0.8
V2-FR-IFOP-041,https://en.wikipedia.org/wiki/Opinion_polling_for_the_2027_French_presidential_election,wikipedia_excel_v2,Ifop,,,2025-09-24,2025-09-25,2025-09-25,1210.0,unknown,unknown,unknown,first_round,Hypothèse Jordan Bardella / Raphaël Glucksmann / Dominique de Villepin,Éric Zemmour,REC,far_right,4.0,,,,,,,1 – 4 13 – – – 16 – – 7 – – – 5 – – 13 – 2 35 – – 4 – – –,0.8
V2-FR-IFOP-042,https://en.wikipedia.org/wiki/Opinion_polling_for_the_2027_French_presidential_election,wikipedia_excel_v2,Ifop,,,2025-09-24,2025-09-25,2025-09-25,1210.0,unknown,unknown,unknown,first_round,Hypothèse Jordan Bardella / Raphaël Glucksmann / Dominique de Villepin,Arlette Arthaud,LO,far_left,2.0,,,,,,,2 – 4 13 – – – 16 – – – – 3 – 6 – – 13 – 3 35 – – 5 – – –,0.8
V2-FR-IFOP-042,https://en.wikipedia.org/wiki/Opinion_polling_for_the_2027_French_presidential_election,wikipedia_excel_v2,Ifop,,,2025-09-24,2025-09-25,2025-09-25,1210.0,unknown,unknown,unknown,first_round,Hypothèse Jordan Bardella / Raphaël Glucksmann / Dominique de Villepin,Fabien Roussel,PCF,left,4.0,,,,,,,2 – 4 13 – – – 16 – – – – 3 – 6 – – 13 – 3 35 – – 5 – – –,0.8
V2-FR-IFOP-042,https://en.wikipedia.org/wiki/Opinion_polling_for_the_2027_French_presidential_election,wikipedia_excel_v2,Ifop,,,2025-09-24,2025-09-25,2025-09-25,1210.0,unknown,unknown,unknown,first_round,Hypothèse Jordan Bardella / Raphaël Glucksmann / Dominique de Villepin,Jean-Luc Mélenchon,LFI,left,13.0,,,,,,,2 – 4 13 – – – 16 – – – – 3 – 6 – – 13 – 3 35 – – 5 – – –,0.8
V2-FR-IFOP-042,https://en.wikipedia.org/wiki/Opinion_polling_for_the_2027_French_presidential_election,wikipedia_excel_v2,Ifop,,,2025-09-24,2025-09-25,2025-09-25,1210.0,unknown,unknown,unknown,first_round,Hypothèse Jordan Bardella / Raphaël Glucksmann / Dominique de Villepin,Raphaël Glucksmann,PP,centre_gauche,16.0,,,,,,,2 – 4 13 – – – 16 – – – – 3 – 6 – – 13 – 3 35 – – 5 – – –,0.8
V2-FR-IFOP-042,https://en.wikipedia.org/wiki/Opinion_polling_for_the_2027_French_presidential_election,wikipedia_excel_v2,Ifop,,,2025-09-24,2025-09-25,2025-09-25,1210.0,unknown,unknown,unknown,first_round,Hypothèse Jordan Bardella / Raphaël Glucksmann / Dominique de Villepin,François Bayrou,MoDem,centre,3.0,,,,,,,2 – 4 13 – – – 16 – – – – 3 – 6 – – 13 – 3 35 – – 5 – – –,0.8
V2-FR-IFOP-042,https://en.wikipedia.org/wiki/Opinion_polling_for_the_2027_French_presidential_election,wikipedia_excel_v2,Ifop,,,2025-09-24,2025-09-25,2025-09-25,1210.0,unknown,unknown,unknown,first_round,Hypothèse Jordan Bardella / Raphaël Glucksmann / Dominique de Villepin,Dominique de Villepin,LFH,droite_gaulliste,6.0,,,,,,,2 – 4 13 – – – 16 – – – – 3 – 6 – – 13 – 3 35 – – 5 – – –,0.8
V2-FR-IFOP-042,https://en.wikipedia.org/wiki/Opinion_polling_for_the_2027_French_presidential_election,wikipedia_excel_v2,Ifop,,,2025-09-24,2025-09-25,2025-09-25,1210.0,unknown,unknown,unknown,first_round,Hypothèse Jordan Bardella / Raphaël Glucksmann / Dominique de Villepin,Bruno Retailleau,LR,right,13.0,,,,,,,2 – 4 13 – – – 16 – – – – 3 – 6 – – 13 – 3 35 – – 5 – – –,0.8
V2-FR-IFOP-042,https://en.wikipedia.org/wiki/Opinion_polling_for_the_2027_French_presidential_election,wikipedia_excel_v2,Ifop,,,2025-09-24,2025-09-25,2025-09-25,1210.0,unknown,unknown,unknown,first_round,Hypothèse Jordan Bardella / Raphaël Glucksmann / Dominique de Villepin,Nicolas Dupont-Aignan,DLF,sovereigntist_right,3.0,,,,,,,2 – 4 13 – – – 16 – – – – 3 – 6 – – 13 – 3 35 – – 5 – – –,0.8
V2-FR-IFOP-042,https://en.wikipedia.org/wiki/Opinion_polling_for_the_2027_French_presidential_election,wikipedia_excel_v2,Ifop,,,2025-09-24,2025-09-25,2025-09-25,1210.0,unknown,unknown,unknown,first_round,Hypothèse Jordan Bardella / Raphaël Glucksmann / Dominique de Villepin,Jordan Bardella,RN,nationalist_right,35.0,,,,,,,2 – 4 13 – – – 16 – – – – 3 – 6 – – 13 – 3 35 – – 5 – – –,0.8
V2-FR-IFOP-042,https://en.wikipedia.org/wiki/Opinion_polling_for_the_2027_French_presidential_election,wikipedia_excel_v2,Ifop,,,2025-09-24,2025-09-25,2025-09-25,1210.0,unknown,unknown,unknown,first_round,Hypothèse Jordan Bardella / Raphaël Glucksmann / Dominique de Villepin,Éric Zemmour,REC,far_right,5.0,,,,,,,2 – 4 13 – – – 16 – – – – 3 – 6 – – 13 – 3 35 – – 5 – – –,0.8
V2-FR-IFOP-043,https://en.wikipedia.org/wiki/Opinion_polling_for_the_2027_French_presidential_election,wikipedia_excel_v2,Ifop,,,2025-09-24,2025-09-25,2025-09-25,1210.0,unknown,unknown,unknown,first_round,Hypothèse Édouard Philippe / Jordan Bardella / Raphaël Glucksmann,Arlette Arthaud,LO,far_left,1.0,,,,,,,1 – 3.5 12 – – – 15 – – – – – 16 4 – – 9 – 2 33 – – 4.5 – – –,0.8
V2-FR-IFOP-043,https://en.wikipedia.org/wiki/Opinion_polling_for_the_2027_French_presidential_election,wikipedia_excel_v2,Ifop,,,2025-09-24,2025-09-25,2025-09-25,1210.0,unknown,unknown,unknown,first_round,Hypothèse Édouard Philippe / Jordan Bardella / Raphaël Glucksmann,Fabien Roussel,PCF,left,3.5,,,,,,,1 – 3.5 12 – – – 15 – – – – – 16 4 – – 9 – 2 33 – – 4.5 – – –,0.8
V2-FR-IFOP-043,https://en.wikipedia.org/wiki/Opinion_polling_for_the_2027_French_presidential_election,wikipedia_excel_v2,Ifop,,,2025-09-24,2025-09-25,2025-09-25,1210.0,unknown,unknown,unknown,first_round,Hypothèse Édouard Philippe / Jordan Bardella / Raphaël Glucksmann,Jean-Luc Mélenchon,LFI,left,12.0,,,,,,,1 – 3.5 12 – – – 15 – – – – – 16 4 – – 9 – 2 33 – – 4.5 – – –,0.8
V2-FR-IFOP-043,https://en.wikipedia.org/wiki/Opinion_polling_for_the_2027_French_presidential_election,wikipedia_excel_v2,Ifop,,,2025-09-24,2025-09-25,2025-09-25,1210.0,unknown,unknown,unknown,first_round,Hypothèse Édouard Philippe / Jordan Bardella / Raphaël Glucksmann,Raphaël Glucksmann,PP,centre_gauche,15.0,,,,,,,1 – 3.5 12 – – – 15 – – – – – 16 4 – – 9 – 2 33 – – 4.5 – – –,0.8
V2-FR-IFOP-043,https://en.wikipedia.org/wiki/Opinion_polling_for_the_2027_French_presidential_election,wikipedia_excel_v2,Ifop,,,2025-09-24,2025-09-25,2025-09-25,1210.0,unknown,unknown,unknown,first_round,Hypothèse Édouard Philippe / Jordan Bardella / Raphaël Glucksmann,Édouard Philippe,HOR,centre,16.0,,,,,,,1 – 3.5 12 – – – 15 – – – – – 16 4 – – 9 – 2 33 – – 4.5 – – –,0.8
V2-FR-IFOP-043,https://en.wikipedia.org/wiki/Opinion_polling_for_the_2027_French_presidential_election,wikipedia_excel_v2,Ifop,,,2025-09-24,2025-09-25,2025-09-25,1210.0,unknown,unknown,unknown,first_round,Hypothèse Édouard Philippe / Jordan Bardella / Raphaël Glucksmann,Dominique de Villepin,LFH,droite_gaulliste,4.0,,,,,,,1 – 3.5 12 – – – 15 – – – – – 16 4 – – 9 – 2 33 – – 4.5 – – –,0.8
V2-FR-IFOP-043,https://en.wikipedia.org/wiki/Opinion_polling_for_the_2027_French_presidential_election,wikipedia_excel_v2,Ifop,,,2025-09-24,2025-09-25,2025-09-25,1210.0,unknown,unknown,unknown,first_round,Hypothèse Édouard Philippe / Jordan Bardella / Raphaël Glucksmann,Bruno Retailleau,LR,right,9.0,,,,,,,1 – 3.5 12 – – – 15 – – – – – 16 4 – – 9 – 2 33 – – 4.5 – – –,0.8
V2-FR-IFOP-043,https://en.wikipedia.org/wiki/Opinion_polling_for_the_2027_French_presidential_election,wikipedia_excel_v2,Ifop,,,2025-09-24,2025-09-25,2025-09-25,1210.0,unknown,unknown,unknown,first_round,Hypothèse Édouard Philippe / Jordan Bardella / Raphaël Glucksmann,Nicolas Dupont-Aignan,DLF,sovereigntist_right,2.0,,,,,,,1 – 3.5 12 – – – 15 – – – – – 16 4 – – 9 – 2 33 – – 4.5 – – –,0.8
V2-FR-IFOP-043,https://en.wikipedia.org/wiki/Opinion_polling_for_the_2027_French_presidential_election,wikipedia_excel_v2,Ifop,,,2025-09-24,2025-09-25,2025-09-25,1210.0,unknown,unknown,unknown,first_round,Hypothèse Édouard Philippe / Jordan Bardella / Raphaël Glucksmann,Jordan Bardella,RN,nationalist_right,33.0,,,,,,,1 – 3.5 12 – – – 15 – – – – – 16 4 – – 9 – 2 33 – – 4.5 – – –,0.8
V2-FR-IFOP-043,https://en.wikipedia.org/wiki/Opinion_polling_for_the_2027_French_presidential_election,wikipedia_excel_v2,Ifop,,,2025-09-24,2025-09-25,2025-09-25,1210.0,unknown,unknown,unknown,first_round,Hypothèse Édouard Philippe / Jordan Bardella / Raphaël Glucksmann,Éric Zemmour,REC,far_right,4.5,,,,,,,1 – 3.5 12 – – – 15 – – – – – 16 4 – – 9 – 2 33 – – 4.5 – – –,0.8
V2-FR-IFOP-044,https://en.wikipedia.org/wiki/Opinion_polling_for_the_2027_French_presidential_election,wikipedia_excel_v2,Ifop,,,2025-05-19,2025-05-20,2025-05-20,1114.0,unknown,unknown,unknown,first_round,Hypothèse Édouard Philippe / Jordan Bardella / Bruno Retailleau,Arlette Arthaud,LO,far_left,1.0,,,,,,,1 – 3.5 13 – 4.5 – – 4.5 – – – – 21 – – – 16 – 2 31 – – 3.5 – – –,0.8
V2-FR-IFOP-044,https://en.wikipedia.org/wiki/Opinion_polling_for_the_2027_French_presidential_election,wikipedia_excel_v2,Ifop,,,2025-05-19,2025-05-20,2025-05-20,1114.0,unknown,unknown,unknown,first_round,Hypothèse Édouard Philippe / Jordan Bardella / Bruno Retailleau,Fabien Roussel,PCF,left,3.5,,,,,,,1 – 3.5 13 – 4.5 – – 4.5 – – – – 21 – – – 16 – 2 31 – – 3.5 – – –,0.8
V2-FR-IFOP-044,https://en.wikipedia.org/wiki/Opinion_polling_for_the_2027_French_presidential_election,wikipedia_excel_v2,Ifop,,,2025-05-19,2025-05-20,2025-05-20,1114.0,unknown,unknown,unknown,first_round,Hypothèse Édouard Philippe / Jordan Bardella / Bruno Retailleau,Jean-Luc Mélenchon,LFI,left,13.0,,,,,,,1 – 3.5 13 – 4.5 – – 4.5 – – – – 21 – – – 16 – 2 31 – – 3.5 – – –,0.8
V2-FR-IFOP-044,https://en.wikipedia.org/wiki/Opinion_polling_for_the_2027_French_presidential_election,wikipedia_excel_v2,Ifop,,,2025-05-19,2025-05-20,2025-05-20,1114.0,unknown,unknown,unknown,first_round,Hypothèse Édouard Philippe / Jordan Bardella / Bruno Retailleau,Olivier Faure,PS,centre_gauche,4.5,,,,,,,1 – 3.5 13 – 4.5 – – 4.5 – – – – 21 – – – 16 – 2 31 – – 3.5 – – –,0.8
V2-FR-IFOP-044,https://en.wikipedia.org/wiki/Opinion_polling_for_the_2027_French_presidential_election,wikipedia_excel_v2,Ifop,,,2025-05-19,2025-05-20,2025-05-20,1114.0,unknown,unknown,unknown,first_round,Hypothèse Édouard Philippe / Jordan Bardella / Bruno Retailleau,Marine Tondelier,LE,écologistes,4.5,,,,,,,1 – 3.5 13 – 4.5 – – 4.5 – – – – 21 – – – 16 – 2 31 – – 3.5 – – –,0.8
V2-FR-IFOP-044,https://en.wikipedia.org/wiki/Opinion_polling_for_the_2027_French_presidential_election,wikipedia_excel_v2,Ifop,,,2025-05-19,2025-05-20,2025-05-20,1114.0,unknown,unknown,unknown,first_round,Hypothèse Édouard Philippe / Jordan Bardella / Bruno Retailleau,Édouard Philippe,HOR,centre,21.0,,,,,,,1 – 3.5 13 – 4.5 – – 4.5 – – – – 21 – – – 16 – 2 31 – – 3.5 – – –,0.8
V2-FR-IFOP-044,https://en.wikipedia.org/wiki/Opinion_polling_for_the_2027_French_presidential_election,wikipedia_excel_v2,Ifop,,,2025-05-19,2025-05-20,2025-05-20,1114.0,unknown,unknown,unknown,first_round,Hypothèse Édouard Philippe / Jordan Bardella / Bruno Retailleau,Bruno Retailleau,LR,right,16.0,,,,,,,1 – 3.5 13 – 4.5 – – 4.5 – – – – 21 – – – 16 – 2 31 – – 3.5 – – –,0.8
V2-FR-IFOP-044,https://en.wikipedia.org/wiki/Opinion_polling_for_the_2027_French_presidential_election,wikipedia_excel_v2,Ifop,,,2025-05-19,2025-05-20,2025-05-20,1114.0,unknown,unknown,unknown,first_round,Hypothèse Édouard Philippe / Jordan Bardella / Bruno Retailleau,Nicolas Dupont-Aignan,DLF,sovereigntist_right,2.0,,,,,,,1 – 3.5 13 – 4.5 – – 4.5 – – – – 21 – – – 16 – 2 31 – – 3.5 – – –,0.8
V2-FR-IFOP-044,https://en.wikipedia.org/wiki/Opinion_polling_for_the_2027_French_presidential_election,wikipedia_excel_v2,Ifop,,,2025-05-19,2025-05-20,2025-05-20,1114.0,unknown,unknown,unknown,first_round,Hypothèse Édouard Philippe / Jordan Bardella / Bruno Retailleau,Jordan Bardella,RN,nationalist_right,31.0,,,,,,,1 – 3.5 13 – 4.5 – – 4.5 – – – – 21 – – – 16 – 2 31 – – 3.5 – – –,0.8
V2-FR-IFOP-044,https://en.wikipedia.org/wiki/Opinion_polling_for_the_2027_French_presidential_election,wikipedia_excel_v2,Ifop,,,2025-05-19,2025-05-20,2025-05-20,1114.0,unknown,unknown,unknown,first_round,Hypothèse Édouard Philippe / Jordan Bardella / Bruno Retailleau,Éric Zemmour,REC,far_right,3.5,,,,,,,1 – 3.5 13 – 4.5 – – 4.5 – – – – 21 – – – 16 – 2 31 – – 3.5 – – –,0.8
V2-FR-HARRIS-INTERACTIVE-045,https://en.wikipedia.org/wiki/Opinion_polling_for_the_2027_French_presidential_election,wikipedia_excel_v2,Harris Interactive,,,2025-05-19,2025-05-19,2025-05-19,1071.0,unknown,unknown,unknown,first_round,Hypothèse Gabriel Attal / Jordan Bardella / Marine Tondelier,Arlette Arthaud,LO,far_left,1.0,,,,,,,1 – 3 14 – – – 11 3 15 – – – – – – – 17 – – 31 – – 5 – – –,0.8
V2-FR-HARRIS-INTERACTIVE-045,https://en.wikipedia.org/wiki/Opinion_polling_for_the_2027_French_presidential_election,wikipedia_excel_v2,Harris Interactive,,,2025-05-19,2025-05-19,2025-05-19,1071.0,unknown,unknown,unknown,first_round,Hypothèse Gabriel Attal / Jordan Bardella / Marine Tondelier,Fabien Roussel,PCF,left,3.0,,,,,,,1 – 3 14 – – – 11 3 15 – – – – – – – 17 – – 31 – – 5 – – –,0.8
V2-FR-HARRIS-INTERACTIVE-045,https://en.wikipedia.org/wiki/Opinion_polling_for_the_2027_French_presidential_election,wikipedia_excel_v2,Harris Interactive,,,2025-05-19,2025-05-19,2025-05-19,1071.0,unknown,unknown,unknown,first_round,Hypothèse Gabriel Attal / Jordan Bardella / Marine Tondelier,Jean-Luc Mélenchon,LFI,left,14.0,,,,,,,1 – 3 14 – – – 11 3 15 – – – – – – – 17 – – 31 – – 5 – – –,0.8
V2-FR-HARRIS-INTERACTIVE-045,https://en.wikipedia.org/wiki/Opinion_polling_for_the_2027_French_presidential_election,wikipedia_excel_v2,Harris Interactive,,,2025-05-19,2025-05-19,2025-05-19,1071.0,unknown,unknown,unknown,first_round,Hypothèse Gabriel Attal / Jordan Bardella / Marine Tondelier,Raphaël Glucksmann,PP,centre_gauche,11.0,,,,,,,1 – 3 14 – – – 11 3 15 – – – – – – – 17 – – 31 – – 5 – – –,0.8
V2-FR-HARRIS-INTERACTIVE-045,https://en.wikipedia.org/wiki/Opinion_polling_for_the_2027_French_presidential_election,wikipedia_excel_v2,Harris Interactive,,,2025-05-19,2025-05-19,2025-05-19,1071.0,unknown,unknown,unknown,first_round,Hypothèse Gabriel Attal / Jordan Bardella / Marine Tondelier,Marine Tondelier,LE,écologistes,3.0,,,,,,,1 – 3 14 – – – 11 3 15 – – – – – – – 17 – – 31 – – 5 – – –,0.8
V2-FR-HARRIS-INTERACTIVE-045,https://en.wikipedia.org/wiki/Opinion_polling_for_the_2027_French_presidential_election,wikipedia_excel_v2,Harris Interactive,,,2025-05-19,2025-05-19,2025-05-19,1071.0,unknown,unknown,unknown,first_round,Hypothèse Gabriel Attal / Jordan Bardella / Marine Tondelier,Gabriel Attal,RE,centre,15.0,,,,,,,1 – 3 14 – – – 11 3 15 – – – – – – – 17 – – 31 – – 5 – – –,0.8
V2-FR-HARRIS-INTERACTIVE-045,https://en.wikipedia.org/wiki/Opinion_polling_for_the_2027_French_presidential_election,wikipedia_excel_v2,Harris Interactive,,,2025-05-19,2025-05-19,2025-05-19,1071.0,unknown,unknown,unknown,first_round,Hypothèse Gabriel Attal / Jordan Bardella / Marine Tondelier,Bruno Retailleau,LR,right,17.0,,,,,,,1 – 3 14 – – – 11 3 15 – – – – – – – 17 – – 31 – – 5 – – –,0.8
V2-FR-HARRIS-INTERACTIVE-045,https://en.wikipedia.org/wiki/Opinion_polling_for_the_2027_French_presidential_election,wikipedia_excel_v2,Harris Interactive,,,2025-05-19,2025-05-19,2025-05-19,1071.0,unknown,unknown,unknown,first_round,Hypothèse Gabriel Attal / Jordan Bardella / Marine Tondelier,Jordan Bardella,RN,nationalist_right,31.0,,,,,,,1 – 3 14 – – – 11 3 15 – – – – – – – 17 – – 31 – – 5 – – –,0.8
V2-FR-HARRIS-INTERACTIVE-045,https://en.wikipedia.org/wiki/Opinion_polling_for_the_2027_French_presidential_election,wikipedia_excel_v2,Harris Interactive,,,2025-05-19,2025-05-19,2025-05-19,1071.0,unknown,unknown,unknown,first_round,Hypothèse Gabriel Attal / Jordan Bardella / Marine Tondelier,Éric Zemmour,REC,far_right,5.0,,,,,,,1 – 3 14 – – – 11 3 15 – – – – – – – 17 – – 31 – – 5 – – –,0.8
V2-FR-HARRIS-INTERACTIVE-046,https://en.wikipedia.org/wiki/Opinion_polling_for_the_2027_French_presidential_election,wikipedia_excel_v2,Harris Interactive,,,2025-05-19,2025-05-19,2025-05-19,1071.0,unknown,unknown,unknown,first_round,Hypothèse Édouard Philippe / Jordan Bardella / Marine Tondelier,Arlette Arthaud,LO,far_left,1.0,,,,,,,1 – 3 14 – – – 10 3 – – – – 21 – – – 13 – – 30 – – 5 – – –,0.8
V2-FR-HARRIS-INTERACTIVE-046,https://en.wikipedia.org/wiki/Opinion_polling_for_the_2027_French_presidential_election,wikipedia_excel_v2,Harris Interactive,,,2025-05-19,2025-05-19,2025-05-19,1071.0,unknown,unknown,unknown,first_round,Hypothèse Édouard Philippe / Jordan Bardella / Marine Tondelier,Fabien Roussel,PCF,left,3.0,,,,,,,1 – 3 14 – – – 10 3 – – – – 21 – – – 13 – – 30 – – 5 – – –,0.8
V2-FR-HARRIS-INTERACTIVE-046,https://en.wikipedia.org/wiki/Opinion_polling_for_the_2027_French_presidential_election,wikipedia_excel_v2,Harris Interactive,,,2025-05-19,2025-05-19,2025-05-19,1071.0,unknown,unknown,unknown,first_round,Hypothèse Édouard Philippe / Jordan Bardella / Marine Tondelier,Jean-Luc Mélenchon,LFI,left,14.0,,,,,,,1 – 3 14 – – – 10 3 – – – – 21 – – – 13 – – 30 – – 5 – – –,0.8
V2-FR-HARRIS-INTERACTIVE-046,https://en.wikipedia.org/wiki/Opinion_polling_for_the_2027_French_presidential_election,wikipedia_excel_v2,Harris Interactive,,,2025-05-19,2025-05-19,2025-05-19,1071.0,unknown,unknown,unknown,first_round,Hypothèse Édouard Philippe / Jordan Bardella / Marine Tondelier,Raphaël Glucksmann,PP,centre_gauche,10.0,,,,,,,1 – 3 14 – – – 10 3 – – – – 21 – – – 13 – – 30 – – 5 – – –,0.8
V2-FR-HARRIS-INTERACTIVE-046,https://en.wikipedia.org/wiki/Opinion_polling_for_the_2027_French_presidential_election,wikipedia_excel_v2,Harris Interactive,,,2025-05-19,2025-05-19,2025-05-19,1071.0,unknown,unknown,unknown,first_round,Hypothèse Édouard Philippe / Jordan Bardella / Marine Tondelier,Marine Tondelier,LE,écologistes,3.0,,,,,,,1 – 3 14 – – – 10 3 – – – – 21 – – – 13 – – 30 – – 5 – – –,0.8
V2-FR-HARRIS-INTERACTIVE-046,https://en.wikipedia.org/wiki/Opinion_polling_for_the_2027_French_presidential_election,wikipedia_excel_v2,Harris Interactive,,,2025-05-19,2025-05-19,2025-05-19,1071.0,unknown,unknown,unknown,first_round,Hypothèse Édouard Philippe / Jordan Bardella / Marine Tondelier,Édouard Philippe,HOR,centre,21.0,,,,,,,1 – 3 14 – – – 10 3 – – – – 21 – – – 13 – – 30 – – 5 – – –,0.8
V2-FR-HARRIS-INTERACTIVE-046,https://en.wikipedia.org/wiki/Opinion_polling_for_the_2027_French_presidential_election,wikipedia_excel_v2,Harris Interactive,,,2025-05-19,2025-05-19,2025-05-19,1071.0,unknown,unknown,unknown,first_round,Hypothèse Édouard Philippe / Jordan Bardella / Marine Tondelier,Bruno Retailleau,LR,right,13.0,,,,,,,1 – 3 14 – – – 10 3 – – – – 21 – – – 13 – – 30 – – 5 – – –,0.8
V2-FR-HARRIS-INTERACTIVE-046,https://en.wikipedia.org/wiki/Opinion_polling_for_the_2027_French_presidential_election,wikipedia_excel_v2,Harris Interactive,,,2025-05-19,2025-05-19,2025-05-19,1071.0,unknown,unknown,unknown,first_round,Hypothèse Édouard Philippe / Jordan Bardella / Marine Tondelier,Jordan Bardella,RN,nationalist_right,30.0,,,,,,,1 – 3 14 – – – 10 3 – – – – 21 – – – 13 – – 30 – – 5 – – –,0.8
V2-FR-HARRIS-INTERACTIVE-046,https://en.wikipedia.org/wiki/Opinion_polling_for_the_2027_French_presidential_election,wikipedia_excel_v2,Harris Interactive,,,2025-05-19,2025-05-19,2025-05-19,1071.0,unknown,unknown,unknown,first_round,Hypothèse Édouard Philippe / Jordan Bardella / Marine Tondelier,Éric Zemmour,REC,far_right,5.0,,,,,,,1 – 3 14 – – – 10 3 – – – – 21 – – – 13 – – 30 – – 5 – – –,0.8
V2-FR-ODOXA-047,https://en.wikipedia.org/wiki/Opinion_polling_for_the_2027_French_presidential_election,wikipedia_excel_v2,Odoxa,,,2025-04-23,2025-04-24,2025-04-24,1005.0,unknown,unknown,unknown,first_round,Hypothèse Édouard Philippe / Jordan Bardella / Marine Tondelier,Arlette Arthaud,LO,far_left,1.0,,,,,,,1 2 3 12 – – – 12 4 – – – – 20 – – – 9.5 – 2 31.5 – – 3 – – –,0.8
V2-FR-ODOXA-047,https://en.wikipedia.org/wiki/Opinion_polling_for_the_2027_French_presidential_election,wikipedia_excel_v2,Odoxa,,,2025-04-23,2025-04-24,2025-04-24,1005.0,unknown,unknown,unknown,first_round,Hypothèse Édouard Philippe / Jordan Bardella / Marine Tondelier,Philippe Poutou,NPA-A,far_left,2.0,,,,,,,1 2 3 12 – – – 12 4 – – – – 20 – – – 9.5 – 2 31.5 – – 3 – – –,0.8
V2-FR-ODOXA-047,https://en.wikipedia.org/wiki/Opinion_polling_for_the_2027_French_presidential_election,wikipedia_excel_v2,Odoxa,,,2025-04-23,2025-04-24,2025-04-24,1005.0,unknown,unknown,unknown,first_round,Hypothèse Édouard Philippe / Jordan Bardella / Marine Tondelier,Fabien Roussel,PCF,left,3.0,,,,,,,1 2 3 12 – – – 12 4 – – – – 20 – – – 9.5 – 2 31.5 – – 3 – – –,0.8
V2-FR-ODOXA-047,https://en.wikipedia.org/wiki/Opinion_polling_for_the_2027_French_presidential_election,wikipedia_excel_v2,Odoxa,,,2025-04-23,2025-04-24,2025-04-24,1005.0,unknown,unknown,unknown,first_round,Hypothèse Édouard Philippe / Jordan Bardella / Marine Tondelier,Jean-Luc Mélenchon,LFI,left,12.0,,,,,,,1 2 3 12 – – – 12 4 – – – – 20 – – – 9.5 – 2 31.5 – – 3 – – –,0.8
V2-FR-ODOXA-047,https://en.wikipedia.org/wiki/Opinion_polling_for_the_2027_French_presidential_election,wikipedia_excel_v2,Odoxa,,,2025-04-23,2025-04-24,2025-04-24,1005.0,unknown,unknown,unknown,first_round,Hypothèse Édouard Philippe / Jordan Bardella / Marine Tondelier,Raphaël Glucksmann,PP,centre_gauche,12.0,,,,,,,1 2 3 12 – – – 12 4 – – – – 20 – – – 9.5 – 2 31.5 – – 3 – – –,0.8
V2-FR-ODOXA-047,https://en.wikipedia.org/wiki/Opinion_polling_for_the_2027_French_presidential_election,wikipedia_excel_v2,Odoxa,,,2025-04-23,2025-04-24,2025-04-24,1005.0,unknown,unknown,unknown,first_round,Hypothèse Édouard Philippe / Jordan Bardella / Marine Tondelier,Marine Tondelier,LE,écologistes,4.0,,,,,,,1 2 3 12 – – – 12 4 – – – – 20 – – – 9.5 – 2 31.5 – – 3 – – –,0.8
V2-FR-ODOXA-047,https://en.wikipedia.org/wiki/Opinion_polling_for_the_2027_French_presidential_election,wikipedia_excel_v2,Odoxa,,,2025-04-23,2025-04-24,2025-04-24,1005.0,unknown,unknown,unknown,first_round,Hypothèse Édouard Philippe / Jordan Bardella / Marine Tondelier,Édouard Philippe,HOR,centre,20.0,,,,,,,1 2 3 12 – – – 12 4 – – – – 20 – – – 9.5 – 2 31.5 – – 3 – – –,0.8
V2-FR-ODOXA-047,https://en.wikipedia.org/wiki/Opinion_polling_for_the_2027_French_presidential_election,wikipedia_excel_v2,Odoxa,,,2025-04-23,2025-04-24,2025-04-24,1005.0,unknown,unknown,unknown,first_round,Hypothèse Édouard Philippe / Jordan Bardella / Marine Tondelier,Bruno Retailleau,LR,right,9.5,,,,,,,1 2 3 12 – – – 12 4 – – – – 20 – – – 9.5 – 2 31.5 – – 3 – – –,0.8
V2-FR-ODOXA-047,https://en.wikipedia.org/wiki/Opinion_polling_for_the_2027_French_presidential_election,wikipedia_excel_v2,Odoxa,,,2025-04-23,2025-04-24,2025-04-24,1005.0,unknown,unknown,unknown,first_round,Hypothèse Édouard Philippe / Jordan Bardella / Marine Tondelier,Nicolas Dupont-Aignan,DLF,sovereigntist_right,2.0,,,,,,,1 2 3 12 – – – 12 4 – – – – 20 – – – 9.5 – 2 31.5 – – 3 – – –,0.8
V2-FR-ODOXA-047,https://en.wikipedia.org/wiki/Opinion_polling_for_the_2027_French_presidential_election,wikipedia_excel_v2,Odoxa,,,2025-04-23,2025-04-24,2025-04-24,1005.0,unknown,unknown,unknown,first_round,Hypothèse Édouard Philippe / Jordan Bardella / Marine Tondelier,Jordan Bardella,RN,nationalist_right,31.5,,,,,,,1 2 3 12 – – – 12 4 – – – – 20 – – – 9.5 – 2 31.5 – – 3 – – –,0.8
V2-FR-ODOXA-047,https://en.wikipedia.org/wiki/Opinion_polling_for_the_2027_French_presidential_election,wikipedia_excel_v2,Odoxa,,,2025-04-23,2025-04-24,2025-04-24,1005.0,unknown,unknown,unknown,first_round,Hypothèse Édouard Philippe / Jordan Bardella / Marine Tondelier,Éric Zemmour,REC,far_right,3.0,,,,,,,1 2 3 12 – – – 12 4 – – – – 20 – – – 9.5 – 2 31.5 – – 3 – – –,0.8
V2-FR-IFOP/HEXAGONE-048,https://en.wikipedia.org/wiki/Opinion_polling_for_the_2027_French_presidential_election,wikipedia_excel_v2,Ifop/Hexagone,,,2025-04-11,2025-04-18,2025-04-18,9128.0,unknown,unknown,unknown,first_round,Hypothèse Édouard Philippe / Jordan Bardella / Bruno Retailleau,Arlette Arthaud,LO,far_left,2.0,,,,,,,2 – – 12 10 – – – – – – – – 26 – – – 10 – 3 33 – – 4 – – –,0.8
V2-FR-IFOP/HEXAGONE-048,https://en.wikipedia.org/wiki/Opinion_polling_for_the_2027_French_presidential_election,wikipedia_excel_v2,Ifop/Hexagone,,,2025-04-11,2025-04-18,2025-04-18,9128.0,unknown,unknown,unknown,first_round,Hypothèse Édouard Philippe / Jordan Bardella / Bruno Retailleau,Jean-Luc Mélenchon,LFI,left,12.0,,,,,,,2 – – 12 10 – – – – – – – – 26 – – – 10 – 3 33 – – 4 – – –,0.8
V2-FR-IFOP/HEXAGONE-048,https://en.wikipedia.org/wiki/Opinion_polling_for_the_2027_French_presidential_election,wikipedia_excel_v2,Ifop/Hexagone,,,2025-04-11,2025-04-18,2025-04-18,9128.0,unknown,unknown,unknown,first_round,Hypothèse Édouard Philippe / Jordan Bardella / Bruno Retailleau,François Ruffin,,gauche,10.0,,,,,,,2 – – 12 10 – – – – – – – – 26 – – – 10 – 3 33 – – 4 – – –,0.8
V2-FR-IFOP/HEXAGONE-048,https://en.wikipedia.org/wiki/Opinion_polling_for_the_2027_French_presidential_election,wikipedia_excel_v2,Ifop/Hexagone,,,2025-04-11,2025-04-18,2025-04-18,9128.0,unknown,unknown,unknown,first_round,Hypothèse Édouard Philippe / Jordan Bardella / Bruno Retailleau,Édouard Philippe,HOR,centre,26.0,,,,,,,2 – – 12 10 – – – – – – – – 26 – – – 10 – 3 33 – – 4 – – –,0.8
V2-FR-IFOP/HEXAGONE-048,https://en.wikipedia.org/wiki/Opinion_polling_for_the_2027_French_presidential_election,wikipedia_excel_v2,Ifop/Hexagone,,,2025-04-11,2025-04-18,2025-04-18,9128.0,unknown,unknown,unknown,first_round,Hypothèse Édouard Philippe / Jordan Bardella / Bruno Retailleau,Bruno Retailleau,LR,right,10.0,,,,,,,2 – – 12 10 – – – – – – – – 26 – – – 10 – 3 33 – – 4 – – –,0.8
V2-FR-IFOP/HEXAGONE-048,https://en.wikipedia.org/wiki/Opinion_polling_for_the_2027_French_presidential_election,wikipedia_excel_v2,Ifop/Hexagone,,,2025-04-11,2025-04-18,2025-04-18,9128.0,unknown,unknown,unknown,first_round,Hypothèse Édouard Philippe / Jordan Bardella / Bruno Retailleau,Nicolas Dupont-Aignan,DLF,sovereigntist_right,3.0,,,,,,,2 – – 12 10 – – – – – – – – 26 – – – 10 – 3 33 – – 4 – – –,0.8
V2-FR-IFOP/HEXAGONE-048,https://en.wikipedia.org/wiki/Opinion_polling_for_the_2027_French_presidential_election,wikipedia_excel_v2,Ifop/Hexagone,,,2025-04-11,2025-04-18,2025-04-18,9128.0,unknown,unknown,unknown,first_round,Hypothèse Édouard Philippe / Jordan Bardella / Bruno Retailleau,Jordan Bardella,RN,nationalist_right,33.0,,,,,,,2 – – 12 10 – – – – – – – – 26 – – – 10 – 3 33 – – 4 – – –,0.8
V2-FR-IFOP/HEXAGONE-048,https://en.wikipedia.org/wiki/Opinion_polling_for_the_2027_French_presidential_election,wikipedia_excel_v2,Ifop/Hexagone,,,2025-04-11,2025-04-18,2025-04-18,9128.0,unknown,unknown,unknown,first_round,Hypothèse Édouard Philippe / Jordan Bardella / Bruno Retailleau,Éric Zemmour,REC,far_right,4.0,,,,,,,2 – – 12 10 – – – – – – – – 26 – – – 10 – 3 33 – – 4 – – –,0.8
V2-FR-IFOP/HEXAGONE-049,https://en.wikipedia.org/wiki/Opinion_polling_for_the_2027_French_presidential_election,wikipedia_excel_v2,Ifop/Hexagone,,,2025-04-11,2025-04-18,2025-04-18,9128.0,unknown,unknown,unknown,first_round,Hypothèse Gabriel Attal / Jordan Bardella / Raphaël Glucksmann,Arlette Arthaud,LO,far_left,1.0,,,,,,,1 – 2.5 10 5 – – 10 3 14 – – – – – – – 14 – 2 33 – – 4 – – –,0.8
V2-FR-IFOP/HEXAGONE-049,https://en.wikipedia.org/wiki/Opinion_polling_for_the_2027_French_presidential_election,wikipedia_excel_v2,Ifop/Hexagone,,,2025-04-11,2025-04-18,2025-04-18,9128.0,unknown,unknown,unknown,first_round,Hypothèse Gabriel Attal / Jordan Bardella / Raphaël Glucksmann,Fabien Roussel,PCF,left,2.5,,,,,,,1 – 2.5 10 5 – – 10 3 14 – – – – – – – 14 – 2 33 – – 4 – – –,0.8
V2-FR-IFOP/HEXAGONE-049,https://en.wikipedia.org/wiki/Opinion_polling_for_the_2027_French_presidential_election,wikipedia_excel_v2,Ifop/Hexagone,,,2025-04-11,2025-04-18,2025-04-18,9128.0,unknown,unknown,unknown,first_round,Hypothèse Gabriel Attal / Jordan Bardella / Raphaël Glucksmann,Jean-Luc Mélenchon,LFI,left,10.0,,,,,,,1 – 2.5 10 5 – – 10 3 14 – – – – – – – 14 – 2 33 – – 4 – – –,0.8
V2-FR-IFOP/HEXAGONE-049,https://en.wikipedia.org/wiki/Opinion_polling_for_the_2027_French_presidential_election,wikipedia_excel_v2,Ifop/Hexagone,,,2025-04-11,2025-04-18,2025-04-18,9128.0,unknown,unknown,unknown,first_round,Hypothèse Gabriel Attal / Jordan Bardella / Raphaël Glucksmann,François Ruffin,,gauche,5.0,,,,,,,1 – 2.5 10 5 – – 10 3 14 – – – – – – – 14 – 2 33 – – 4 – – –,0.8
V2-FR-IFOP/HEXAGONE-049,https://en.wikipedia.org/wiki/Opinion_polling_for_the_2027_French_presidential_election,wikipedia_excel_v2,Ifop/Hexagone,,,2025-04-11,2025-04-18,2025-04-18,9128.0,unknown,unknown,unknown,first_round,Hypothèse Gabriel Attal / Jordan Bardella / Raphaël Glucksmann,Raphaël Glucksmann,PP,centre_gauche,10.0,,,,,,,1 – 2.5 10 5 – – 10 3 14 – – – – – – – 14 – 2 33 – – 4 – – –,0.8
V2-FR-IFOP/HEXAGONE-049,https://en.wikipedia.org/wiki/Opinion_polling_for_the_2027_French_presidential_election,wikipedia_excel_v2,Ifop/Hexagone,,,2025-04-11,2025-04-18,2025-04-18,9128.0,unknown,unknown,unknown,first_round,Hypothèse Gabriel Attal / Jordan Bardella / Raphaël Glucksmann,Marine Tondelier,LE,écologistes,3.0,,,,,,,1 – 2.5 10 5 – – 10 3 14 – – – – – – – 14 – 2 33 – – 4 – – –,0.8
V2-FR-IFOP/HEXAGONE-049,https://en.wikipedia.org/wiki/Opinion_polling_for_the_2027_French_presidential_election,wikipedia_excel_v2,Ifop/Hexagone,,,2025-04-11,2025-04-18,2025-04-18,9128.0,unknown,unknown,unknown,first_round,Hypothèse Gabriel Attal / Jordan Bardella / Raphaël Glucksmann,Gabriel Attal,RE,centre,14.0,,,,,,,1 – 2.5 10 5 – – 10 3 14 – – – – – – – 14 – 2 33 – – 4 – – –,0.8
V2-FR-IFOP/HEXAGONE-049,https://en.wikipedia.org/wiki/Opinion_polling_for_the_2027_French_presidential_election,wikipedia_excel_v2,Ifop/Hexagone,,,2025-04-11,2025-04-18,2025-04-18,9128.0,unknown,unknown,unknown,first_round,Hypothèse Gabriel Attal / Jordan Bardella / Raphaël Glucksmann,Bruno Retailleau,LR,right,14.0,,,,,,,1 – 2.5 10 5 – – 10 3 14 – – – – – – – 14 – 2 33 – – 4 – – –,0.8
V2-FR-IFOP/HEXAGONE-049,https://en.wikipedia.org/wiki/Opinion_polling_for_the_2027_French_presidential_election,wikipedia_excel_v2,Ifop/Hexagone,,,2025-04-11,2025-04-18,2025-04-18,9128.0,unknown,unknown,unknown,first_round,Hypothèse Gabriel Attal / Jordan Bardella / Raphaël Glucksmann,Nicolas Dupont-Aignan,DLF,sovereigntist_right,2.0,,,,,,,1 – 2.5 10 5 – – 10 3 14 – – – – – – – 14 – 2 33 – – 4 – – –,0.8
V2-FR-IFOP/HEXAGONE-049,https://en.wikipedia.org/wiki/Opinion_polling_for_the_2027_French_presidential_election,wikipedia_excel_v2,Ifop/Hexagone,,,2025-04-11,2025-04-18,2025-04-18,9128.0,unknown,unknown,unknown,first_round,Hypothèse Gabriel Attal / Jordan Bardella / Raphaël Glucksmann,Jordan Bardella,RN,nationalist_right,33.0,,,,,,,1 – 2.5 10 5 – – 10 3 14 – – – – – – – 14 – 2 33 – – 4 – – –,0.8
V2-FR-IFOP/HEXAGONE-049,https://en.wikipedia.org/wiki/Opinion_polling_for_the_2027_French_presidential_election,wikipedia_excel_v2,Ifop/Hexagone,,,2025-04-11,2025-04-18,2025-04-18,9128.0,unknown,unknown,unknown,first_round,Hypothèse Gabriel Attal / Jordan Bardella / Raphaël Glucksmann,Éric Zemmour,REC,far_right,4.0,,,,,,,1 – 2.5 10 5 – – 10 3 14 – – – – – – – 14 – 2 33 – – 4 – – –,0.8
V2-FR-IFOP/HEXAGONE-050,https://en.wikipedia.org/wiki/Opinion_polling_for_the_2027_French_presidential_election,wikipedia_excel_v2,Ifop/Hexagone,,,2025-04-11,2025-04-18,2025-04-18,9128.0,unknown,unknown,unknown,first_round,Hypothèse Édouard Philippe / Gabriel Attal / Jordan Bardella,Arlette Arthaud,LO,far_left,1.0,,,,,,,1 – 2.5 10 4.5 – – 9 2 8 – – – 15 2 – – 7.5 – 2.5 32 – – 4 – – –,0.8
V2-FR-IFOP/HEXAGONE-050,https://en.wikipedia.org/wiki/Opinion_polling_for_the_2027_French_presidential_election,wikipedia_excel_v2,Ifop/Hexagone,,,2025-04-11,2025-04-18,2025-04-18,9128.0,unknown,unknown,unknown,first_round,Hypothèse Édouard Philippe / Gabriel Attal / Jordan Bardella,Fabien Roussel,PCF,left,2.5,,,,,,,1 – 2.5 10 4.5 – – 9 2 8 – – – 15 2 – – 7.5 – 2.5 32 – – 4 – – –,0.8
V2-FR-IFOP/HEXAGONE-050,https://en.wikipedia.org/wiki/Opinion_polling_for_the_2027_French_presidential_election,wikipedia_excel_v2,Ifop/Hexagone,,,2025-04-11,2025-04-18,2025-04-18,9128.0,unknown,unknown,unknown,first_round,Hypothèse Édouard Philippe / Gabriel Attal / Jordan Bardella,Jean-Luc Mélenchon,LFI,left,10.0,,,,,,,1 – 2.5 10 4.5 – – 9 2 8 – – – 15 2 – – 7.5 – 2.5 32 – – 4 – – –,0.8
V2-FR-IFOP/HEXAGONE-050,https://en.wikipedia.org/wiki/Opinion_polling_for_the_2027_French_presidential_election,wikipedia_excel_v2,Ifop/Hexagone,,,2025-04-11,2025-04-18,2025-04-18,9128.0,unknown,unknown,unknown,first_round,Hypothèse Édouard Philippe / Gabriel Attal / Jordan Bardella,François Ruffin,,gauche,4.5,,,,,,,1 – 2.5 10 4.5 – – 9 2 8 – – – 15 2 – – 7.5 – 2.5 32 – – 4 – – –,0.8
V2-FR-IFOP/HEXAGONE-050,https://en.wikipedia.org/wiki/Opinion_polling_for_the_2027_French_presidential_election,wikipedia_excel_v2,Ifop/Hexagone,,,2025-04-11,2025-04-18,2025-04-18,9128.0,unknown,unknown,unknown,first_round,Hypothèse Édouard Philippe / Gabriel Attal / Jordan Bardella,Raphaël Glucksmann,PP,centre_gauche,9.0,,,,,,,1 – 2.5 10 4.5 – – 9 2 8 – – – 15 2 – – 7.5 – 2.5 32 – – 4 – – –,0.8
V2-FR-IFOP/HEXAGONE-050,https://en.wikipedia.org/wiki/Opinion_polling_for_the_2027_French_presidential_election,wikipedia_excel_v2,Ifop/Hexagone,,,2025-04-11,2025-04-18,2025-04-18,9128.0,unknown,unknown,unknown,first_round,Hypothèse Édouard Philippe / Gabriel Attal / Jordan Bardella,Marine Tondelier,LE,écologistes,2.0,,,,,,,1 – 2.5 10 4.5 – – 9 2 8 – – – 15 2 – – 7.5 – 2.5 32 – – 4 – – –,0.8
V2-FR-IFOP/HEXAGONE-050,https://en.wikipedia.org/wiki/Opinion_polling_for_the_2027_French_presidential_election,wikipedia_excel_v2,Ifop/Hexagone,,,2025-04-11,2025-04-18,2025-04-18,9128.0,unknown,unknown,unknown,first_round,Hypothèse Édouard Philippe / Gabriel Attal / Jordan Bardella,Gabriel Attal,RE,centre,8.0,,,,,,,1 – 2.5 10 4.5 – – 9 2 8 – – – 15 2 – – 7.5 – 2.5 32 – – 4 – – –,0.8
V2-FR-IFOP/HEXAGONE-050,https://en.wikipedia.org/wiki/Opinion_polling_for_the_2027_French_presidential_election,wikipedia_excel_v2,Ifop/Hexagone,,,2025-04-11,2025-04-18,2025-04-18,9128.0,unknown,unknown,unknown,first_round,Hypothèse Édouard Philippe / Gabriel Attal / Jordan Bardella,Édouard Philippe,HOR,centre,15.0,,,,,,,1 – 2.5 10 4.5 – – 9 2 8 – – – 15 2 – – 7.5 – 2.5 32 – – 4 – – –,0.8
V2-FR-IFOP/HEXAGONE-050,https://en.wikipedia.org/wiki/Opinion_polling_for_the_2027_French_presidential_election,wikipedia_excel_v2,Ifop/Hexagone,,,2025-04-11,2025-04-18,2025-04-18,9128.0,unknown,unknown,unknown,first_round,Hypothèse Édouard Philippe / Gabriel Attal / Jordan Bardella,Dominique de Villepin,LFH,droite_gaulliste,2.0,,,,,,,1 – 2.5 10 4.5 – – 9 2 8 – – – 15 2 – – 7.5 – 2.5 32 – – 4 – – –,0.8
V2-FR-IFOP/HEXAGONE-050,https://en.wikipedia.org/wiki/Opinion_polling_for_the_2027_French_presidential_election,wikipedia_excel_v2,Ifop/Hexagone,,,2025-04-11,2025-04-18,2025-04-18,9128.0,unknown,unknown,unknown,first_round,Hypothèse Édouard Philippe / Gabriel Attal / Jordan Bardella,Bruno Retailleau,LR,right,7.5,,,,,,,1 – 2.5 10 4.5 – – 9 2 8 – – – 15 2 – – 7.5 – 2.5 32 – – 4 – – –,0.8
V2-FR-IFOP/HEXAGONE-050,https://en.wikipedia.org/wiki/Opinion_polling_for_the_2027_French_presidential_election,wikipedia_excel_v2,Ifop/Hexagone,,,2025-04-11,2025-04-18,2025-04-18,9128.0,unknown,unknown,unknown,first_round,Hypothèse Édouard Philippe / Gabriel Attal / Jordan Bardella,Nicolas Dupont-Aignan,DLF,sovereigntist_right,2.5,,,,,,,1 – 2.5 10 4.5 – – 9 2 8 – – – 15 2 – – 7.5 – 2.5 32 – – 4 – – –,0.8
V2-FR-IFOP/HEXAGONE-050,https://en.wikipedia.org/wiki/Opinion_polling_for_the_2027_French_presidential_election,wikipedia_excel_v2,Ifop/Hexagone,,,2025-04-11,2025-04-18,2025-04-18,9128.0,unknown,unknown,unknown,first_round,Hypothèse Édouard Philippe / Gabriel Attal / Jordan Bardella,Jordan Bardella,RN,nationalist_right,32.0,,,,,,,1 – 2.5 10 4.5 – – 9 2 8 – – – 15 2 – – 7.5 – 2.5 32 – – 4 – – –,0.8
V2-FR-IFOP/HEXAGONE-050,https://en.wikipedia.org/wiki/Opinion_polling_for_the_2027_French_presidential_election,wikipedia_excel_v2,Ifop/Hexagone,,,2025-04-11,2025-04-18,2025-04-18,9128.0,unknown,unknown,unknown,first_round,Hypothèse Édouard Philippe / Gabriel Attal / Jordan Bardella,Éric Zemmour,REC,far_right,4.0,,,,,,,1 – 2.5 10 4.5 – – 9 2 8 – – – 15 2 – – 7.5 – 2.5 32 – – 4 – – –,0.8
V2-FR-IFOP/HEXAGONE-051,https://en.wikipedia.org/wiki/Opinion_polling_for_the_2027_French_presidential_election,wikipedia_excel_v2,Ifop/Hexagone,,,2025-04-11,2025-04-18,2025-04-18,9128.0,unknown,unknown,unknown,first_round,Hypothèse Édouard Philippe / Jordan Bardella / Raphaël Glucksmann,Arlette Arthaud,LO,far_left,1.0,,,,,,,1 – 2.5 10 5 – – 10 3 – – – – 24 – – 3 – – 2.5 35 – – 4 – – –,0.8
V2-FR-IFOP/HEXAGONE-051,https://en.wikipedia.org/wiki/Opinion_polling_for_the_2027_French_presidential_election,wikipedia_excel_v2,Ifop/Hexagone,,,2025-04-11,2025-04-18,2025-04-18,9128.0,unknown,unknown,unknown,first_round,Hypothèse Édouard Philippe / Jordan Bardella / Raphaël Glucksmann,Fabien Roussel,PCF,left,2.5,,,,,,,1 – 2.5 10 5 – – 10 3 – – – – 24 – – 3 – – 2.5 35 – – 4 – – –,0.8
V2-FR-IFOP/HEXAGONE-051,https://en.wikipedia.org/wiki/Opinion_polling_for_the_2027_French_presidential_election,wikipedia_excel_v2,Ifop/Hexagone,,,2025-04-11,2025-04-18,2025-04-18,9128.0,unknown,unknown,unknown,first_round,Hypothèse Édouard Philippe / Jordan Bardella / Raphaël Glucksmann,Jean-Luc Mélenchon,LFI,left,10.0,,,,,,,1 – 2.5 10 5 – – 10 3 – – – – 24 – – 3 – – 2.5 35 – – 4 – – –,0.8
V2-FR-IFOP/HEXAGONE-051,https://en.wikipedia.org/wiki/Opinion_polling_for_the_2027_French_presidential_election,wikipedia_excel_v2,Ifop/Hexagone,,,2025-04-11,2025-04-18,2025-04-18,9128.0,unknown,unknown,unknown,first_round,Hypothèse Édouard Philippe / Jordan Bardella / Raphaël Glucksmann,François Ruffin,,gauche,5.0,,,,,,,1 – 2.5 10 5 – – 10 3 – – – – 24 – – 3 – – 2.5 35 – – 4 – – –,0.8
V2-FR-IFOP/HEXAGONE-051,https://en.wikipedia.org/wiki/Opinion_polling_for_the_2027_French_presidential_election,wikipedia_excel_v2,Ifop/Hexagone,,,2025-04-11,2025-04-18,2025-04-18,9128.0,unknown,unknown,unknown,first_round,Hypothèse Édouard Philippe / Jordan Bardella / Raphaël Glucksmann,Raphaël Glucksmann,PP,centre_gauche,10.0,,,,,,,1 – 2.5 10 5 – – 10 3 – – – – 24 – – 3 – – 2.5 35 – – 4 – – –,0.8
V2-FR-IFOP/HEXAGONE-051,https://en.wikipedia.org/wiki/Opinion_polling_for_the_2027_French_presidential_election,wikipedia_excel_v2,Ifop/Hexagone,,,2025-04-11,2025-04-18,2025-04-18,9128.0,unknown,unknown,unknown,first_round,Hypothèse Édouard Philippe / Jordan Bardella / Raphaël Glucksmann,Marine Tondelier,LE,écologistes,3.0,,,,,,,1 – 2.5 10 5 – – 10 3 – – – – 24 – – 3 – – 2.5 35 – – 4 – – –,0.8
V2-FR-IFOP/HEXAGONE-051,https://en.wikipedia.org/wiki/Opinion_polling_for_the_2027_French_presidential_election,wikipedia_excel_v2,Ifop/Hexagone,,,2025-04-11,2025-04-18,2025-04-18,9128.0,unknown,unknown,unknown,first_round,Hypothèse Édouard Philippe / Jordan Bardella / Raphaël Glucksmann,Édouard Philippe,HOR,centre,24.0,,,,,,,1 – 2.5 10 5 – – 10 3 – – – – 24 – – 3 – – 2.5 35 – – 4 – – –,0.8
V2-FR-IFOP/HEXAGONE-051,https://en.wikipedia.org/wiki/Opinion_polling_for_the_2027_French_presidential_election,wikipedia_excel_v2,Ifop/Hexagone,,,2025-04-11,2025-04-18,2025-04-18,9128.0,unknown,unknown,unknown,first_round,Hypothèse Édouard Philippe / Jordan Bardella / Raphaël Glucksmann,Laurent Wauquiez,LR,droite,3.0,,,,,,,1 – 2.5 10 5 – – 10 3 – – – – 24 – – 3 – – 2.5 35 – – 4 – – –,0.8
V2-FR-IFOP/HEXAGONE-051,https://en.wikipedia.org/wiki/Opinion_polling_for_the_2027_French_presidential_election,wikipedia_excel_v2,Ifop/Hexagone,,,2025-04-11,2025-04-18,2025-04-18,9128.0,unknown,unknown,unknown,first_round,Hypothèse Édouard Philippe / Jordan Bardella / Raphaël Glucksmann,Nicolas Dupont-Aignan,DLF,sovereigntist_right,2.5,,,,,,,1 – 2.5 10 5 – – 10 3 – – – – 24 – – 3 – – 2.5 35 – – 4 – – –,0.8
V2-FR-IFOP/HEXAGONE-051,https://en.wikipedia.org/wiki/Opinion_polling_for_the_2027_French_presidential_election,wikipedia_excel_v2,Ifop/Hexagone,,,2025-04-11,2025-04-18,2025-04-18,9128.0,unknown,unknown,unknown,first_round,Hypothèse Édouard Philippe / Jordan Bardella / Raphaël Glucksmann,Jordan Bardella,RN,nationalist_right,35.0,,,,,,,1 – 2.5 10 5 – – 10 3 – – – – 24 – – 3 – – 2.5 35 – – 4 – – –,0.8
V2-FR-IFOP/HEXAGONE-051,https://en.wikipedia.org/wiki/Opinion_polling_for_the_2027_French_presidential_election,wikipedia_excel_v2,Ifop/Hexagone,,,2025-04-11,2025-04-18,2025-04-18,9128.0,unknown,unknown,unknown,first_round,Hypothèse Édouard Philippe / Jordan Bardella / Raphaël Glucksmann,Éric Zemmour,REC,far_right,4.0,,,,,,,1 – 2.5 10 5 – – 10 3 – – – – 24 – – 3 – – 2.5 35 – – 4 – – –,0.8
V2-FR-IFOP/HEXAGONE-052,https://en.wikipedia.org/wiki/Opinion_polling_for_the_2027_French_presidential_election,wikipedia_excel_v2,Ifop/Hexagone,,,2025-04-11,2025-04-18,2025-04-18,9128.0,unknown,unknown,unknown,first_round,Hypothèse Édouard Philippe / Jordan Bardella / Raphaël Glucksmann,Arlette Arthaud,LO,far_left,1.0,,,,,,,1 – 2.5 10 5 – – 10 2.5 – – – – 22 2 – – 8 – 2 33 – – 4 – – –,0.8
V2-FR-IFOP/HEXAGONE-052,https://en.wikipedia.org/wiki/Opinion_polling_for_the_2027_French_presidential_election,wikipedia_excel_v2,Ifop/Hexagone,,,2025-04-11,2025-04-18,2025-04-18,9128.0,unknown,unknown,unknown,first_round,Hypothèse Édouard Philippe / Jordan Bardella / Raphaël Glucksmann,Fabien Roussel,PCF,left,2.5,,,,,,,1 – 2.5 10 5 – – 10 2.5 – – – – 22 2 – – 8 – 2 33 – – 4 – – –,0.8
V2-FR-IFOP/HEXAGONE-052,https://en.wikipedia.org/wiki/Opinion_polling_for_the_2027_French_presidential_election,wikipedia_excel_v2,Ifop/Hexagone,,,2025-04-11,2025-04-18,2025-04-18,9128.0,unknown,unknown,unknown,first_round,Hypothèse Édouard Philippe / Jordan Bardella / Raphaël Glucksmann,Jean-Luc Mélenchon,LFI,left,10.0,,,,,,,1 – 2.5 10 5 – – 10 2.5 – – – – 22 2 – – 8 – 2 33 – – 4 – – –,0.8
V2-FR-IFOP/HEXAGONE-052,https://en.wikipedia.org/wiki/Opinion_polling_for_the_2027_French_presidential_election,wikipedia_excel_v2,Ifop/Hexagone,,,2025-04-11,2025-04-18,2025-04-18,9128.0,unknown,unknown,unknown,first_round,Hypothèse Édouard Philippe / Jordan Bardella / Raphaël Glucksmann,François Ruffin,,gauche,5.0,,,,,,,1 – 2.5 10 5 – – 10 2.5 – – – – 22 2 – – 8 – 2 33 – – 4 – – –,0.8
V2-FR-IFOP/HEXAGONE-052,https://en.wikipedia.org/wiki/Opinion_polling_for_the_2027_French_presidential_election,wikipedia_excel_v2,Ifop/Hexagone,,,2025-04-11,2025-04-18,2025-04-18,9128.0,unknown,unknown,unknown,first_round,Hypothèse Édouard Philippe / Jordan Bardella / Raphaël Glucksmann,Raphaël Glucksmann,PP,centre_gauche,10.0,,,,,,,1 – 2.5 10 5 – – 10 2.5 – – – – 22 2 – – 8 – 2 33 – – 4 – – –,0.8
V2-FR-IFOP/HEXAGONE-052,https://en.wikipedia.org/wiki/Opinion_polling_for_the_2027_French_presidential_election,wikipedia_excel_v2,Ifop/Hexagone,,,2025-04-11,2025-04-18,2025-04-18,9128.0,unknown,unknown,unknown,first_round,Hypothèse Édouard Philippe / Jordan Bardella / Raphaël Glucksmann,Marine Tondelier,LE,écologistes,2.5,,,,,,,1 – 2.5 10 5 – – 10 2.5 – – – – 22 2 – – 8 – 2 33 – – 4 – – –,0.8
V2-FR-IFOP/HEXAGONE-052,https://en.wikipedia.org/wiki/Opinion_polling_for_the_2027_French_presidential_election,wikipedia_excel_v2,Ifop/Hexagone,,,2025-04-11,2025-04-18,2025-04-18,9128.0,unknown,unknown,unknown,first_round,Hypothèse Édouard Philippe / Jordan Bardella / Raphaël Glucksmann,Édouard Philippe,HOR,centre,22.0,,,,,,,1 – 2.5 10 5 – – 10 2.5 – – – – 22 2 – – 8 – 2 33 – – 4 – – –,0.8
V2-FR-IFOP/HEXAGONE-052,https://en.wikipedia.org/wiki/Opinion_polling_for_the_2027_French_presidential_election,wikipedia_excel_v2,Ifop/Hexagone,,,2025-04-11,2025-04-18,2025-04-18,9128.0,unknown,unknown,unknown,first_round,Hypothèse Édouard Philippe / Jordan Bardella / Raphaël Glucksmann,Dominique de Villepin,LFH,droite_gaulliste,2.0,,,,,,,1 – 2.5 10 5 – – 10 2.5 – – – – 22 2 – – 8 – 2 33 – – 4 – – –,0.8
V2-FR-IFOP/HEXAGONE-052,https://en.wikipedia.org/wiki/Opinion_polling_for_the_2027_French_presidential_election,wikipedia_excel_v2,Ifop/Hexagone,,,2025-04-11,2025-04-18,2025-04-18,9128.0,unknown,unknown,unknown,first_round,Hypothèse Édouard Philippe / Jordan Bardella / Raphaël Glucksmann,Bruno Retailleau,LR,right,8.0,,,,,,,1 – 2.5 10 5 – – 10 2.5 – – – – 22 2 – – 8 – 2 33 – – 4 – – –,0.8
V2-FR-IFOP/HEXAGONE-052,https://en.wikipedia.org/wiki/Opinion_polling_for_the_2027_French_presidential_election,wikipedia_excel_v2,Ifop/Hexagone,,,2025-04-11,2025-04-18,2025-04-18,9128.0,unknown,unknown,unknown,first_round,Hypothèse Édouard Philippe / Jordan Bardella / Raphaël Glucksmann,Nicolas Dupont-Aignan,DLF,sovereigntist_right,2.0,,,,,,,1 – 2.5 10 5 – – 10 2.5 – – – – 22 2 – – 8 – 2 33 – – 4 – – –,0.8
V2-FR-IFOP/HEXAGONE-052,https://en.wikipedia.org/wiki/Opinion_polling_for_the_2027_French_presidential_election,wikipedia_excel_v2,Ifop/Hexagone,,,2025-04-11,2025-04-18,2025-04-18,9128.0,unknown,unknown,unknown,first_round,Hypothèse Édouard Philippe / Jordan Bardella / Raphaël Glucksmann,Jordan Bardella,RN,nationalist_right,33.0,,,,,,,1 – 2.5 10 5 – – 10 2.5 – – – – 22 2 – – 8 – 2 33 – – 4 – – –,0.8
V2-FR-IFOP/HEXAGONE-052,https://en.wikipedia.org/wiki/Opinion_polling_for_the_2027_French_presidential_election,wikipedia_excel_v2,Ifop/Hexagone,,,2025-04-11,2025-04-18,2025-04-18,9128.0,unknown,unknown,unknown,first_round,Hypothèse Édouard Philippe / Jordan Bardella / Raphaël Glucksmann,Éric Zemmour,REC,far_right,4.0,,,,,,,1 – 2.5 10 5 – – 10 2.5 – – – – 22 2 – – 8 – 2 33 – – 4 – – –,0.8
V2-FR-IFOP/HEXAGONE-053,https://en.wikipedia.org/wiki/Opinion_polling_for_the_2027_French_presidential_election,wikipedia_excel_v2,Ifop/Hexagone,,,2025-04-11,2025-04-18,2025-04-18,9128.0,unknown,unknown,unknown,first_round,Hypothèse Édouard Philippe / Jordan Bardella / Raphaël Glucksmann,Arlette Arthaud,LO,far_left,1.0,,,,,,,1 – 2.5 10 5 – – 10 2.5 – – – – 22 – – – 8 – 2 33 – – 4 – – –,0.8
V2-FR-IFOP/HEXAGONE-053,https://en.wikipedia.org/wiki/Opinion_polling_for_the_2027_French_presidential_election,wikipedia_excel_v2,Ifop/Hexagone,,,2025-04-11,2025-04-18,2025-04-18,9128.0,unknown,unknown,unknown,first_round,Hypothèse Édouard Philippe / Jordan Bardella / Raphaël Glucksmann,Fabien Roussel,PCF,left,2.5,,,,,,,1 – 2.5 10 5 – – 10 2.5 – – – – 22 – – – 8 – 2 33 – – 4 – – –,0.8
V2-FR-IFOP/HEXAGONE-053,https://en.wikipedia.org/wiki/Opinion_polling_for_the_2027_French_presidential_election,wikipedia_excel_v2,Ifop/Hexagone,,,2025-04-11,2025-04-18,2025-04-18,9128.0,unknown,unknown,unknown,first_round,Hypothèse Édouard Philippe / Jordan Bardella / Raphaël Glucksmann,Jean-Luc Mélenchon,LFI,left,10.0,,,,,,,1 – 2.5 10 5 – – 10 2.5 – – – – 22 – – – 8 – 2 33 – – 4 – – –,0.8
V2-FR-IFOP/HEXAGONE-053,https://en.wikipedia.org/wiki/Opinion_polling_for_the_2027_French_presidential_election,wikipedia_excel_v2,Ifop/Hexagone,,,2025-04-11,2025-04-18,2025-04-18,9128.0,unknown,unknown,unknown,first_round,Hypothèse Édouard Philippe / Jordan Bardella / Raphaël Glucksmann,François Ruffin,,gauche,5.0,,,,,,,1 – 2.5 10 5 – – 10 2.5 – – – – 22 – – – 8 – 2 33 – – 4 – – –,0.8
V2-FR-IFOP/HEXAGONE-053,https://en.wikipedia.org/wiki/Opinion_polling_for_the_2027_French_presidential_election,wikipedia_excel_v2,Ifop/Hexagone,,,2025-04-11,2025-04-18,2025-04-18,9128.0,unknown,unknown,unknown,first_round,Hypothèse Édouard Philippe / Jordan Bardella / Raphaël Glucksmann,Raphaël Glucksmann,PP,centre_gauche,10.0,,,,,,,1 – 2.5 10 5 – – 10 2.5 – – – – 22 – – – 8 – 2 33 – – 4 – – –,0.8
V2-FR-IFOP/HEXAGONE-053,https://en.wikipedia.org/wiki/Opinion_polling_for_the_2027_French_presidential_election,wikipedia_excel_v2,Ifop/Hexagone,,,2025-04-11,2025-04-18,2025-04-18,9128.0,unknown,unknown,unknown,first_round,Hypothèse Édouard Philippe / Jordan Bardella / Raphaël Glucksmann,Marine Tondelier,LE,écologistes,2.5,,,,,,,1 – 2.5 10 5 – – 10 2.5 – – – – 22 – – – 8 – 2 33 – – 4 – – –,0.8
V2-FR-IFOP/HEXAGONE-053,https://en.wikipedia.org/wiki/Opinion_polling_for_the_2027_French_presidential_election,wikipedia_excel_v2,Ifop/Hexagone,,,2025-04-11,2025-04-18,2025-04-18,9128.0,unknown,unknown,unknown,first_round,Hypothèse Édouard Philippe / Jordan Bardella / Raphaël Glucksmann,Édouard Philippe,HOR,centre,22.0,,,,,,,1 – 2.5 10 5 – – 10 2.5 – – – – 22 – – – 8 – 2 33 – – 4 – – –,0.8
V2-FR-IFOP/HEXAGONE-053,https://en.wikipedia.org/wiki/Opinion_polling_for_the_2027_French_presidential_election,wikipedia_excel_v2,Ifop/Hexagone,,,2025-04-11,2025-04-18,2025-04-18,9128.0,unknown,unknown,unknown,first_round,Hypothèse Édouard Philippe / Jordan Bardella / Raphaël Glucksmann,Bruno Retailleau,LR,right,8.0,,,,,,,1 – 2.5 10 5 – – 10 2.5 – – – – 22 – – – 8 – 2 33 – – 4 – – –,0.8
V2-FR-IFOP/HEXAGONE-053,https://en.wikipedia.org/wiki/Opinion_polling_for_the_2027_French_presidential_election,wikipedia_excel_v2,Ifop/Hexagone,,,2025-04-11,2025-04-18,2025-04-18,9128.0,unknown,unknown,unknown,first_round,Hypothèse Édouard Philippe / Jordan Bardella / Raphaël Glucksmann,Nicolas Dupont-Aignan,DLF,sovereigntist_right,2.0,,,,,,,1 – 2.5 10 5 – – 10 2.5 – – – – 22 – – – 8 – 2 33 – – 4 – – –,0.8
V2-FR-IFOP/HEXAGONE-053,https://en.wikipedia.org/wiki/Opinion_polling_for_the_2027_French_presidential_election,wikipedia_excel_v2,Ifop/Hexagone,,,2025-04-11,2025-04-18,2025-04-18,9128.0,unknown,unknown,unknown,first_round,Hypothèse Édouard Philippe / Jordan Bardella / Raphaël Glucksmann,Jordan Bardella,RN,nationalist_right,33.0,,,,,,,1 – 2.5 10 5 – – 10 2.5 – – – – 22 – – – 8 – 2 33 – – 4 – – –,0.8
V2-FR-IFOP/HEXAGONE-053,https://en.wikipedia.org/wiki/Opinion_polling_for_the_2027_French_presidential_election,wikipedia_excel_v2,Ifop/Hexagone,,,2025-04-11,2025-04-18,2025-04-18,9128.0,unknown,unknown,unknown,first_round,Hypothèse Édouard Philippe / Jordan Bardella / Raphaël Glucksmann,Éric Zemmour,REC,far_right,4.0,,,,,,,1 – 2.5 10 5 – – 10 2.5 – – – – 22 – – – 8 – 2 33 – – 4 – – –,0.8
V2-FR-IFOP/HEXAGONE-054,https://en.wikipedia.org/wiki/Opinion_polling_for_the_2027_French_presidential_election,wikipedia_excel_v2,Ifop/Hexagone,,,2025-04-11,2025-04-18,2025-04-18,9128.0,unknown,unknown,unknown,first_round,Hypothèse Édouard Philippe / Jordan Bardella / Raphaël Glucksmann,Arlette Arthaud,LO,far_left,1.5,,,,,,,1.5 – – 13 – – – 15 – – – – – 22 – – – 9 – 2.5 33 – – 4 – – –,0.8
V2-FR-IFOP/HEXAGONE-054,https://en.wikipedia.org/wiki/Opinion_polling_for_the_2027_French_presidential_election,wikipedia_excel_v2,Ifop/Hexagone,,,2025-04-11,2025-04-18,2025-04-18,9128.0,unknown,unknown,unknown,first_round,Hypothèse Édouard Philippe / Jordan Bardella / Raphaël Glucksmann,Jean-Luc Mélenchon,LFI,left,13.0,,,,,,,1.5 – – 13 – – – 15 – – – – – 22 – – – 9 – 2.5 33 – – 4 – – –,0.8
V2-FR-IFOP/HEXAGONE-054,https://en.wikipedia.org/wiki/Opinion_polling_for_the_2027_French_presidential_election,wikipedia_excel_v2,Ifop/Hexagone,,,2025-04-11,2025-04-18,2025-04-18,9128.0,unknown,unknown,unknown,first_round,Hypothèse Édouard Philippe / Jordan Bardella / Raphaël Glucksmann,Raphaël Glucksmann,PP,centre_gauche,15.0,,,,,,,1.5 – – 13 – – – 15 – – – – – 22 – – – 9 – 2.5 33 – – 4 – – –,0.8
V2-FR-IFOP/HEXAGONE-054,https://en.wikipedia.org/wiki/Opinion_polling_for_the_2027_French_presidential_election,wikipedia_excel_v2,Ifop/Hexagone,,,2025-04-11,2025-04-18,2025-04-18,9128.0,unknown,unknown,unknown,first_round,Hypothèse Édouard Philippe / Jordan Bardella / Raphaël Glucksmann,Édouard Philippe,HOR,centre,22.0,,,,,,,1.5 – – 13 – – – 15 – – – – – 22 – – – 9 – 2.5 33 – – 4 – – –,0.8
V2-FR-IFOP/HEXAGONE-054,https://en.wikipedia.org/wiki/Opinion_polling_for_the_2027_French_presidential_election,wikipedia_excel_v2,Ifop/Hexagone,,,2025-04-11,2025-04-18,2025-04-18,9128.0,unknown,unknown,unknown,first_round,Hypothèse Édouard Philippe / Jordan Bardella / Raphaël Glucksmann,Bruno Retailleau,LR,right,9.0,,,,,,,1.5 – – 13 – – – 15 – – – – – 22 – – – 9 – 2.5 33 – – 4 – – –,0.8
V2-FR-IFOP/HEXAGONE-054,https://en.wikipedia.org/wiki/Opinion_polling_for_the_2027_French_presidential_election,wikipedia_excel_v2,Ifop/Hexagone,,,2025-04-11,2025-04-18,2025-04-18,9128.0,unknown,unknown,unknown,first_round,Hypothèse Édouard Philippe / Jordan Bardella / Raphaël Glucksmann,Nicolas Dupont-Aignan,DLF,sovereigntist_right,2.5,,,,,,,1.5 – – 13 – – – 15 – – – – – 22 – – – 9 – 2.5 33 – – 4 – – –,0.8
V2-FR-IFOP/HEXAGONE-054,https://en.wikipedia.org/wiki/Opinion_polling_for_the_2027_French_presidential_election,wikipedia_excel_v2,Ifop/Hexagone,,,2025-04-11,2025-04-18,2025-04-18,9128.0,unknown,unknown,unknown,first_round,Hypothèse Édouard Philippe / Jordan Bardella / Raphaël Glucksmann,Jordan Bardella,RN,nationalist_right,33.0,,,,,,,1.5 – – 13 – – – 15 – – – – – 22 – – – 9 – 2.5 33 – – 4 – – –,0.8
V2-FR-IFOP/HEXAGONE-054,https://en.wikipedia.org/wiki/Opinion_polling_for_the_2027_French_presidential_election,wikipedia_excel_v2,Ifop/Hexagone,,,2025-04-11,2025-04-18,2025-04-18,9128.0,unknown,unknown,unknown,first_round,Hypothèse Édouard Philippe / Jordan Bardella / Raphaël Glucksmann,Éric Zemmour,REC,far_right,4.0,,,,,,,1.5 – – 13 – – – 15 – – – – – 22 – – – 9 – 2.5 33 – – 4 – – –,0.8
V2-FR-ELABE-055,https://en.wikipedia.org/wiki/Opinion_polling_for_the_2027_French_presidential_election,wikipedia_excel_v2,Elabe,,,2025-04-02,2025-04-04,2025-04-04,1413.0,unknown,unknown,unknown,first_round,Hypothèse Gabriel Attal / Jordan Bardella / Marine Tondelier,Arlette Arthaud,LO,far_left,1.5,,,,,,,1.5 2 5.5 10.5 – 4 – – 4.5 18 – – – – – – 4.5 – – 4 35.5 – – 5 – – –,0.8
V2-FR-ELABE-055,https://en.wikipedia.org/wiki/Opinion_polling_for_the_2027_French_presidential_election,wikipedia_excel_v2,Elabe,,,2025-04-02,2025-04-04,2025-04-04,1413.0,unknown,unknown,unknown,first_round,Hypothèse Gabriel Attal / Jordan Bardella / Marine Tondelier,Philippe Poutou,NPA-A,far_left,2.0,,,,,,,1.5 2 5.5 10.5 – 4 – – 4.5 18 – – – – – – 4.5 – – 4 35.5 – – 5 – – –,0.8
V2-FR-ELABE-055,https://en.wikipedia.org/wiki/Opinion_polling_for_the_2027_French_presidential_election,wikipedia_excel_v2,Elabe,,,2025-04-02,2025-04-04,2025-04-04,1413.0,unknown,unknown,unknown,first_round,Hypothèse Gabriel Attal / Jordan Bardella / Marine Tondelier,Fabien Roussel,PCF,left,5.5,,,,,,,1.5 2 5.5 10.5 – 4 – – 4.5 18 – – – – – – 4.5 – – 4 35.5 – – 5 – – –,0.8
V2-FR-ELABE-055,https://en.wikipedia.org/wiki/Opinion_polling_for_the_2027_French_presidential_election,wikipedia_excel_v2,Elabe,,,2025-04-02,2025-04-04,2025-04-04,1413.0,unknown,unknown,unknown,first_round,Hypothèse Gabriel Attal / Jordan Bardella / Marine Tondelier,Jean-Luc Mélenchon,LFI,left,10.5,,,,,,,1.5 2 5.5 10.5 – 4 – – 4.5 18 – – – – – – 4.5 – – 4 35.5 – – 5 – – –,0.8
V2-FR-ELABE-055,https://en.wikipedia.org/wiki/Opinion_polling_for_the_2027_French_presidential_election,wikipedia_excel_v2,Elabe,,,2025-04-02,2025-04-04,2025-04-04,1413.0,unknown,unknown,unknown,first_round,Hypothèse Gabriel Attal / Jordan Bardella / Marine Tondelier,Olivier Faure,PS,centre_gauche,4.0,,,,,,,1.5 2 5.5 10.5 – 4 – – 4.5 18 – – – – – – 4.5 – – 4 35.5 – – 5 – – –,0.8
V2-FR-ELABE-055,https://en.wikipedia.org/wiki/Opinion_polling_for_the_2027_French_presidential_election,wikipedia_excel_v2,Elabe,,,2025-04-02,2025-04-04,2025-04-04,1413.0,unknown,unknown,unknown,first_round,Hypothèse Gabriel Attal / Jordan Bardella / Marine Tondelier,Marine Tondelier,LE,écologistes,4.5,,,,,,,1.5 2 5.5 10.5 – 4 – – 4.5 18 – – – – – – 4.5 – – 4 35.5 – – 5 – – –,0.8
V2-FR-ELABE-055,https://en.wikipedia.org/wiki/Opinion_polling_for_the_2027_French_presidential_election,wikipedia_excel_v2,Elabe,,,2025-04-02,2025-04-04,2025-04-04,1413.0,unknown,unknown,unknown,first_round,Hypothèse Gabriel Attal / Jordan Bardella / Marine Tondelier,Gabriel Attal,RE,centre,18.0,,,,,,,1.5 2 5.5 10.5 – 4 – – 4.5 18 – – – – – – 4.5 – – 4 35.5 – – 5 – – –,0.8
V2-FR-ELABE-055,https://en.wikipedia.org/wiki/Opinion_polling_for_the_2027_French_presidential_election,wikipedia_excel_v2,Elabe,,,2025-04-02,2025-04-04,2025-04-04,1413.0,unknown,unknown,unknown,first_round,Hypothèse Gabriel Attal / Jordan Bardella / Marine Tondelier,Laurent Wauquiez,LR,droite,4.5,,,,,,,1.5 2 5.5 10.5 – 4 – – 4.5 18 – – – – – – 4.5 – – 4 35.5 – – 5 – – –,0.8
V2-FR-ELABE-055,https://en.wikipedia.org/wiki/Opinion_polling_for_the_2027_French_presidential_election,wikipedia_excel_v2,Elabe,,,2025-04-02,2025-04-04,2025-04-04,1413.0,unknown,unknown,unknown,first_round,Hypothèse Gabriel Attal / Jordan Bardella / Marine Tondelier,Nicolas Dupont-Aignan,DLF,sovereigntist_right,4.0,,,,,,,1.5 2 5.5 10.5 – 4 – – 4.5 18 – – – – – – 4.5 – – 4 35.5 – – 5 – – –,0.8
V2-FR-ELABE-055,https://en.wikipedia.org/wiki/Opinion_polling_for_the_2027_French_presidential_election,wikipedia_excel_v2,Elabe,,,2025-04-02,2025-04-04,2025-04-04,1413.0,unknown,unknown,unknown,first_round,Hypothèse Gabriel Attal / Jordan Bardella / Marine Tondelier,Jordan Bardella,RN,nationalist_right,35.5,,,,,,,1.5 2 5.5 10.5 – 4 – – 4.5 18 – – – – – – 4.5 – – 4 35.5 – – 5 – – –,0.8
V2-FR-ELABE-055,https://en.wikipedia.org/wiki/Opinion_polling_for_the_2027_French_presidential_election,wikipedia_excel_v2,Elabe,,,2025-04-02,2025-04-04,2025-04-04,1413.0,unknown,unknown,unknown,first_round,Hypothèse Gabriel Attal / Jordan Bardella / Marine Tondelier,Éric Zemmour,REC,far_right,5.0,,,,,,,1.5 2 5.5 10.5 – 4 – – 4.5 18 – – – – – – 4.5 – – 4 35.5 – – 5 – – –,0.8
V2-FR-ELABE-056,https://en.wikipedia.org/wiki/Opinion_polling_for_the_2027_French_presidential_election,wikipedia_excel_v2,Elabe,,,2025-04-02,2025-04-04,2025-04-04,1413.0,unknown,unknown,unknown,first_round,Hypothèse Édouard Philippe / Jordan Bardella / Bruno Retailleau,Arlette Arthaud,LO,far_left,1.0,,,,,,,1 1.5 5.5 10 – 6 – – 6 – – – – 23 – – – 9 – 2.5 31.5 – – 4 – – –,0.8
V2-FR-ELABE-056,https://en.wikipedia.org/wiki/Opinion_polling_for_the_2027_French_presidential_election,wikipedia_excel_v2,Elabe,,,2025-04-02,2025-04-04,2025-04-04,1413.0,unknown,unknown,unknown,first_round,Hypothèse Édouard Philippe / Jordan Bardella / Bruno Retailleau,Philippe Poutou,NPA-A,far_left,1.5,,,,,,,1 1.5 5.5 10 – 6 – – 6 – – – – 23 – – – 9 – 2.5 31.5 – – 4 – – –,0.8
V2-FR-ELABE-056,https://en.wikipedia.org/wiki/Opinion_polling_for_the_2027_French_presidential_election,wikipedia_excel_v2,Elabe,,,2025-04-02,2025-04-04,2025-04-04,1413.0,unknown,unknown,unknown,first_round,Hypothèse Édouard Philippe / Jordan Bardella / Bruno Retailleau,Fabien Roussel,PCF,left,5.5,,,,,,,1 1.5 5.5 10 – 6 – – 6 – – – – 23 – – – 9 – 2.5 31.5 – – 4 – – –,0.8
V2-FR-ELABE-056,https://en.wikipedia.org/wiki/Opinion_polling_for_the_2027_French_presidential_election,wikipedia_excel_v2,Elabe,,,2025-04-02,2025-04-04,2025-04-04,1413.0,unknown,unknown,unknown,first_round,Hypothèse Édouard Philippe / Jordan Bardella / Bruno Retailleau,Jean-Luc Mélenchon,LFI,left,10.0,,,,,,,1 1.5 5.5 10 – 6 – – 6 – – – – 23 – – – 9 – 2.5 31.5 – – 4 – – –,0.8
V2-FR-ELABE-056,https://en.wikipedia.org/wiki/Opinion_polling_for_the_2027_French_presidential_election,wikipedia_excel_v2,Elabe,,,2025-04-02,2025-04-04,2025-04-04,1413.0,unknown,unknown,unknown,first_round,Hypothèse Édouard Philippe / Jordan Bardella / Bruno Retailleau,Olivier Faure,PS,centre_gauche,6.0,,,,,,,1 1.5 5.5 10 – 6 – – 6 – – – – 23 – – – 9 – 2.5 31.5 – – 4 – – –,0.8
V2-FR-ELABE-056,https://en.wikipedia.org/wiki/Opinion_polling_for_the_2027_French_presidential_election,wikipedia_excel_v2,Elabe,,,2025-04-02,2025-04-04,2025-04-04,1413.0,unknown,unknown,unknown,first_round,Hypothèse Édouard Philippe / Jordan Bardella / Bruno Retailleau,Marine Tondelier,LE,écologistes,6.0,,,,,,,1 1.5 5.5 10 – 6 – – 6 – – – – 23 – – – 9 – 2.5 31.5 – – 4 – – –,0.8
V2-FR-ELABE-056,https://en.wikipedia.org/wiki/Opinion_polling_for_the_2027_French_presidential_election,wikipedia_excel_v2,Elabe,,,2025-04-02,2025-04-04,2025-04-04,1413.0,unknown,unknown,unknown,first_round,Hypothèse Édouard Philippe / Jordan Bardella / Bruno Retailleau,Édouard Philippe,HOR,centre,23.0,,,,,,,1 1.5 5.5 10 – 6 – – 6 – – – – 23 – – – 9 – 2.5 31.5 – – 4 – – –,0.8
V2-FR-ELABE-056,https://en.wikipedia.org/wiki/Opinion_polling_for_the_2027_French_presidential_election,wikipedia_excel_v2,Elabe,,,2025-04-02,2025-04-04,2025-04-04,1413.0,unknown,unknown,unknown,first_round,Hypothèse Édouard Philippe / Jordan Bardella / Bruno Retailleau,Bruno Retailleau,LR,right,9.0,,,,,,,1 1.5 5.5 10 – 6 – – 6 – – – – 23 – – – 9 – 2.5 31.5 – – 4 – – –,0.8
V2-FR-ELABE-056,https://en.wikipedia.org/wiki/Opinion_polling_for_the_2027_French_presidential_election,wikipedia_excel_v2,Elabe,,,2025-04-02,2025-04-04,2025-04-04,1413.0,unknown,unknown,unknown,first_round,Hypothèse Édouard Philippe / Jordan Bardella / Bruno Retailleau,Nicolas Dupont-Aignan,DLF,sovereigntist_right,2.5,,,,,,,1 1.5 5.5 10 – 6 – – 6 – – – – 23 – – – 9 – 2.5 31.5 – – 4 – – –,0.8
V2-FR-ELABE-056,https://en.wikipedia.org/wiki/Opinion_polling_for_the_2027_French_presidential_election,wikipedia_excel_v2,Elabe,,,2025-04-02,2025-04-04,2025-04-04,1413.0,unknown,unknown,unknown,first_round,Hypothèse Édouard Philippe / Jordan Bardella / Bruno Retailleau,Jordan Bardella,RN,nationalist_right,31.5,,,,,,,1 1.5 5.5 10 – 6 – – 6 – – – – 23 – – – 9 – 2.5 31.5 – – 4 – – –,0.8
V2-FR-ELABE-056,https://en.wikipedia.org/wiki/Opinion_polling_for_the_2027_French_presidential_election,wikipedia_excel_v2,Elabe,,,2025-04-02,2025-04-04,2025-04-04,1413.0,unknown,unknown,unknown,first_round,Hypothèse Édouard Philippe / Jordan Bardella / Bruno Retailleau,Éric Zemmour,REC,far_right,4.0,,,,,,,1 1.5 5.5 10 – 6 – – 6 – – – – 23 – – – 9 – 2.5 31.5 – – 4 – – –,0.8
V2-FR-ELABE-057,https://en.wikipedia.org/wiki/Opinion_polling_for_the_2027_French_presidential_election,wikipedia_excel_v2,Elabe,,,2025-04-02,2025-04-04,2025-04-04,1413.0,unknown,unknown,unknown,first_round,Hypothèse Édouard Philippe / Jordan Bardella / Raphaël Glucksmann,Arlette Arthaud,LO,far_left,1.0,,,,,,,1 1.5 4.5 9.5 – – – 10.5 3.5 – – – – 20.5 2.5 – – 8.5 – 3 31 – – 4 – – –,0.8
V2-FR-ELABE-057,https://en.wikipedia.org/wiki/Opinion_polling_for_the_2027_French_presidential_election,wikipedia_excel_v2,Elabe,,,2025-04-02,2025-04-04,2025-04-04,1413.0,unknown,unknown,unknown,first_round,Hypothèse Édouard Philippe / Jordan Bardella / Raphaël Glucksmann,Philippe Poutou,NPA-A,far_left,1.5,,,,,,,1 1.5 4.5 9.5 – – – 10.5 3.5 – – – – 20.5 2.5 – – 8.5 – 3 31 – – 4 – – –,0.8
V2-FR-ELABE-057,https://en.wikipedia.org/wiki/Opinion_polling_for_the_2027_French_presidential_election,wikipedia_excel_v2,Elabe,,,2025-04-02,2025-04-04,2025-04-04,1413.0,unknown,unknown,unknown,first_round,Hypothèse Édouard Philippe / Jordan Bardella / Raphaël Glucksmann,Fabien Roussel,PCF,left,4.5,,,,,,,1 1.5 4.5 9.5 – – – 10.5 3.5 – – – – 20.5 2.5 – – 8.5 – 3 31 – – 4 – – –,0.8
V2-FR-ELABE-057,https://en.wikipedia.org/wiki/Opinion_polling_for_the_2027_French_presidential_election,wikipedia_excel_v2,Elabe,,,2025-04-02,2025-04-04,2025-04-04,1413.0,unknown,unknown,unknown,first_round,Hypothèse Édouard Philippe / Jordan Bardella / Raphaël Glucksmann,Jean-Luc Mélenchon,LFI,left,9.5,,,,,,,1 1.5 4.5 9.5 – – – 10.5 3.5 – – – – 20.5 2.5 – – 8.5 – 3 31 – – 4 – – –,0.8
V2-FR-ELABE-057,https://en.wikipedia.org/wiki/Opinion_polling_for_the_2027_French_presidential_election,wikipedia_excel_v2,Elabe,,,2025-04-02,2025-04-04,2025-04-04,1413.0,unknown,unknown,unknown,first_round,Hypothèse Édouard Philippe / Jordan Bardella / Raphaël Glucksmann,Raphaël Glucksmann,PP,centre_gauche,10.5,,,,,,,1 1.5 4.5 9.5 – – – 10.5 3.5 – – – – 20.5 2.5 – – 8.5 – 3 31 – – 4 – – –,0.8
V2-FR-ELABE-057,https://en.wikipedia.org/wiki/Opinion_polling_for_the_2027_French_presidential_election,wikipedia_excel_v2,Elabe,,,2025-04-02,2025-04-04,2025-04-04,1413.0,unknown,unknown,unknown,first_round,Hypothèse Édouard Philippe / Jordan Bardella / Raphaël Glucksmann,Marine Tondelier,LE,écologistes,3.5,,,,,,,1 1.5 4.5 9.5 – – – 10.5 3.5 – – – – 20.5 2.5 – – 8.5 – 3 31 – – 4 – – –,0.8
V2-FR-ELABE-057,https://en.wikipedia.org/wiki/Opinion_polling_for_the_2027_French_presidential_election,wikipedia_excel_v2,Elabe,,,2025-04-02,2025-04-04,2025-04-04,1413.0,unknown,unknown,unknown,first_round,Hypothèse Édouard Philippe / Jordan Bardella / Raphaël Glucksmann,Édouard Philippe,HOR,centre,20.5,,,,,,,1 1.5 4.5 9.5 – – – 10.5 3.5 – – – – 20.5 2.5 – – 8.5 – 3 31 – – 4 – – –,0.8
V2-FR-ELABE-057,https://en.wikipedia.org/wiki/Opinion_polling_for_the_2027_French_presidential_election,wikipedia_excel_v2,Elabe,,,2025-04-02,2025-04-04,2025-04-04,1413.0,unknown,unknown,unknown,first_round,Hypothèse Édouard Philippe / Jordan Bardella / Raphaël Glucksmann,Dominique de Villepin,LFH,droite_gaulliste,2.5,,,,,,,1 1.5 4.5 9.5 – – – 10.5 3.5 – – – – 20.5 2.5 – – 8.5 – 3 31 – – 4 – – –,0.8
V2-FR-ELABE-057,https://en.wikipedia.org/wiki/Opinion_polling_for_the_2027_French_presidential_election,wikipedia_excel_v2,Elabe,,,2025-04-02,2025-04-04,2025-04-04,1413.0,unknown,unknown,unknown,first_round,Hypothèse Édouard Philippe / Jordan Bardella / Raphaël Glucksmann,Bruno Retailleau,LR,right,8.5,,,,,,,1 1.5 4.5 9.5 – – – 10.5 3.5 – – – – 20.5 2.5 – – 8.5 – 3 31 – – 4 – – –,0.8
V2-FR-ELABE-057,https://en.wikipedia.org/wiki/Opinion_polling_for_the_2027_French_presidential_election,wikipedia_excel_v2,Elabe,,,2025-04-02,2025-04-04,2025-04-04,1413.0,unknown,unknown,unknown,first_round,Hypothèse Édouard Philippe / Jordan Bardella / Raphaël Glucksmann,Nicolas Dupont-Aignan,DLF,sovereigntist_right,3.0,,,,,,,1 1.5 4.5 9.5 – – – 10.5 3.5 – – – – 20.5 2.5 – – 8.5 – 3 31 – – 4 – – –,0.8
V2-FR-ELABE-057,https://en.wikipedia.org/wiki/Opinion_polling_for_the_2027_French_presidential_election,wikipedia_excel_v2,Elabe,,,2025-04-02,2025-04-04,2025-04-04,1413.0,unknown,unknown,unknown,first_round,Hypothèse Édouard Philippe / Jordan Bardella / Raphaël Glucksmann,Jordan Bardella,RN,nationalist_right,31.0,,,,,,,1 1.5 4.5 9.5 – – – 10.5 3.5 – – – – 20.5 2.5 – – 8.5 – 3 31 – – 4 – – –,0.8
V2-FR-ELABE-057,https://en.wikipedia.org/wiki/Opinion_polling_for_the_2027_French_presidential_election,wikipedia_excel_v2,Elabe,,,2025-04-02,2025-04-04,2025-04-04,1413.0,unknown,unknown,unknown,first_round,Hypothèse Édouard Philippe / Jordan Bardella / Raphaël Glucksmann,Éric Zemmour,REC,far_right,4.0,,,,,,,1 1.5 4.5 9.5 – – – 10.5 3.5 – – – – 20.5 2.5 – – 8.5 – 3 31 – – 4 – – –,0.8
V2-FR-HARRIS-INTERACTIVE-058,https://en.wikipedia.org/wiki/Opinion_polling_for_the_2027_French_presidential_election,wikipedia_excel_v2,Harris Interactive,,,2025-03-31,2025-03-31,2025-03-31,1162.0,unknown,unknown,unknown,first_round,Hypothèse Laurent Wauquiez,Arlette Arthaud,LO,far_left,1.0,,,,,,,1 1 4 13 – 5 – – 4 – – – – 25 – – 4 – – 2 36 – – 5 – – –,0.8
V2-FR-HARRIS-INTERACTIVE-058,https://en.wikipedia.org/wiki/Opinion_polling_for_the_2027_French_presidential_election,wikipedia_excel_v2,Harris Interactive,,,2025-03-31,2025-03-31,2025-03-31,1162.0,unknown,unknown,unknown,first_round,Hypothèse Laurent Wauquiez,Philippe Poutou,NPA-A,far_left,1.0,,,,,,,1 1 4 13 – 5 – – 4 – – – – 25 – – 4 – – 2 36 – – 5 – – –,0.8
V2-FR-HARRIS-INTERACTIVE-058,https://en.wikipedia.org/wiki/Opinion_polling_for_the_2027_French_presidential_election,wikipedia_excel_v2,Harris Interactive,,,2025-03-31,2025-03-31,2025-03-31,1162.0,unknown,unknown,unknown,first_round,Hypothèse Laurent Wauquiez,Fabien Roussel,PCF,left,4.0,,,,,,,1 1 4 13 – 5 – – 4 – – – – 25 – – 4 – – 2 36 – – 5 – – –,0.8
V2-FR-HARRIS-INTERACTIVE-058,https://en.wikipedia.org/wiki/Opinion_polling_for_the_2027_French_presidential_election,wikipedia_excel_v2,Harris Interactive,,,2025-03-31,2025-03-31,2025-03-31,1162.0,unknown,unknown,unknown,first_round,Hypothèse Laurent Wauquiez,Jean-Luc Mélenchon,LFI,left,13.0,,,,,,,1 1 4 13 – 5 – – 4 – – – – 25 – – 4 – – 2 36 – – 5 – – –,0.8
V2-FR-HARRIS-INTERACTIVE-058,https://en.wikipedia.org/wiki/Opinion_polling_for_the_2027_French_presidential_election,wikipedia_excel_v2,Harris Interactive,,,2025-03-31,2025-03-31,2025-03-31,1162.0,unknown,unknown,unknown,first_round,Hypothèse Laurent Wauquiez,Olivier Faure,PS,centre_gauche,5.0,,,,,,,1 1 4 13 – 5 – – 4 – – – – 25 – – 4 – – 2 36 – – 5 – – –,0.8
V2-FR-HARRIS-INTERACTIVE-058,https://en.wikipedia.org/wiki/Opinion_polling_for_the_2027_French_presidential_election,wikipedia_excel_v2,Harris Interactive,,,2025-03-31,2025-03-31,2025-03-31,1162.0,unknown,unknown,unknown,first_round,Hypothèse Laurent Wauquiez,Marine Tondelier,LE,écologistes,4.0,,,,,,,1 1 4 13 – 5 – – 4 – – – – 25 – – 4 – – 2 36 – – 5 – – –,0.8
V2-FR-HARRIS-INTERACTIVE-058,https://en.wikipedia.org/wiki/Opinion_polling_for_the_2027_French_presidential_election,wikipedia_excel_v2,Harris Interactive,,,2025-03-31,2025-03-31,2025-03-31,1162.0,unknown,unknown,unknown,first_round,Hypothèse Laurent Wauquiez,Édouard Philippe,HOR,centre,25.0,,,,,,,1 1 4 13 – 5 – – 4 – – – – 25 – – 4 – – 2 36 – – 5 – – –,0.8
V2-FR-HARRIS-INTERACTIVE-058,https://en.wikipedia.org/wiki/Opinion_polling_for_the_2027_French_presidential_election,wikipedia_excel_v2,Harris Interactive,,,2025-03-31,2025-03-31,2025-03-31,1162.0,unknown,unknown,unknown,first_round,Hypothèse Laurent Wauquiez,Laurent Wauquiez,LR,droite,4.0,,,,,,,1 1 4 13 – 5 – – 4 – – – – 25 – – 4 – – 2 36 – – 5 – – –,0.8
V2-FR-HARRIS-INTERACTIVE-058,https://en.wikipedia.org/wiki/Opinion_polling_for_the_2027_French_presidential_election,wikipedia_excel_v2,Harris Interactive,,,2025-03-31,2025-03-31,2025-03-31,1162.0,unknown,unknown,unknown,first_round,Hypothèse Laurent Wauquiez,Nicolas Dupont-Aignan,DLF,sovereigntist_right,2.0,,,,,,,1 1 4 13 – 5 – – 4 – – – – 25 – – 4 – – 2 36 – – 5 – – –,0.8
V2-FR-HARRIS-INTERACTIVE-058,https://en.wikipedia.org/wiki/Opinion_polling_for_the_2027_French_presidential_election,wikipedia_excel_v2,Harris Interactive,,,2025-03-31,2025-03-31,2025-03-31,1162.0,unknown,unknown,unknown,first_round,Hypothèse Laurent Wauquiez,Jordan Bardella,RN,nationalist_right,36.0,,,,,,,1 1 4 13 – 5 – – 4 – – – – 25 – – 4 – – 2 36 – – 5 – – –,0.8
V2-FR-HARRIS-INTERACTIVE-058,https://en.wikipedia.org/wiki/Opinion_polling_for_the_2027_French_presidential_election,wikipedia_excel_v2,Harris Interactive,,,2025-03-31,2025-03-31,2025-03-31,1162.0,unknown,unknown,unknown,first_round,Hypothèse Laurent Wauquiez,Éric Zemmour,REC,far_right,5.0,,,,,,,1 1 4 13 – 5 – – 4 – – – – 25 – – 4 – – 2 36 – – 5 – – –,0.8
V2-FR-HARRIS-INTERACTIVE-059,https://en.wikipedia.org/wiki/Opinion_polling_for_the_2027_French_presidential_election,wikipedia_excel_v2,Harris Interactive,,,2025-03-31,2025-03-31,2025-03-31,1162.0,unknown,unknown,unknown,first_round,Hypothèse Bruno Retailleau,Arlette Arthaud,LO,far_left,1.0,,,,,,,1 1 4 13 – 5 – – 4 – – – – 23 – – – 7 – 2 35 – – 5 – – –,0.8
V2-FR-HARRIS-INTERACTIVE-059,https://en.wikipedia.org/wiki/Opinion_polling_for_the_2027_French_presidential_election,wikipedia_excel_v2,Harris Interactive,,,2025-03-31,2025-03-31,2025-03-31,1162.0,unknown,unknown,unknown,first_round,Hypothèse Bruno Retailleau,Philippe Poutou,NPA-A,far_left,1.0,,,,,,,1 1 4 13 – 5 – – 4 – – – – 23 – – – 7 – 2 35 – – 5 – – –,0.8
V2-FR-HARRIS-INTERACTIVE-059,https://en.wikipedia.org/wiki/Opinion_polling_for_the_2027_French_presidential_election,wikipedia_excel_v2,Harris Interactive,,,2025-03-31,2025-03-31,2025-03-31,1162.0,unknown,unknown,unknown,first_round,Hypothèse Bruno Retailleau,Fabien Roussel,PCF,left,4.0,,,,,,,1 1 4 13 – 5 – – 4 – – – – 23 – – – 7 – 2 35 – – 5 – – –,0.8
V2-FR-HARRIS-INTERACTIVE-059,https://en.wikipedia.org/wiki/Opinion_polling_for_the_2027_French_presidential_election,wikipedia_excel_v2,Harris Interactive,,,2025-03-31,2025-03-31,2025-03-31,1162.0,unknown,unknown,unknown,first_round,Hypothèse Bruno Retailleau,Jean-Luc Mélenchon,LFI,left,13.0,,,,,,,1 1 4 13 – 5 – – 4 – – – – 23 – – – 7 – 2 35 – – 5 – – –,0.8
V2-FR-HARRIS-INTERACTIVE-059,https://en.wikipedia.org/wiki/Opinion_polling_for_the_2027_French_presidential_election,wikipedia_excel_v2,Harris Interactive,,,2025-03-31,2025-03-31,2025-03-31,1162.0,unknown,unknown,unknown,first_round,Hypothèse Bruno Retailleau,Olivier Faure,PS,centre_gauche,5.0,,,,,,,1 1 4 13 – 5 – – 4 – – – – 23 – – – 7 – 2 35 – – 5 – – –,0.8
V2-FR-HARRIS-INTERACTIVE-059,https://en.wikipedia.org/wiki/Opinion_polling_for_the_2027_French_presidential_election,wikipedia_excel_v2,Harris Interactive,,,2025-03-31,2025-03-31,2025-03-31,1162.0,unknown,unknown,unknown,first_round,Hypothèse Bruno Retailleau,Marine Tondelier,LE,écologistes,4.0,,,,,,,1 1 4 13 – 5 – – 4 – – – – 23 – – – 7 – 2 35 – – 5 – – –,0.8
V2-FR-HARRIS-INTERACTIVE-059,https://en.wikipedia.org/wiki/Opinion_polling_for_the_2027_French_presidential_election,wikipedia_excel_v2,Harris Interactive,,,2025-03-31,2025-03-31,2025-03-31,1162.0,unknown,unknown,unknown,first_round,Hypothèse Bruno Retailleau,Édouard Philippe,HOR,centre,23.0,,,,,,,1 1 4 13 – 5 – – 4 – – – – 23 – – – 7 – 2 35 – – 5 – – –,0.8
V2-FR-HARRIS-INTERACTIVE-059,https://en.wikipedia.org/wiki/Opinion_polling_for_the_2027_French_presidential_election,wikipedia_excel_v2,Harris Interactive,,,2025-03-31,2025-03-31,2025-03-31,1162.0,unknown,unknown,unknown,first_round,Hypothèse Bruno Retailleau,Bruno Retailleau,LR,right,7.0,,,,,,,1 1 4 13 – 5 – – 4 – – – – 23 – – – 7 – 2 35 – – 5 – – –,0.8
V2-FR-HARRIS-INTERACTIVE-059,https://en.wikipedia.org/wiki/Opinion_polling_for_the_2027_French_presidential_election,wikipedia_excel_v2,Harris Interactive,,,2025-03-31,2025-03-31,2025-03-31,1162.0,unknown,unknown,unknown,first_round,Hypothèse Bruno Retailleau,Nicolas Dupont-Aignan,DLF,sovereigntist_right,2.0,,,,,,,1 1 4 13 – 5 – – 4 – – – – 23 – – – 7 – 2 35 – – 5 – – –,0.8
V2-FR-HARRIS-INTERACTIVE-059,https://en.wikipedia.org/wiki/Opinion_polling_for_the_2027_French_presidential_election,wikipedia_excel_v2,Harris Interactive,,,2025-03-31,2025-03-31,2025-03-31,1162.0,unknown,unknown,unknown,first_round,Hypothèse Bruno Retailleau,Jordan Bardella,RN,nationalist_right,35.0,,,,,,,1 1 4 13 – 5 – – 4 – – – – 23 – – – 7 – 2 35 – – 5 – – –,0.8
V2-FR-HARRIS-INTERACTIVE-059,https://en.wikipedia.org/wiki/Opinion_polling_for_the_2027_French_presidential_election,wikipedia_excel_v2,Harris Interactive,,,2025-03-31,2025-03-31,2025-03-31,1162.0,unknown,unknown,unknown,first_round,Hypothèse Bruno Retailleau,Éric Zemmour,REC,far_right,5.0,,,,,,,1 1 4 13 – 5 – – 4 – – – – 23 – – – 7 – 2 35 – – 5 – – –,0.8
V2-FR-IFOP-060,https://en.wikipedia.org/wiki/Opinion_polling_for_the_2027_French_presidential_election,wikipedia_excel_v2,Ifop,,,2025-03-26,2025-03-27,2025-03-27,1119.0,unknown,unknown,unknown,first_round,Hypothèse Jordan Bardella / Raphaël Glucksmann / Éric Zemmour,Arlette Arthaud,LO,far_left,1.0,,,,,,,1 1 4 12 – – – 4 – – – – 3 – – – – – – – 25 – – 5 – – 4 – 36 5,0.8
V2-FR-IFOP-060,https://en.wikipedia.org/wiki/Opinion_polling_for_the_2027_French_presidential_election,wikipedia_excel_v2,Ifop,,,2025-03-26,2025-03-27,2025-03-27,1119.0,unknown,unknown,unknown,first_round,Hypothèse Jordan Bardella / Raphaël Glucksmann / Éric Zemmour,Philippe Poutou,NPA-A,far_left,1.0,,,,,,,1 1 4 12 – – – 4 – – – – 3 – – – – – – – 25 – – 5 – – 4 – 36 5,0.8
V2-FR-IFOP-060,https://en.wikipedia.org/wiki/Opinion_polling_for_the_2027_French_presidential_election,wikipedia_excel_v2,Ifop,,,2025-03-26,2025-03-27,2025-03-27,1119.0,unknown,unknown,unknown,first_round,Hypothèse Jordan Bardella / Raphaël Glucksmann / Éric Zemmour,Fabien Roussel,PCF,left,4.0,,,,,,,1 1 4 12 – – – 4 – – – – 3 – – – – – – – 25 – – 5 – – 4 – 36 5,0.8
V2-FR-IFOP-060,https://en.wikipedia.org/wiki/Opinion_polling_for_the_2027_French_presidential_election,wikipedia_excel_v2,Ifop,,,2025-03-26,2025-03-27,2025-03-27,1119.0,unknown,unknown,unknown,first_round,Hypothèse Jordan Bardella / Raphaël Glucksmann / Éric Zemmour,Jean-Luc Mélenchon,LFI,left,12.0,,,,,,,1 1 4 12 – – – 4 – – – – 3 – – – – – – – 25 – – 5 – – 4 – 36 5,0.8
V2-FR-IFOP-060,https://en.wikipedia.org/wiki/Opinion_polling_for_the_2027_French_presidential_election,wikipedia_excel_v2,Ifop,,,2025-03-26,2025-03-27,2025-03-27,1119.0,unknown,unknown,unknown,first_round,Hypothèse Jordan Bardella / Raphaël Glucksmann / Éric Zemmour,Raphaël Glucksmann,PP,centre_gauche,4.0,,,,,,,1 1 4 12 – – – 4 – – – – 3 – – – – – – – 25 – – 5 – – 4 – 36 5,0.8
V2-FR-IFOP-060,https://en.wikipedia.org/wiki/Opinion_polling_for_the_2027_French_presidential_election,wikipedia_excel_v2,Ifop,,,2025-03-26,2025-03-27,2025-03-27,1119.0,unknown,unknown,unknown,first_round,Hypothèse Jordan Bardella / Raphaël Glucksmann / Éric Zemmour,François Bayrou,MoDem,centre,3.0,,,,,,,1 1 4 12 – – – 4 – – – – 3 – – – – – – – 25 – – 5 – – 4 – 36 5,0.8
V2-FR-IFOP-060,https://en.wikipedia.org/wiki/Opinion_polling_for_the_2027_French_presidential_election,wikipedia_excel_v2,Ifop,,,2025-03-26,2025-03-27,2025-03-27,1119.0,unknown,unknown,unknown,first_round,Hypothèse Jordan Bardella / Raphaël Glucksmann / Éric Zemmour,Jordan Bardella,RN,nationalist_right,25.0,,,,,,,1 1 4 12 – – – 4 – – – – 3 – – – – – – – 25 – – 5 – – 4 – 36 5,0.8
V2-FR-IFOP-060,https://en.wikipedia.org/wiki/Opinion_polling_for_the_2027_French_presidential_election,wikipedia_excel_v2,Ifop,,,2025-03-26,2025-03-27,2025-03-27,1119.0,unknown,unknown,unknown,first_round,Hypothèse Jordan Bardella / Raphaël Glucksmann / Éric Zemmour,Éric Zemmour,REC,far_right,5.0,,,,,,,1 1 4 12 – – – 4 – – – – 3 – – – – – – – 25 – – 5 – – 4 – 36 5,0.8
V2-FR-IFOP-060,https://en.wikipedia.org/wiki/Opinion_polling_for_the_2027_French_presidential_election,wikipedia_excel_v2,Ifop,,,2025-03-26,2025-03-27,2025-03-27,1119.0,unknown,unknown,unknown,first_round,Hypothèse Jordan Bardella / Raphaël Glucksmann / Éric Zemmour,Sébastien Chenu,RN,droite_nationale,4.0,,,,,,,1 1 4 12 – – – 4 – – – – 3 – – – – – – – 25 – – 5 – – 4 – 36 5,0.8
V2-FR-IFOP-061,https://en.wikipedia.org/wiki/Opinion_polling_for_the_2027_French_presidential_election,wikipedia_excel_v2,Ifop,,,2025-03-26,2025-03-27,2025-03-27,1119.0,unknown,unknown,unknown,first_round,Hypothèse Jordan Bardella / Raphaël Glucksmann / Teddy Riner,Arlette Arthaud,LO,far_left,1.0,,,,,,,1 1 3 13 – – – 5 – – – – 3 – – – – – – – 21 – – – – 11 3 – 34 5,0.8
V2-FR-IFOP-061,https://en.wikipedia.org/wiki/Opinion_polling_for_the_2027_French_presidential_election,wikipedia_excel_v2,Ifop,,,2025-03-26,2025-03-27,2025-03-27,1119.0,unknown,unknown,unknown,first_round,Hypothèse Jordan Bardella / Raphaël Glucksmann / Teddy Riner,Philippe Poutou,NPA-A,far_left,1.0,,,,,,,1 1 3 13 – – – 5 – – – – 3 – – – – – – – 21 – – – – 11 3 – 34 5,0.8
V2-FR-IFOP-061,https://en.wikipedia.org/wiki/Opinion_polling_for_the_2027_French_presidential_election,wikipedia_excel_v2,Ifop,,,2025-03-26,2025-03-27,2025-03-27,1119.0,unknown,unknown,unknown,first_round,Hypothèse Jordan Bardella / Raphaël Glucksmann / Teddy Riner,Fabien Roussel,PCF,left,3.0,,,,,,,1 1 3 13 – – – 5 – – – – 3 – – – – – – – 21 – – – – 11 3 – 34 5,0.8
V2-FR-IFOP-061,https://en.wikipedia.org/wiki/Opinion_polling_for_the_2027_French_presidential_election,wikipedia_excel_v2,Ifop,,,2025-03-26,2025-03-27,2025-03-27,1119.0,unknown,unknown,unknown,first_round,Hypothèse Jordan Bardella / Raphaël Glucksmann / Teddy Riner,Jean-Luc Mélenchon,LFI,left,13.0,,,,,,,1 1 3 13 – – – 5 – – – – 3 – – – – – – – 21 – – – – 11 3 – 34 5,0.8
V2-FR-IFOP-061,https://en.wikipedia.org/wiki/Opinion_polling_for_the_2027_French_presidential_election,wikipedia_excel_v2,Ifop,,,2025-03-26,2025-03-27,2025-03-27,1119.0,unknown,unknown,unknown,first_round,Hypothèse Jordan Bardella / Raphaël Glucksmann / Teddy Riner,Raphaël Glucksmann,PP,centre_gauche,5.0,,,,,,,1 1 3 13 – – – 5 – – – – 3 – – – – – – – 21 – – – – 11 3 – 34 5,0.8
V2-FR-IFOP-061,https://en.wikipedia.org/wiki/Opinion_polling_for_the_2027_French_presidential_election,wikipedia_excel_v2,Ifop,,,2025-03-26,2025-03-27,2025-03-27,1119.0,unknown,unknown,unknown,first_round,Hypothèse Jordan Bardella / Raphaël Glucksmann / Teddy Riner,François Bayrou,MoDem,centre,3.0,,,,,,,1 1 3 13 – – – 5 – – – – 3 – – – – – – – 21 – – – – 11 3 – 34 5,0.8
V2-FR-IFOP-061,https://en.wikipedia.org/wiki/Opinion_polling_for_the_2027_French_presidential_election,wikipedia_excel_v2,Ifop,,,2025-03-26,2025-03-27,2025-03-27,1119.0,unknown,unknown,unknown,first_round,Hypothèse Jordan Bardella / Raphaël Glucksmann / Teddy Riner,Jordan Bardella,RN,nationalist_right,21.0,,,,,,,1 1 3 13 – – – 5 – – – – 3 – – – – – – – 21 – – – – 11 3 – 34 5,0.8
V2-FR-IFOP-061,https://en.wikipedia.org/wiki/Opinion_polling_for_the_2027_French_presidential_election,wikipedia_excel_v2,Ifop,,,2025-03-26,2025-03-27,2025-03-27,1119.0,unknown,unknown,unknown,first_round,Hypothèse Jordan Bardella / Raphaël Glucksmann / Teddy Riner,Teddy Riner,,hors_champ,11.0,,,,,,,1 1 3 13 – – – 5 – – – – 3 – – – – – – – 21 – – – – 11 3 – 34 5,0.8
V2-FR-IFOP-061,https://en.wikipedia.org/wiki/Opinion_polling_for_the_2027_French_presidential_election,wikipedia_excel_v2,Ifop,,,2025-03-26,2025-03-27,2025-03-27,1119.0,unknown,unknown,unknown,first_round,Hypothèse Jordan Bardella / Raphaël Glucksmann / Teddy Riner,Sébastien Chenu,RN,droite_nationale,3.0,,,,,,,1 1 3 13 – – – 5 – – – – 3 – – – – – – – 21 – – – – 11 3 – 34 5,0.8
V2-FR-IFOP-062,https://en.wikipedia.org/wiki/Opinion_polling_for_the_2027_French_presidential_election,wikipedia_excel_v2,Ifop,,,2025-03-26,2025-03-27,2025-03-27,1119.0,unknown,unknown,unknown,first_round,Hypothèse Édouard Philippe / Raphaël Glucksmann / Éric Zemmour,Arlette Arthaud,LO,far_left,1.0,,,,,,,1 1 4 13 – – – 5 – – – – 3 20 – – – – – – – – – 8 – – 3 – 37 5,0.8
V2-FR-IFOP-062,https://en.wikipedia.org/wiki/Opinion_polling_for_the_2027_French_presidential_election,wikipedia_excel_v2,Ifop,,,2025-03-26,2025-03-27,2025-03-27,1119.0,unknown,unknown,unknown,first_round,Hypothèse Édouard Philippe / Raphaël Glucksmann / Éric Zemmour,Philippe Poutou,NPA-A,far_left,1.0,,,,,,,1 1 4 13 – – – 5 – – – – 3 20 – – – – – – – – – 8 – – 3 – 37 5,0.8
V2-FR-IFOP-062,https://en.wikipedia.org/wiki/Opinion_polling_for_the_2027_French_presidential_election,wikipedia_excel_v2,Ifop,,,2025-03-26,2025-03-27,2025-03-27,1119.0,unknown,unknown,unknown,first_round,Hypothèse Édouard Philippe / Raphaël Glucksmann / Éric Zemmour,Fabien Roussel,PCF,left,4.0,,,,,,,1 1 4 13 – – – 5 – – – – 3 20 – – – – – – – – – 8 – – 3 – 37 5,0.8
V2-FR-IFOP-062,https://en.wikipedia.org/wiki/Opinion_polling_for_the_2027_French_presidential_election,wikipedia_excel_v2,Ifop,,,2025-03-26,2025-03-27,2025-03-27,1119.0,unknown,unknown,unknown,first_round,Hypothèse Édouard Philippe / Raphaël Glucksmann / Éric Zemmour,Jean-Luc Mélenchon,LFI,left,13.0,,,,,,,1 1 4 13 – – – 5 – – – – 3 20 – – – – – – – – – 8 – – 3 – 37 5,0.8
V2-FR-IFOP-062,https://en.wikipedia.org/wiki/Opinion_polling_for_the_2027_French_presidential_election,wikipedia_excel_v2,Ifop,,,2025-03-26,2025-03-27,2025-03-27,1119.0,unknown,unknown,unknown,first_round,Hypothèse Édouard Philippe / Raphaël Glucksmann / Éric Zemmour,Raphaël Glucksmann,PP,centre_gauche,5.0,,,,,,,1 1 4 13 – – – 5 – – – – 3 20 – – – – – – – – – 8 – – 3 – 37 5,0.8
V2-FR-IFOP-062,https://en.wikipedia.org/wiki/Opinion_polling_for_the_2027_French_presidential_election,wikipedia_excel_v2,Ifop,,,2025-03-26,2025-03-27,2025-03-27,1119.0,unknown,unknown,unknown,first_round,Hypothèse Édouard Philippe / Raphaël Glucksmann / Éric Zemmour,François Bayrou,MoDem,centre,3.0,,,,,,,1 1 4 13 – – – 5 – – – – 3 20 – – – – – – – – – 8 – – 3 – 37 5,0.8
V2-FR-IFOP-062,https://en.wikipedia.org/wiki/Opinion_polling_for_the_2027_French_presidential_election,wikipedia_excel_v2,Ifop,,,2025-03-26,2025-03-27,2025-03-27,1119.0,unknown,unknown,unknown,first_round,Hypothèse Édouard Philippe / Raphaël Glucksmann / Éric Zemmour,Édouard Philippe,HOR,centre,20.0,,,,,,,1 1 4 13 – – – 5 – – – – 3 20 – – – – – – – – – 8 – – 3 – 37 5,0.8
V2-FR-IFOP-062,https://en.wikipedia.org/wiki/Opinion_polling_for_the_2027_French_presidential_election,wikipedia_excel_v2,Ifop,,,2025-03-26,2025-03-27,2025-03-27,1119.0,unknown,unknown,unknown,first_round,Hypothèse Édouard Philippe / Raphaël Glucksmann / Éric Zemmour,Éric Zemmour,REC,far_right,8.0,,,,,,,1 1 4 13 – – – 5 – – – – 3 20 – – – – – – – – – 8 – – 3 – 37 5,0.8
V2-FR-IFOP-062,https://en.wikipedia.org/wiki/Opinion_polling_for_the_2027_French_presidential_election,wikipedia_excel_v2,Ifop,,,2025-03-26,2025-03-27,2025-03-27,1119.0,unknown,unknown,unknown,first_round,Hypothèse Édouard Philippe / Raphaël Glucksmann / Éric Zemmour,Sébastien Chenu,RN,droite_nationale,3.0,,,,,,,1 1 4 13 – – – 5 – – – – 3 20 – – – – – – – – – 8 – – 3 – 37 5,0.8
V2-FR-IFOP-063,https://en.wikipedia.org/wiki/Opinion_polling_for_the_2027_French_presidential_election,wikipedia_excel_v2,Ifop,,,2025-03-26,2025-03-27,2025-03-27,1119.0,unknown,unknown,unknown,first_round,Hypothèse Gabriel Attal / Jordan Bardella / Éric Zemmour,Arlette Arthaud,LO,far_left,1.0,,,,,,,1 1 2 13 – – – – – 11 – – 3 – – – – – – – 20 – – 5 – – 3 – 35 5,0.8
V2-FR-IFOP-063,https://en.wikipedia.org/wiki/Opinion_polling_for_the_2027_French_presidential_election,wikipedia_excel_v2,Ifop,,,2025-03-26,2025-03-27,2025-03-27,1119.0,unknown,unknown,unknown,first_round,Hypothèse Gabriel Attal / Jordan Bardella / Éric Zemmour,Philippe Poutou,NPA-A,far_left,1.0,,,,,,,1 1 2 13 – – – – – 11 – – 3 – – – – – – – 20 – – 5 – – 3 – 35 5,0.8
V2-FR-IFOP-063,https://en.wikipedia.org/wiki/Opinion_polling_for_the_2027_French_presidential_election,wikipedia_excel_v2,Ifop,,,2025-03-26,2025-03-27,2025-03-27,1119.0,unknown,unknown,unknown,first_round,Hypothèse Gabriel Attal / Jordan Bardella / Éric Zemmour,Fabien Roussel,PCF,left,2.0,,,,,,,1 1 2 13 – – – – – 11 – – 3 – – – – – – – 20 – – 5 – – 3 – 35 5,0.8
V2-FR-IFOP-063,https://en.wikipedia.org/wiki/Opinion_polling_for_the_2027_French_presidential_election,wikipedia_excel_v2,Ifop,,,2025-03-26,2025-03-27,2025-03-27,1119.0,unknown,unknown,unknown,first_round,Hypothèse Gabriel Attal / Jordan Bardella / Éric Zemmour,Jean-Luc Mélenchon,LFI,left,13.0,,,,,,,1 1 2 13 – – – – – 11 – – 3 – – – – – – – 20 – – 5 – – 3 – 35 5,0.8
V2-FR-IFOP-063,https://en.wikipedia.org/wiki/Opinion_polling_for_the_2027_French_presidential_election,wikipedia_excel_v2,Ifop,,,2025-03-26,2025-03-27,2025-03-27,1119.0,unknown,unknown,unknown,first_round,Hypothèse Gabriel Attal / Jordan Bardella / Éric Zemmour,Gabriel Attal,RE,centre,11.0,,,,,,,1 1 2 13 – – – – – 11 – – 3 – – – – – – – 20 – – 5 – – 3 – 35 5,0.8
V2-FR-IFOP-063,https://en.wikipedia.org/wiki/Opinion_polling_for_the_2027_French_presidential_election,wikipedia_excel_v2,Ifop,,,2025-03-26,2025-03-27,2025-03-27,1119.0,unknown,unknown,unknown,first_round,Hypothèse Gabriel Attal / Jordan Bardella / Éric Zemmour,François Bayrou,MoDem,centre,3.0,,,,,,,1 1 2 13 – – – – – 11 – – 3 – – – – – – – 20 – – 5 – – 3 – 35 5,0.8
V2-FR-IFOP-063,https://en.wikipedia.org/wiki/Opinion_polling_for_the_2027_French_presidential_election,wikipedia_excel_v2,Ifop,,,2025-03-26,2025-03-27,2025-03-27,1119.0,unknown,unknown,unknown,first_round,Hypothèse Gabriel Attal / Jordan Bardella / Éric Zemmour,Jordan Bardella,RN,nationalist_right,20.0,,,,,,,1 1 2 13 – – – – – 11 – – 3 – – – – – – – 20 – – 5 – – 3 – 35 5,0.8
V2-FR-IFOP-063,https://en.wikipedia.org/wiki/Opinion_polling_for_the_2027_French_presidential_election,wikipedia_excel_v2,Ifop,,,2025-03-26,2025-03-27,2025-03-27,1119.0,unknown,unknown,unknown,first_round,Hypothèse Gabriel Attal / Jordan Bardella / Éric Zemmour,Éric Zemmour,REC,far_right,5.0,,,,,,,1 1 2 13 – – – – – 11 – – 3 – – – – – – – 20 – – 5 – – 3 – 35 5,0.8
V2-FR-IFOP-063,https://en.wikipedia.org/wiki/Opinion_polling_for_the_2027_French_presidential_election,wikipedia_excel_v2,Ifop,,,2025-03-26,2025-03-27,2025-03-27,1119.0,unknown,unknown,unknown,first_round,Hypothèse Gabriel Attal / Jordan Bardella / Éric Zemmour,Sébastien Chenu,RN,droite_nationale,3.0,,,,,,,1 1 2 13 – – – – – 11 – – 3 – – – – – – – 20 – – 5 – – 3 – 35 5,0.8
V2-FR-IFOP-064,https://en.wikipedia.org/wiki/Opinion_polling_for_the_2027_French_presidential_election,wikipedia_excel_v2,Ifop,,,2024-12-06,2024-12-09,2024-12-09,1101.0,unknown,unknown,unknown,first_round,Hypothèse Édouard Philippe / Raphaël Glucksmann,Arlette Arthaud,LO,far_left,1.0,,,,,,,1 0.5 3 12 – – – 5 – – – – 4.5 20 – – – – – – – 1 – 8 – – 3 – 38 4,0.8
V2-FR-IFOP-064,https://en.wikipedia.org/wiki/Opinion_polling_for_the_2027_French_presidential_election,wikipedia_excel_v2,Ifop,,,2024-12-06,2024-12-09,2024-12-09,1101.0,unknown,unknown,unknown,first_round,Hypothèse Édouard Philippe / Raphaël Glucksmann,Philippe Poutou,NPA-A,far_left,0.5,,,,,,,1 0.5 3 12 – – – 5 – – – – 4.5 20 – – – – – – – 1 – 8 – – 3 – 38 4,0.8
V2-FR-IFOP-064,https://en.wikipedia.org/wiki/Opinion_polling_for_the_2027_French_presidential_election,wikipedia_excel_v2,Ifop,,,2024-12-06,2024-12-09,2024-12-09,1101.0,unknown,unknown,unknown,first_round,Hypothèse Édouard Philippe / Raphaël Glucksmann,Fabien Roussel,PCF,left,3.0,,,,,,,1 0.5 3 12 – – – 5 – – – – 4.5 20 – – – – – – – 1 – 8 – – 3 – 38 4,0.8
V2-FR-IFOP-064,https://en.wikipedia.org/wiki/Opinion_polling_for_the_2027_French_presidential_election,wikipedia_excel_v2,Ifop,,,2024-12-06,2024-12-09,2024-12-09,1101.0,unknown,unknown,unknown,first_round,Hypothèse Édouard Philippe / Raphaël Glucksmann,Jean-Luc Mélenchon,LFI,left,12.0,,,,,,,1 0.5 3 12 – – – 5 – – – – 4.5 20 – – – – – – – 1 – 8 – – 3 – 38 4,0.8
V2-FR-IFOP-064,https://en.wikipedia.org/wiki/Opinion_polling_for_the_2027_French_presidential_election,wikipedia_excel_v2,Ifop,,,2024-12-06,2024-12-09,2024-12-09,1101.0,unknown,unknown,unknown,first_round,Hypothèse Édouard Philippe / Raphaël Glucksmann,Raphaël Glucksmann,PP,centre_gauche,5.0,,,,,,,1 0.5 3 12 – – – 5 – – – – 4.5 20 – – – – – – – 1 – 8 – – 3 – 38 4,0.8
V2-FR-IFOP-064,https://en.wikipedia.org/wiki/Opinion_polling_for_the_2027_French_presidential_election,wikipedia_excel_v2,Ifop,,,2024-12-06,2024-12-09,2024-12-09,1101.0,unknown,unknown,unknown,first_round,Hypothèse Édouard Philippe / Raphaël Glucksmann,François Bayrou,MoDem,centre,4.5,,,,,,,1 0.5 3 12 – – – 5 – – – – 4.5 20 – – – – – – – 1 – 8 – – 3 – 38 4,0.8
V2-FR-IFOP-064,https://en.wikipedia.org/wiki/Opinion_polling_for_the_2027_French_presidential_election,wikipedia_excel_v2,Ifop,,,2024-12-06,2024-12-09,2024-12-09,1101.0,unknown,unknown,unknown,first_round,Hypothèse Édouard Philippe / Raphaël Glucksmann,Édouard Philippe,HOR,centre,20.0,,,,,,,1 0.5 3 12 – – – 5 – – – – 4.5 20 – – – – – – – 1 – 8 – – 3 – 38 4,0.8
V2-FR-IFOP-064,https://en.wikipedia.org/wiki/Opinion_polling_for_the_2027_French_presidential_election,wikipedia_excel_v2,Ifop,,,2024-12-06,2024-12-09,2024-12-09,1101.0,unknown,unknown,unknown,first_round,Hypothèse Édouard Philippe / Raphaël Glucksmann,Philippe de Villiers,,droite_souverainiste,1.0,,,,,,,1 0.5 3 12 – – – 5 – – – – 4.5 20 – – – – – – – 1 – 8 – – 3 – 38 4,0.8
V2-FR-IFOP-064,https://en.wikipedia.org/wiki/Opinion_polling_for_the_2027_French_presidential_election,wikipedia_excel_v2,Ifop,,,2024-12-06,2024-12-09,2024-12-09,1101.0,unknown,unknown,unknown,first_round,Hypothèse Édouard Philippe / Raphaël Glucksmann,Éric Zemmour,REC,far_right,8.0,,,,,,,1 0.5 3 12 – – – 5 – – – – 4.5 20 – – – – – – – 1 – 8 – – 3 – 38 4,0.8
V2-FR-IFOP-064,https://en.wikipedia.org/wiki/Opinion_polling_for_the_2027_French_presidential_election,wikipedia_excel_v2,Ifop,,,2024-12-06,2024-12-09,2024-12-09,1101.0,unknown,unknown,unknown,first_round,Hypothèse Édouard Philippe / Raphaël Glucksmann,Sébastien Chenu,RN,droite_nationale,3.0,,,,,,,1 0.5 3 12 – – – 5 – – – – 4.5 20 – – – – – – – 1 – 8 – – 3 – 38 4,0.8
V2-FR-IFOP-065,https://en.wikipedia.org/wiki/Opinion_polling_for_the_2027_French_presidential_election,wikipedia_excel_v2,Ifop,,,2024-12-06,2024-12-09,2024-12-09,1101.0,unknown,unknown,unknown,first_round,Hypothèse Jordan Bardella / Marine Tondelier,Arlette Arthaud,LO,far_left,1.0,,,,,,,1 0.5 3 11 – – – – 7 – – – 4 – – – – – – – 24 1.5 – 6 – – 3 – 35 4,0.8
V2-FR-IFOP-065,https://en.wikipedia.org/wiki/Opinion_polling_for_the_2027_French_presidential_election,wikipedia_excel_v2,Ifop,,,2024-12-06,2024-12-09,2024-12-09,1101.0,unknown,unknown,unknown,first_round,Hypothèse Jordan Bardella / Marine Tondelier,Philippe Poutou,NPA-A,far_left,0.5,,,,,,,1 0.5 3 11 – – – – 7 – – – 4 – – – – – – – 24 1.5 – 6 – – 3 – 35 4,0.8
V2-FR-IFOP-065,https://en.wikipedia.org/wiki/Opinion_polling_for_the_2027_French_presidential_election,wikipedia_excel_v2,Ifop,,,2024-12-06,2024-12-09,2024-12-09,1101.0,unknown,unknown,unknown,first_round,Hypothèse Jordan Bardella / Marine Tondelier,Fabien Roussel,PCF,left,3.0,,,,,,,1 0.5 3 11 – – – – 7 – – – 4 – – – – – – – 24 1.5 – 6 – – 3 – 35 4,0.8
V2-FR-IFOP-065,https://en.wikipedia.org/wiki/Opinion_polling_for_the_2027_French_presidential_election,wikipedia_excel_v2,Ifop,,,2024-12-06,2024-12-09,2024-12-09,1101.0,unknown,unknown,unknown,first_round,Hypothèse Jordan Bardella / Marine Tondelier,Jean-Luc Mélenchon,LFI,left,11.0,,,,,,,1 0.5 3 11 – – – – 7 – – – 4 – – – – – – – 24 1.5 – 6 – – 3 – 35 4,0.8
V2-FR-IFOP-065,https://en.wikipedia.org/wiki/Opinion_polling_for_the_2027_French_presidential_election,wikipedia_excel_v2,Ifop,,,2024-12-06,2024-12-09,2024-12-09,1101.0,unknown,unknown,unknown,first_round,Hypothèse Jordan Bardella / Marine Tondelier,Marine Tondelier,LE,écologistes,7.0,,,,,,,1 0.5 3 11 – – – – 7 – – – 4 – – – – – – – 24 1.5 – 6 – – 3 – 35 4,0.8
V2-FR-IFOP-065,https://en.wikipedia.org/wiki/Opinion_polling_for_the_2027_French_presidential_election,wikipedia_excel_v2,Ifop,,,2024-12-06,2024-12-09,2024-12-09,1101.0,unknown,unknown,unknown,first_round,Hypothèse Jordan Bardella / Marine Tondelier,François Bayrou,MoDem,centre,4.0,,,,,,,1 0.5 3 11 – – – – 7 – – – 4 – – – – – – – 24 1.5 – 6 – – 3 – 35 4,0.8
V2-FR-IFOP-065,https://en.wikipedia.org/wiki/Opinion_polling_for_the_2027_French_presidential_election,wikipedia_excel_v2,Ifop,,,2024-12-06,2024-12-09,2024-12-09,1101.0,unknown,unknown,unknown,first_round,Hypothèse Jordan Bardella / Marine Tondelier,Jordan Bardella,RN,nationalist_right,24.0,,,,,,,1 0.5 3 11 – – – – 7 – – – 4 – – – – – – – 24 1.5 – 6 – – 3 – 35 4,0.8
V2-FR-IFOP-065,https://en.wikipedia.org/wiki/Opinion_polling_for_the_2027_French_presidential_election,wikipedia_excel_v2,Ifop,,,2024-12-06,2024-12-09,2024-12-09,1101.0,unknown,unknown,unknown,first_round,Hypothèse Jordan Bardella / Marine Tondelier,Philippe de Villiers,,droite_souverainiste,1.5,,,,,,,1 0.5 3 11 – – – – 7 – – – 4 – – – – – – – 24 1.5 – 6 – – 3 – 35 4,0.8
V2-FR-IFOP-065,https://en.wikipedia.org/wiki/Opinion_polling_for_the_2027_French_presidential_election,wikipedia_excel_v2,Ifop,,,2024-12-06,2024-12-09,2024-12-09,1101.0,unknown,unknown,unknown,first_round,Hypothèse Jordan Bardella / Marine Tondelier,Éric Zemmour,REC,far_right,6.0,,,,,,,1 0.5 3 11 – – – – 7 – – – 4 – – – – – – – 24 1.5 – 6 – – 3 – 35 4,0.8
V2-FR-IFOP-065,https://en.wikipedia.org/wiki/Opinion_polling_for_the_2027_French_presidential_election,wikipedia_excel_v2,Ifop,,,2024-12-06,2024-12-09,2024-12-09,1101.0,unknown,unknown,unknown,first_round,Hypothèse Jordan Bardella / Marine Tondelier,Sébastien Chenu,RN,droite_nationale,3.0,,,,,,,1 0.5 3 11 – – – – 7 – – – 4 – – – – – – – 24 1.5 – 6 – – 3 – 35 4,0.8
V2-FR-IFOP-066,https://en.wikipedia.org/wiki/Opinion_polling_for_the_2027_French_presidential_election,wikipedia_excel_v2,Ifop,,,2024-12-06,2024-12-09,2024-12-09,1101.0,unknown,unknown,unknown,first_round,Hypothèse Jordan Bardella / Raphaël Glucksmann,Arlette Arthaud,LO,far_left,0.5,,,,,,,0.5 0.5 3 12 – – – 4 – – – – 4.5 – – – – – – – 25 1 – 6 – – 3.5 – 36 4,0.8
V2-FR-IFOP-066,https://en.wikipedia.org/wiki/Opinion_polling_for_the_2027_French_presidential_election,wikipedia_excel_v2,Ifop,,,2024-12-06,2024-12-09,2024-12-09,1101.0,unknown,unknown,unknown,first_round,Hypothèse Jordan Bardella / Raphaël Glucksmann,Philippe Poutou,NPA-A,far_left,0.5,,,,,,,0.5 0.5 3 12 – – – 4 – – – – 4.5 – – – – – – – 25 1 – 6 – – 3.5 – 36 4,0.8
V2-FR-IFOP-066,https://en.wikipedia.org/wiki/Opinion_polling_for_the_2027_French_presidential_election,wikipedia_excel_v2,Ifop,,,2024-12-06,2024-12-09,2024-12-09,1101.0,unknown,unknown,unknown,first_round,Hypothèse Jordan Bardella / Raphaël Glucksmann,Fabien Roussel,PCF,left,3.0,,,,,,,0.5 0.5 3 12 – – – 4 – – – – 4.5 – – – – – – – 25 1 – 6 – – 3.5 – 36 4,0.8
V2-FR-IFOP-066,https://en.wikipedia.org/wiki/Opinion_polling_for_the_2027_French_presidential_election,wikipedia_excel_v2,Ifop,,,2024-12-06,2024-12-09,2024-12-09,1101.0,unknown,unknown,unknown,first_round,Hypothèse Jordan Bardella / Raphaël Glucksmann,Jean-Luc Mélenchon,LFI,left,12.0,,,,,,,0.5 0.5 3 12 – – – 4 – – – – 4.5 – – – – – – – 25 1 – 6 – – 3.5 – 36 4,0.8
V2-FR-IFOP-066,https://en.wikipedia.org/wiki/Opinion_polling_for_the_2027_French_presidential_election,wikipedia_excel_v2,Ifop,,,2024-12-06,2024-12-09,2024-12-09,1101.0,unknown,unknown,unknown,first_round,Hypothèse Jordan Bardella / Raphaël Glucksmann,Raphaël Glucksmann,PP,centre_gauche,4.0,,,,,,,0.5 0.5 3 12 – – – 4 – – – – 4.5 – – – – – – – 25 1 – 6 – – 3.5 – 36 4,0.8
V2-FR-IFOP-066,https://en.wikipedia.org/wiki/Opinion_polling_for_the_2027_French_presidential_election,wikipedia_excel_v2,Ifop,,,2024-12-06,2024-12-09,2024-12-09,1101.0,unknown,unknown,unknown,first_round,Hypothèse Jordan Bardella / Raphaël Glucksmann,François Bayrou,MoDem,centre,4.5,,,,,,,0.5 0.5 3 12 – – – 4 – – – – 4.5 – – – – – – – 25 1 – 6 – – 3.5 – 36 4,0.8
V2-FR-IFOP-066,https://en.wikipedia.org/wiki/Opinion_polling_for_the_2027_French_presidential_election,wikipedia_excel_v2,Ifop,,,2024-12-06,2024-12-09,2024-12-09,1101.0,unknown,unknown,unknown,first_round,Hypothèse Jordan Bardella / Raphaël Glucksmann,Jordan Bardella,RN,nationalist_right,25.0,,,,,,,0.5 0.5 3 12 – – – 4 – – – – 4.5 – – – – – – – 25 1 – 6 – – 3.5 – 36 4,0.8
V2-FR-IFOP-066,https://en.wikipedia.org/wiki/Opinion_polling_for_the_2027_French_presidential_election,wikipedia_excel_v2,Ifop,,,2024-12-06,2024-12-09,2024-12-09,1101.0,unknown,unknown,unknown,first_round,Hypothèse Jordan Bardella / Raphaël Glucksmann,Philippe de Villiers,,droite_souverainiste,1.0,,,,,,,0.5 0.5 3 12 – – – 4 – – – – 4.5 – – – – – – – 25 1 – 6 – – 3.5 – 36 4,0.8
V2-FR-IFOP-066,https://en.wikipedia.org/wiki/Opinion_polling_for_the_2027_French_presidential_election,wikipedia_excel_v2,Ifop,,,2024-12-06,2024-12-09,2024-12-09,1101.0,unknown,unknown,unknown,first_round,Hypothèse Jordan Bardella / Raphaël Glucksmann,Éric Zemmour,REC,far_right,6.0,,,,,,,0.5 0.5 3 12 – – – 4 – – – – 4.5 – – – – – – – 25 1 – 6 – – 3.5 – 36 4,0.8
V2-FR-IFOP-066,https://en.wikipedia.org/wiki/Opinion_polling_for_the_2027_French_presidential_election,wikipedia_excel_v2,Ifop,,,2024-12-06,2024-12-09,2024-12-09,1101.0,unknown,unknown,unknown,first_round,Hypothèse Jordan Bardella / Raphaël Glucksmann,Sébastien Chenu,RN,droite_nationale,3.5,,,,,,,0.5 0.5 3 12 – – – 4 – – – – 4.5 – – – – – – – 25 1 – 6 – – 3.5 – 36 4,0.8
V2-FR-IFOP-067,https://en.wikipedia.org/wiki/Opinion_polling_for_the_2027_French_presidential_election,wikipedia_excel_v2,Ifop,,,2024-12-06,2024-12-09,2024-12-09,1101.0,unknown,unknown,unknown,first_round,Hypothèse Jordan Bardella / Raphaël Glucksmann,Arlette Arthaud,LO,far_left,1.0,,,,,,,1 0.5 3 12 – – – 4 – – – – 5 – – – – – – – 26 1.5 – 6.5 – – 3.5 34 – 3,0.8
V2-FR-IFOP-067,https://en.wikipedia.org/wiki/Opinion_polling_for_the_2027_French_presidential_election,wikipedia_excel_v2,Ifop,,,2024-12-06,2024-12-09,2024-12-09,1101.0,unknown,unknown,unknown,first_round,Hypothèse Jordan Bardella / Raphaël Glucksmann,Philippe Poutou,NPA-A,far_left,0.5,,,,,,,1 0.5 3 12 – – – 4 – – – – 5 – – – – – – – 26 1.5 – 6.5 – – 3.5 34 – 3,0.8
V2-FR-IFOP-067,https://en.wikipedia.org/wiki/Opinion_polling_for_the_2027_French_presidential_election,wikipedia_excel_v2,Ifop,,,2024-12-06,2024-12-09,2024-12-09,1101.0,unknown,unknown,unknown,first_round,Hypothèse Jordan Bardella / Raphaël Glucksmann,Fabien Roussel,PCF,left,3.0,,,,,,,1 0.5 3 12 – – – 4 – – – – 5 – – – – – – – 26 1.5 – 6.5 – – 3.5 34 – 3,0.8
V2-FR-IFOP-067,https://en.wikipedia.org/wiki/Opinion_polling_for_the_2027_French_presidential_election,wikipedia_excel_v2,Ifop,,,2024-12-06,2024-12-09,2024-12-09,1101.0,unknown,unknown,unknown,first_round,Hypothèse Jordan Bardella / Raphaël Glucksmann,Jean-Luc Mélenchon,LFI,left,12.0,,,,,,,1 0.5 3 12 – – – 4 – – – – 5 – – – – – – – 26 1.5 – 6.5 – – 3.5 34 – 3,0.8
V2-FR-IFOP-067,https://en.wikipedia.org/wiki/Opinion_polling_for_the_2027_French_presidential_election,wikipedia_excel_v2,Ifop,,,2024-12-06,2024-12-09,2024-12-09,1101.0,unknown,unknown,unknown,first_round,Hypothèse Jordan Bardella / Raphaël Glucksmann,Raphaël Glucksmann,PP,centre_gauche,4.0,,,,,,,1 0.5 3 12 – – – 4 – – – – 5 – – – – – – – 26 1.5 – 6.5 – – 3.5 34 – 3,0.8
V2-FR-IFOP-067,https://en.wikipedia.org/wiki/Opinion_polling_for_the_2027_French_presidential_election,wikipedia_excel_v2,Ifop,,,2024-12-06,2024-12-09,2024-12-09,1101.0,unknown,unknown,unknown,first_round,Hypothèse Jordan Bardella / Raphaël Glucksmann,François Bayrou,MoDem,centre,5.0,,,,,,,1 0.5 3 12 – – – 4 – – – – 5 – – – – – – – 26 1.5 – 6.5 – – 3.5 34 – 3,0.8
V2-FR-IFOP-067,https://en.wikipedia.org/wiki/Opinion_polling_for_the_2027_French_presidential_election,wikipedia_excel_v2,Ifop,,,2024-12-06,2024-12-09,2024-12-09,1101.0,unknown,unknown,unknown,first_round,Hypothèse Jordan Bardella / Raphaël Glucksmann,Jordan Bardella,RN,nationalist_right,26.0,,,,,,,1 0.5 3 12 – – – 4 – – – – 5 – – – – – – – 26 1.5 – 6.5 – – 3.5 34 – 3,0.8
V2-FR-IFOP-067,https://en.wikipedia.org/wiki/Opinion_polling_for_the_2027_French_presidential_election,wikipedia_excel_v2,Ifop,,,2024-12-06,2024-12-09,2024-12-09,1101.0,unknown,unknown,unknown,first_round,Hypothèse Jordan Bardella / Raphaël Glucksmann,Philippe de Villiers,,droite_souverainiste,1.5,,,,,,,1 0.5 3 12 – – – 4 – – – – 5 – – – – – – – 26 1.5 – 6.5 – – 3.5 34 – 3,0.8
V2-FR-IFOP-067,https://en.wikipedia.org/wiki/Opinion_polling_for_the_2027_French_presidential_election,wikipedia_excel_v2,Ifop,,,2024-12-06,2024-12-09,2024-12-09,1101.0,unknown,unknown,unknown,first_round,Hypothèse Jordan Bardella / Raphaël Glucksmann,Éric Zemmour,REC,far_right,6.5,,,,,,,1 0.5 3 12 – – – 4 – – – – 5 – – – – – – – 26 1.5 – 6.5 – – 3.5 34 – 3,0.8
V2-FR-IFOP-067,https://en.wikipedia.org/wiki/Opinion_polling_for_the_2027_French_presidential_election,wikipedia_excel_v2,Ifop,,,2024-12-06,2024-12-09,2024-12-09,1101.0,unknown,unknown,unknown,first_round,Hypothèse Jordan Bardella / Raphaël Glucksmann,Sébastien Chenu,RN,droite_nationale,3.5,,,,,,,1 0.5 3 12 – – – 4 – – – – 5 – – – – – – – 26 1.5 – 6.5 – – 3.5 34 – 3,0.8
V2-FR-OPINIONWAY-068,https://en.wikipedia.org/wiki/Opinion_polling_for_the_2027_French_presidential_election,wikipedia_excel_v2,OpinionWay,,,2024-09-11,2024-09-12,2024-09-12,1009.0,unknown,unknown,unknown,first_round,Hypothèse Gabriel Attal / Fabien Roussel / Sébastien Lecornu,Fabien Roussel,PCF,left,4.0,,,,,,,– – 4 10 – – – – – 14 – 1 – – – – – – – – 26 – – 5 – – – – 35 5,0.8
V2-FR-OPINIONWAY-068,https://en.wikipedia.org/wiki/Opinion_polling_for_the_2027_French_presidential_election,wikipedia_excel_v2,OpinionWay,,,2024-09-11,2024-09-12,2024-09-12,1009.0,unknown,unknown,unknown,first_round,Hypothèse Gabriel Attal / Fabien Roussel / Sébastien Lecornu,Jean-Luc Mélenchon,LFI,left,10.0,,,,,,,– – 4 10 – – – – – 14 – 1 – – – – – – – – 26 – – 5 – – – – 35 5,0.8
V2-FR-OPINIONWAY-068,https://en.wikipedia.org/wiki/Opinion_polling_for_the_2027_French_presidential_election,wikipedia_excel_v2,OpinionWay,,,2024-09-11,2024-09-12,2024-09-12,1009.0,unknown,unknown,unknown,first_round,Hypothèse Gabriel Attal / Fabien Roussel / Sébastien Lecornu,Gabriel Attal,RE,centre,14.0,,,,,,,– – 4 10 – – – – – 14 – 1 – – – – – – – – 26 – – 5 – – – – 35 5,0.8
V2-FR-OPINIONWAY-068,https://en.wikipedia.org/wiki/Opinion_polling_for_the_2027_French_presidential_election,wikipedia_excel_v2,OpinionWay,,,2024-09-11,2024-09-12,2024-09-12,1009.0,unknown,unknown,unknown,first_round,Hypothèse Gabriel Attal / Fabien Roussel / Sébastien Lecornu,Sébastien Lecornu,RE,centre_droit,1.0,,,,,,,– – 4 10 – – – – – 14 – 1 – – – – – – – – 26 – – 5 – – – – 35 5,0.8
V2-FR-OPINIONWAY-068,https://en.wikipedia.org/wiki/Opinion_polling_for_the_2027_French_presidential_election,wikipedia_excel_v2,OpinionWay,,,2024-09-11,2024-09-12,2024-09-12,1009.0,unknown,unknown,unknown,first_round,Hypothèse Gabriel Attal / Fabien Roussel / Sébastien Lecornu,Jordan Bardella,RN,nationalist_right,26.0,,,,,,,– – 4 10 – – – – – 14 – 1 – – – – – – – – 26 – – 5 – – – – 35 5,0.8
V2-FR-OPINIONWAY-068,https://en.wikipedia.org/wiki/Opinion_polling_for_the_2027_French_presidential_election,wikipedia_excel_v2,OpinionWay,,,2024-09-11,2024-09-12,2024-09-12,1009.0,unknown,unknown,unknown,first_round,Hypothèse Gabriel Attal / Fabien Roussel / Sébastien Lecornu,Éric Zemmour,REC,far_right,5.0,,,,,,,– – 4 10 – – – – – 14 – 1 – – – – – – – – 26 – – 5 – – – – 35 5,0.8
V2-FR-OPINIONWAY-069,https://en.wikipedia.org/wiki/Opinion_polling_for_the_2027_French_presidential_election,wikipedia_excel_v2,OpinionWay,,,2024-09-11,2024-09-12,2024-09-12,1009.0,unknown,unknown,unknown,first_round,Hypothèse Arlette Arthaud / Philippe Poutou / Sarah Knafo,Arlette Arthaud,LO,far_left,1.0,,,,,,,1 2 – 15 – – – – – – – – – – – – – – – – 31 – 7 – – – – – 40 4,0.8
V2-FR-OPINIONWAY-069,https://en.wikipedia.org/wiki/Opinion_polling_for_the_2027_French_presidential_election,wikipedia_excel_v2,OpinionWay,,,2024-09-11,2024-09-12,2024-09-12,1009.0,unknown,unknown,unknown,first_round,Hypothèse Arlette Arthaud / Philippe Poutou / Sarah Knafo,Philippe Poutou,NPA-A,far_left,2.0,,,,,,,1 2 – 15 – – – – – – – – – – – – – – – – 31 – 7 – – – – – 40 4,0.8
V2-FR-OPINIONWAY-069,https://en.wikipedia.org/wiki/Opinion_polling_for_the_2027_French_presidential_election,wikipedia_excel_v2,OpinionWay,,,2024-09-11,2024-09-12,2024-09-12,1009.0,unknown,unknown,unknown,first_round,Hypothèse Arlette Arthaud / Philippe Poutou / Sarah Knafo,Jean-Luc Mélenchon,LFI,left,15.0,,,,,,,1 2 – 15 – – – – – – – – – – – – – – – – 31 – 7 – – – – – 40 4,0.8
V2-FR-OPINIONWAY-069,https://en.wikipedia.org/wiki/Opinion_polling_for_the_2027_French_presidential_election,wikipedia_excel_v2,OpinionWay,,,2024-09-11,2024-09-12,2024-09-12,1009.0,unknown,unknown,unknown,first_round,Hypothèse Arlette Arthaud / Philippe Poutou / Sarah Knafo,Jordan Bardella,RN,nationalist_right,31.0,,,,,,,1 2 – 15 – – – – – – – – – – – – – – – – 31 – 7 – – – – – 40 4,0.8
V2-FR-OPINIONWAY-069,https://en.wikipedia.org/wiki/Opinion_polling_for_the_2027_French_presidential_election,wikipedia_excel_v2,OpinionWay,,,2024-09-11,2024-09-12,2024-09-12,1009.0,unknown,unknown,unknown,first_round,Hypothèse Arlette Arthaud / Philippe Poutou / Sarah Knafo,Sarah Knafo,REC,extrême_droite,7.0,,,,,,,1 2 – 15 – – – – – – – – – – – – – – – – 31 – 7 – – – – – 40 4,0.8
V2-FR-OPINIONWAY-070,https://en.wikipedia.org/wiki/Opinion_polling_for_the_2027_French_presidential_election,wikipedia_excel_v2,OpinionWay,,,2024-09-11,2024-09-12,2024-09-12,1009.0,unknown,unknown,unknown,first_round,Hypothèse Édouard Philippe / Gabriel Attal / Fabien Roussel,Fabien Roussel,PCF,left,3.0,,,,,,,– – 3 10 – – – – – 12 – 1 – 8 – – – – – – 23 – – 5 – – – – 34 4,0.8
V2-FR-OPINIONWAY-070,https://en.wikipedia.org/wiki/Opinion_polling_for_the_2027_French_presidential_election,wikipedia_excel_v2,OpinionWay,,,2024-09-11,2024-09-12,2024-09-12,1009.0,unknown,unknown,unknown,first_round,Hypothèse Édouard Philippe / Gabriel Attal / Fabien Roussel,Jean-Luc Mélenchon,LFI,left,10.0,,,,,,,– – 3 10 – – – – – 12 – 1 – 8 – – – – – – 23 – – 5 – – – – 34 4,0.8
V2-FR-OPINIONWAY-070,https://en.wikipedia.org/wiki/Opinion_polling_for_the_2027_French_presidential_election,wikipedia_excel_v2,OpinionWay,,,2024-09-11,2024-09-12,2024-09-12,1009.0,unknown,unknown,unknown,first_round,Hypothèse Édouard Philippe / Gabriel Attal / Fabien Roussel,Gabriel Attal,RE,centre,12.0,,,,,,,– – 3 10 – – – – – 12 – 1 – 8 – – – – – – 23 – – 5 – – – – 34 4,0.8
V2-FR-OPINIONWAY-070,https://en.wikipedia.org/wiki/Opinion_polling_for_the_2027_French_presidential_election,wikipedia_excel_v2,OpinionWay,,,2024-09-11,2024-09-12,2024-09-12,1009.0,unknown,unknown,unknown,first_round,Hypothèse Édouard Philippe / Gabriel Attal / Fabien Roussel,Sébastien Lecornu,RE,centre_droit,1.0,,,,,,,– – 3 10 – – – – – 12 – 1 – 8 – – – – – – 23 – – 5 – – – – 34 4,0.8
V2-FR-OPINIONWAY-070,https://en.wikipedia.org/wiki/Opinion_polling_for_the_2027_French_presidential_election,wikipedia_excel_v2,OpinionWay,,,2024-09-11,2024-09-12,2024-09-12,1009.0,unknown,unknown,unknown,first_round,Hypothèse Édouard Philippe / Gabriel Attal / Fabien Roussel,Édouard Philippe,HOR,centre,8.0,,,,,,,– – 3 10 – – – – – 12 – 1 – 8 – – – – – – 23 – – 5 – – – – 34 4,0.8
V2-FR-OPINIONWAY-070,https://en.wikipedia.org/wiki/Opinion_polling_for_the_2027_French_presidential_election,wikipedia_excel_v2,OpinionWay,,,2024-09-11,2024-09-12,2024-09-12,1009.0,unknown,unknown,unknown,first_round,Hypothèse Édouard Philippe / Gabriel Attal / Fabien Roussel,Jordan Bardella,RN,nationalist_right,23.0,,,,,,,– – 3 10 – – – – – 12 – 1 – 8 – – – – – – 23 – – 5 – – – – 34 4,0.8
V2-FR-OPINIONWAY-070,https://en.wikipedia.org/wiki/Opinion_polling_for_the_2027_French_presidential_election,wikipedia_excel_v2,OpinionWay,,,2024-09-11,2024-09-12,2024-09-12,1009.0,unknown,unknown,unknown,first_round,Hypothèse Édouard Philippe / Gabriel Attal / Fabien Roussel,Éric Zemmour,REC,far_right,5.0,,,,,,,– – 3 10 – – – – – 12 – 1 – 8 – – – – – – 23 – – 5 – – – – 34 4,0.8
V2-FR-OPINIONWAY-071,https://en.wikipedia.org/wiki/Opinion_polling_for_the_2027_French_presidential_election,wikipedia_excel_v2,OpinionWay,,,2024-09-11,2024-09-12,2024-09-12,1009.0,unknown,unknown,unknown,first_round,Hypothèse Édouard Philippe / Arlette Arthaud / Philippe Poutou,Arlette Arthaud,LO,far_left,1.0,,,,,,,1 2 – 14 – – – – – – – – – 10 – – – – – – 25 – – 6 – – – – 38 4,0.8
V2-FR-OPINIONWAY-071,https://en.wikipedia.org/wiki/Opinion_polling_for_the_2027_French_presidential_election,wikipedia_excel_v2,OpinionWay,,,2024-09-11,2024-09-12,2024-09-12,1009.0,unknown,unknown,unknown,first_round,Hypothèse Édouard Philippe / Arlette Arthaud / Philippe Poutou,Philippe Poutou,NPA-A,far_left,2.0,,,,,,,1 2 – 14 – – – – – – – – – 10 – – – – – – 25 – – 6 – – – – 38 4,0.8
V2-FR-OPINIONWAY-071,https://en.wikipedia.org/wiki/Opinion_polling_for_the_2027_French_presidential_election,wikipedia_excel_v2,OpinionWay,,,2024-09-11,2024-09-12,2024-09-12,1009.0,unknown,unknown,unknown,first_round,Hypothèse Édouard Philippe / Arlette Arthaud / Philippe Poutou,Jean-Luc Mélenchon,LFI,left,14.0,,,,,,,1 2 – 14 – – – – – – – – – 10 – – – – – – 25 – – 6 – – – – 38 4,0.8
V2-FR-OPINIONWAY-071,https://en.wikipedia.org/wiki/Opinion_polling_for_the_2027_French_presidential_election,wikipedia_excel_v2,OpinionWay,,,2024-09-11,2024-09-12,2024-09-12,1009.0,unknown,unknown,unknown,first_round,Hypothèse Édouard Philippe / Arlette Arthaud / Philippe Poutou,Édouard Philippe,HOR,centre,10.0,,,,,,,1 2 – 14 – – – – – – – – – 10 – – – – – – 25 – – 6 – – – – 38 4,0.8
V2-FR-OPINIONWAY-071,https://en.wikipedia.org/wiki/Opinion_polling_for_the_2027_French_presidential_election,wikipedia_excel_v2,OpinionWay,,,2024-09-11,2024-09-12,2024-09-12,1009.0,unknown,unknown,unknown,first_round,Hypothèse Édouard Philippe / Arlette Arthaud / Philippe Poutou,Jordan Bardella,RN,nationalist_right,25.0,,,,,,,1 2 – 14 – – – – – – – – – 10 – – – – – – 25 – – 6 – – – – 38 4,0.8
V2-FR-OPINIONWAY-071,https://en.wikipedia.org/wiki/Opinion_polling_for_the_2027_French_presidential_election,wikipedia_excel_v2,OpinionWay,,,2024-09-11,2024-09-12,2024-09-12,1009.0,unknown,unknown,unknown,first_round,Hypothèse Édouard Philippe / Arlette Arthaud / Philippe Poutou,Éric Zemmour,REC,far_right,6.0,,,,,,,1 2 – 14 – – – – – – – – – 10 – – – – – – 25 – – 6 – – – – 38 4,0.8
V2-FR-OPINIONWAY-072,https://en.wikipedia.org/wiki/Opinion_polling_for_the_2027_French_presidential_election,wikipedia_excel_v2,OpinionWay,,,2024-09-11,2024-09-12,2024-09-12,1009.0,unknown,unknown,unknown,first_round,Hypothèse Gabriel Attal / François Ruffin / Sébastien Lecornu,Jean-Luc Mélenchon,LFI,left,4.0,,,,,,,– – – 4 10 – – – – 14 – 1 – – – – – – – – 28 – – 4 – – – 35 – 4,0.8
V2-FR-OPINIONWAY-072,https://en.wikipedia.org/wiki/Opinion_polling_for_the_2027_French_presidential_election,wikipedia_excel_v2,OpinionWay,,,2024-09-11,2024-09-12,2024-09-12,1009.0,unknown,unknown,unknown,first_round,Hypothèse Gabriel Attal / François Ruffin / Sébastien Lecornu,François Ruffin,,gauche,10.0,,,,,,,– – – 4 10 – – – – 14 – 1 – – – – – – – – 28 – – 4 – – – 35 – 4,0.8
V2-FR-OPINIONWAY-072,https://en.wikipedia.org/wiki/Opinion_polling_for_the_2027_French_presidential_election,wikipedia_excel_v2,OpinionWay,,,2024-09-11,2024-09-12,2024-09-12,1009.0,unknown,unknown,unknown,first_round,Hypothèse Gabriel Attal / François Ruffin / Sébastien Lecornu,Gabriel Attal,RE,centre,14.0,,,,,,,– – – 4 10 – – – – 14 – 1 – – – – – – – – 28 – – 4 – – – 35 – 4,0.8
V2-FR-OPINIONWAY-072,https://en.wikipedia.org/wiki/Opinion_polling_for_the_2027_French_presidential_election,wikipedia_excel_v2,OpinionWay,,,2024-09-11,2024-09-12,2024-09-12,1009.0,unknown,unknown,unknown,first_round,Hypothèse Gabriel Attal / François Ruffin / Sébastien Lecornu,Sébastien Lecornu,RE,centre_droit,1.0,,,,,,,– – – 4 10 – – – – 14 – 1 – – – – – – – – 28 – – 4 – – – 35 – 4,0.8
V2-FR-OPINIONWAY-072,https://en.wikipedia.org/wiki/Opinion_polling_for_the_2027_French_presidential_election,wikipedia_excel_v2,OpinionWay,,,2024-09-11,2024-09-12,2024-09-12,1009.0,unknown,unknown,unknown,first_round,Hypothèse Gabriel Attal / François Ruffin / Sébastien Lecornu,Jordan Bardella,RN,nationalist_right,28.0,,,,,,,– – – 4 10 – – – – 14 – 1 – – – – – – – – 28 – – 4 – – – 35 – 4,0.8
V2-FR-OPINIONWAY-072,https://en.wikipedia.org/wiki/Opinion_polling_for_the_2027_French_presidential_election,wikipedia_excel_v2,OpinionWay,,,2024-09-11,2024-09-12,2024-09-12,1009.0,unknown,unknown,unknown,first_round,Hypothèse Gabriel Attal / François Ruffin / Sébastien Lecornu,Éric Zemmour,REC,far_right,4.0,,,,,,,– – – 4 10 – – – – 14 – 1 – – – – – – – – 28 – – 4 – – – 35 – 4,0.8
V2-FR-OPINIONWAY-073,https://en.wikipedia.org/wiki/Opinion_polling_for_the_2027_French_presidential_election,wikipedia_excel_v2,OpinionWay,,,2024-09-11,2024-09-12,2024-09-12,1009.0,unknown,unknown,unknown,first_round,Hypothèse Gabriel Attal / Fabien Roussel / Michel-Édouard Leclerc,Fabien Roussel,PCF,left,4.0,,,,,,,– – 4 10 – – – – – 14 – 1 – – – – – – – – 27 – – – 4 – – – 36 4,0.8
V2-FR-OPINIONWAY-073,https://en.wikipedia.org/wiki/Opinion_polling_for_the_2027_French_presidential_election,wikipedia_excel_v2,OpinionWay,,,2024-09-11,2024-09-12,2024-09-12,1009.0,unknown,unknown,unknown,first_round,Hypothèse Gabriel Attal / Fabien Roussel / Michel-Édouard Leclerc,Jean-Luc Mélenchon,LFI,left,10.0,,,,,,,– – 4 10 – – – – – 14 – 1 – – – – – – – – 27 – – – 4 – – – 36 4,0.8
V2-FR-OPINIONWAY-073,https://en.wikipedia.org/wiki/Opinion_polling_for_the_2027_French_presidential_election,wikipedia_excel_v2,OpinionWay,,,2024-09-11,2024-09-12,2024-09-12,1009.0,unknown,unknown,unknown,first_round,Hypothèse Gabriel Attal / Fabien Roussel / Michel-Édouard Leclerc,Gabriel Attal,RE,centre,14.0,,,,,,,– – 4 10 – – – – – 14 – 1 – – – – – – – – 27 – – – 4 – – – 36 4,0.8
V2-FR-OPINIONWAY-073,https://en.wikipedia.org/wiki/Opinion_polling_for_the_2027_French_presidential_election,wikipedia_excel_v2,OpinionWay,,,2024-09-11,2024-09-12,2024-09-12,1009.0,unknown,unknown,unknown,first_round,Hypothèse Gabriel Attal / Fabien Roussel / Michel-Édouard Leclerc,Sébastien Lecornu,RE,centre_droit,1.0,,,,,,,– – 4 10 – – – – – 14 – 1 – – – – – – – – 27 – – – 4 – – – 36 4,0.8
V2-FR-OPINIONWAY-073,https://en.wikipedia.org/wiki/Opinion_polling_for_the_2027_French_presidential_election,wikipedia_excel_v2,OpinionWay,,,2024-09-11,2024-09-12,2024-09-12,1009.0,unknown,unknown,unknown,first_round,Hypothèse Gabriel Attal / Fabien Roussel / Michel-Édouard Leclerc,Jordan Bardella,RN,nationalist_right,27.0,,,,,,,– – 4 10 – – – – – 14 – 1 – – – – – – – – 27 – – – 4 – – – 36 4,0.8
V2-FR-OPINIONWAY-073,https://en.wikipedia.org/wiki/Opinion_polling_for_the_2027_French_presidential_election,wikipedia_excel_v2,OpinionWay,,,2024-09-11,2024-09-12,2024-09-12,1009.0,unknown,unknown,unknown,first_round,Hypothèse Gabriel Attal / Fabien Roussel / Michel-Édouard Leclerc,Michel-Édouard Leclerc,,hors_champ,4.0,,,,,,,– – 4 10 – – – – – 14 – 1 – – – – – – – – 27 – – – 4 – – – 36 4,0.8
V2-FR-IFOP-074,https://en.wikipedia.org/wiki/Opinion_polling_for_the_2027_French_presidential_election,wikipedia_excel_v2,Ifop,,,2024-09-06,2024-09-09,2024-09-09,1107.0,unknown,unknown,unknown,first_round,Hypothèse Édouard Philippe / Raphaël Glucksmann,Arlette Arthaud,LO,far_left,1.0,,,,,,,1 1 6 10 – – – 4 – – – – 6 24 – – – – – – – 3 – 5 – – 2 – 35 3,0.8
V2-FR-IFOP-074,https://en.wikipedia.org/wiki/Opinion_polling_for_the_2027_French_presidential_election,wikipedia_excel_v2,Ifop,,,2024-09-06,2024-09-09,2024-09-09,1107.0,unknown,unknown,unknown,first_round,Hypothèse Édouard Philippe / Raphaël Glucksmann,Philippe Poutou,NPA-A,far_left,1.0,,,,,,,1 1 6 10 – – – 4 – – – – 6 24 – – – – – – – 3 – 5 – – 2 – 35 3,0.8
V2-FR-IFOP-074,https://en.wikipedia.org/wiki/Opinion_polling_for_the_2027_French_presidential_election,wikipedia_excel_v2,Ifop,,,2024-09-06,2024-09-09,2024-09-09,1107.0,unknown,unknown,unknown,first_round,Hypothèse Édouard Philippe / Raphaël Glucksmann,Fabien Roussel,PCF,left,6.0,,,,,,,1 1 6 10 – – – 4 – – – – 6 24 – – – – – – – 3 – 5 – – 2 – 35 3,0.8
V2-FR-IFOP-074,https://en.wikipedia.org/wiki/Opinion_polling_for_the_2027_French_presidential_election,wikipedia_excel_v2,Ifop,,,2024-09-06,2024-09-09,2024-09-09,1107.0,unknown,unknown,unknown,first_round,Hypothèse Édouard Philippe / Raphaël Glucksmann,Jean-Luc Mélenchon,LFI,left,10.0,,,,,,,1 1 6 10 – – – 4 – – – – 6 24 – – – – – – – 3 – 5 – – 2 – 35 3,0.8
V2-FR-IFOP-074,https://en.wikipedia.org/wiki/Opinion_polling_for_the_2027_French_presidential_election,wikipedia_excel_v2,Ifop,,,2024-09-06,2024-09-09,2024-09-09,1107.0,unknown,unknown,unknown,first_round,Hypothèse Édouard Philippe / Raphaël Glucksmann,Raphaël Glucksmann,PP,centre_gauche,4.0,,,,,,,1 1 6 10 – – – 4 – – – – 6 24 – – – – – – – 3 – 5 – – 2 – 35 3,0.8
V2-FR-IFOP-074,https://en.wikipedia.org/wiki/Opinion_polling_for_the_2027_French_presidential_election,wikipedia_excel_v2,Ifop,,,2024-09-06,2024-09-09,2024-09-09,1107.0,unknown,unknown,unknown,first_round,Hypothèse Édouard Philippe / Raphaël Glucksmann,François Bayrou,MoDem,centre,6.0,,,,,,,1 1 6 10 – – – 4 – – – – 6 24 – – – – – – – 3 – 5 – – 2 – 35 3,0.8
V2-FR-IFOP-074,https://en.wikipedia.org/wiki/Opinion_polling_for_the_2027_French_presidential_election,wikipedia_excel_v2,Ifop,,,2024-09-06,2024-09-09,2024-09-09,1107.0,unknown,unknown,unknown,first_round,Hypothèse Édouard Philippe / Raphaël Glucksmann,Édouard Philippe,HOR,centre,24.0,,,,,,,1 1 6 10 – – – 4 – – – – 6 24 – – – – – – – 3 – 5 – – 2 – 35 3,0.8
V2-FR-IFOP-074,https://en.wikipedia.org/wiki/Opinion_polling_for_the_2027_French_presidential_election,wikipedia_excel_v2,Ifop,,,2024-09-06,2024-09-09,2024-09-09,1107.0,unknown,unknown,unknown,first_round,Hypothèse Édouard Philippe / Raphaël Glucksmann,Philippe de Villiers,,droite_souverainiste,3.0,,,,,,,1 1 6 10 – – – 4 – – – – 6 24 – – – – – – – 3 – 5 – – 2 – 35 3,0.8
V2-FR-IFOP-074,https://en.wikipedia.org/wiki/Opinion_polling_for_the_2027_French_presidential_election,wikipedia_excel_v2,Ifop,,,2024-09-06,2024-09-09,2024-09-09,1107.0,unknown,unknown,unknown,first_round,Hypothèse Édouard Philippe / Raphaël Glucksmann,Éric Zemmour,REC,far_right,5.0,,,,,,,1 1 6 10 – – – 4 – – – – 6 24 – – – – – – – 3 – 5 – – 2 – 35 3,0.8
V2-FR-IFOP-074,https://en.wikipedia.org/wiki/Opinion_polling_for_the_2027_French_presidential_election,wikipedia_excel_v2,Ifop,,,2024-09-06,2024-09-09,2024-09-09,1107.0,unknown,unknown,unknown,first_round,Hypothèse Édouard Philippe / Raphaël Glucksmann,Sébastien Chenu,RN,droite_nationale,2.0,,,,,,,1 1 6 10 – – – 4 – – – – 6 24 – – – – – – – 3 – 5 – – 2 – 35 3,0.8
V2-FR-IFOP-075,https://en.wikipedia.org/wiki/Opinion_polling_for_the_2027_French_presidential_election,wikipedia_excel_v2,Ifop,,,2024-09-06,2024-09-09,2024-09-09,1107.0,unknown,unknown,unknown,first_round,Hypothèse Édouard Philippe / Marine Tondelier,Arlette Arthaud,LO,far_left,1.0,,,,,,,1 1 5 10 – – – – 8 – – – 5 22 – – – – – – – 3 – 5 – – 2 – 35 3,0.8
V2-FR-IFOP-075,https://en.wikipedia.org/wiki/Opinion_polling_for_the_2027_French_presidential_election,wikipedia_excel_v2,Ifop,,,2024-09-06,2024-09-09,2024-09-09,1107.0,unknown,unknown,unknown,first_round,Hypothèse Édouard Philippe / Marine Tondelier,Philippe Poutou,NPA-A,far_left,1.0,,,,,,,1 1 5 10 – – – – 8 – – – 5 22 – – – – – – – 3 – 5 – – 2 – 35 3,0.8
V2-FR-IFOP-075,https://en.wikipedia.org/wiki/Opinion_polling_for_the_2027_French_presidential_election,wikipedia_excel_v2,Ifop,,,2024-09-06,2024-09-09,2024-09-09,1107.0,unknown,unknown,unknown,first_round,Hypothèse Édouard Philippe / Marine Tondelier,Fabien Roussel,PCF,left,5.0,,,,,,,1 1 5 10 – – – – 8 – – – 5 22 – – – – – – – 3 – 5 – – 2 – 35 3,0.8
V2-FR-IFOP-075,https://en.wikipedia.org/wiki/Opinion_polling_for_the_2027_French_presidential_election,wikipedia_excel_v2,Ifop,,,2024-09-06,2024-09-09,2024-09-09,1107.0,unknown,unknown,unknown,first_round,Hypothèse Édouard Philippe / Marine Tondelier,Jean-Luc Mélenchon,LFI,left,10.0,,,,,,,1 1 5 10 – – – – 8 – – – 5 22 – – – – – – – 3 – 5 – – 2 – 35 3,0.8
V2-FR-IFOP-075,https://en.wikipedia.org/wiki/Opinion_polling_for_the_2027_French_presidential_election,wikipedia_excel_v2,Ifop,,,2024-09-06,2024-09-09,2024-09-09,1107.0,unknown,unknown,unknown,first_round,Hypothèse Édouard Philippe / Marine Tondelier,Marine Tondelier,LE,écologistes,8.0,,,,,,,1 1 5 10 – – – – 8 – – – 5 22 – – – – – – – 3 – 5 – – 2 – 35 3,0.8
V2-FR-IFOP-075,https://en.wikipedia.org/wiki/Opinion_polling_for_the_2027_French_presidential_election,wikipedia_excel_v2,Ifop,,,2024-09-06,2024-09-09,2024-09-09,1107.0,unknown,unknown,unknown,first_round,Hypothèse Édouard Philippe / Marine Tondelier,François Bayrou,MoDem,centre,5.0,,,,,,,1 1 5 10 – – – – 8 – – – 5 22 – – – – – – – 3 – 5 – – 2 – 35 3,0.8
V2-FR-IFOP-075,https://en.wikipedia.org/wiki/Opinion_polling_for_the_2027_French_presidential_election,wikipedia_excel_v2,Ifop,,,2024-09-06,2024-09-09,2024-09-09,1107.0,unknown,unknown,unknown,first_round,Hypothèse Édouard Philippe / Marine Tondelier,Édouard Philippe,HOR,centre,22.0,,,,,,,1 1 5 10 – – – – 8 – – – 5 22 – – – – – – – 3 – 5 – – 2 – 35 3,0.8
V2-FR-IFOP-075,https://en.wikipedia.org/wiki/Opinion_polling_for_the_2027_French_presidential_election,wikipedia_excel_v2,Ifop,,,2024-09-06,2024-09-09,2024-09-09,1107.0,unknown,unknown,unknown,first_round,Hypothèse Édouard Philippe / Marine Tondelier,Philippe de Villiers,,droite_souverainiste,3.0,,,,,,,1 1 5 10 – – – – 8 – – – 5 22 – – – – – – – 3 – 5 – – 2 – 35 3,0.8
V2-FR-IFOP-075,https://en.wikipedia.org/wiki/Opinion_polling_for_the_2027_French_presidential_election,wikipedia_excel_v2,Ifop,,,2024-09-06,2024-09-09,2024-09-09,1107.0,unknown,unknown,unknown,first_round,Hypothèse Édouard Philippe / Marine Tondelier,Éric Zemmour,REC,far_right,5.0,,,,,,,1 1 5 10 – – – – 8 – – – 5 22 – – – – – – – 3 – 5 – – 2 – 35 3,0.8
V2-FR-IFOP-075,https://en.wikipedia.org/wiki/Opinion_polling_for_the_2027_French_presidential_election,wikipedia_excel_v2,Ifop,,,2024-09-06,2024-09-09,2024-09-09,1107.0,unknown,unknown,unknown,first_round,Hypothèse Édouard Philippe / Marine Tondelier,Sébastien Chenu,RN,droite_nationale,2.0,,,,,,,1 1 5 10 – – – – 8 – – – 5 22 – – – – – – – 3 – 5 – – 2 – 35 3,0.8
V2-FR-IFOP-076,https://en.wikipedia.org/wiki/Opinion_polling_for_the_2027_French_presidential_election,wikipedia_excel_v2,Ifop,,,2024-09-06,2024-09-09,2024-09-09,1107.0,unknown,unknown,unknown,first_round,Hypothèse Jordan Bardella / Raphaël Glucksmann,Arlette Arthaud,LO,far_left,1.0,,,,,,,1 1.5 6 9 – – – 4 – – – – 5 – – – – – – – 27 3 – 4 – – 2 – 34 3.5,0.8
V2-FR-IFOP-076,https://en.wikipedia.org/wiki/Opinion_polling_for_the_2027_French_presidential_election,wikipedia_excel_v2,Ifop,,,2024-09-06,2024-09-09,2024-09-09,1107.0,unknown,unknown,unknown,first_round,Hypothèse Jordan Bardella / Raphaël Glucksmann,Philippe Poutou,NPA-A,far_left,1.5,,,,,,,1 1.5 6 9 – – – 4 – – – – 5 – – – – – – – 27 3 – 4 – – 2 – 34 3.5,0.8
V2-FR-IFOP-076,https://en.wikipedia.org/wiki/Opinion_polling_for_the_2027_French_presidential_election,wikipedia_excel_v2,Ifop,,,2024-09-06,2024-09-09,2024-09-09,1107.0,unknown,unknown,unknown,first_round,Hypothèse Jordan Bardella / Raphaël Glucksmann,Fabien Roussel,PCF,left,6.0,,,,,,,1 1.5 6 9 – – – 4 – – – – 5 – – – – – – – 27 3 – 4 – – 2 – 34 3.5,0.8
V2-FR-IFOP-076,https://en.wikipedia.org/wiki/Opinion_polling_for_the_2027_French_presidential_election,wikipedia_excel_v2,Ifop,,,2024-09-06,2024-09-09,2024-09-09,1107.0,unknown,unknown,unknown,first_round,Hypothèse Jordan Bardella / Raphaël Glucksmann,Jean-Luc Mélenchon,LFI,left,9.0,,,,,,,1 1.5 6 9 – – – 4 – – – – 5 – – – – – – – 27 3 – 4 – – 2 – 34 3.5,0.8
V2-FR-IFOP-076,https://en.wikipedia.org/wiki/Opinion_polling_for_the_2027_French_presidential_election,wikipedia_excel_v2,Ifop,,,2024-09-06,2024-09-09,2024-09-09,1107.0,unknown,unknown,unknown,first_round,Hypothèse Jordan Bardella / Raphaël Glucksmann,Raphaël Glucksmann,PP,centre_gauche,4.0,,,,,,,1 1.5 6 9 – – – 4 – – – – 5 – – – – – – – 27 3 – 4 – – 2 – 34 3.5,0.8
V2-FR-IFOP-076,https://en.wikipedia.org/wiki/Opinion_polling_for_the_2027_French_presidential_election,wikipedia_excel_v2,Ifop,,,2024-09-06,2024-09-09,2024-09-09,1107.0,unknown,unknown,unknown,first_round,Hypothèse Jordan Bardella / Raphaël Glucksmann,François Bayrou,MoDem,centre,5.0,,,,,,,1 1.5 6 9 – – – 4 – – – – 5 – – – – – – – 27 3 – 4 – – 2 – 34 3.5,0.8
V2-FR-IFOP-076,https://en.wikipedia.org/wiki/Opinion_polling_for_the_2027_French_presidential_election,wikipedia_excel_v2,Ifop,,,2024-09-06,2024-09-09,2024-09-09,1107.0,unknown,unknown,unknown,first_round,Hypothèse Jordan Bardella / Raphaël Glucksmann,Jordan Bardella,RN,nationalist_right,27.0,,,,,,,1 1.5 6 9 – – – 4 – – – – 5 – – – – – – – 27 3 – 4 – – 2 – 34 3.5,0.8
V2-FR-IFOP-076,https://en.wikipedia.org/wiki/Opinion_polling_for_the_2027_French_presidential_election,wikipedia_excel_v2,Ifop,,,2024-09-06,2024-09-09,2024-09-09,1107.0,unknown,unknown,unknown,first_round,Hypothèse Jordan Bardella / Raphaël Glucksmann,Philippe de Villiers,,droite_souverainiste,3.0,,,,,,,1 1.5 6 9 – – – 4 – – – – 5 – – – – – – – 27 3 – 4 – – 2 – 34 3.5,0.8
V2-FR-IFOP-076,https://en.wikipedia.org/wiki/Opinion_polling_for_the_2027_French_presidential_election,wikipedia_excel_v2,Ifop,,,2024-09-06,2024-09-09,2024-09-09,1107.0,unknown,unknown,unknown,first_round,Hypothèse Jordan Bardella / Raphaël Glucksmann,Éric Zemmour,REC,far_right,4.0,,,,,,,1 1.5 6 9 – – – 4 – – – – 5 – – – – – – – 27 3 – 4 – – 2 – 34 3.5,0.8
V2-FR-IFOP-076,https://en.wikipedia.org/wiki/Opinion_polling_for_the_2027_French_presidential_election,wikipedia_excel_v2,Ifop,,,2024-09-06,2024-09-09,2024-09-09,1107.0,unknown,unknown,unknown,first_round,Hypothèse Jordan Bardella / Raphaël Glucksmann,Sébastien Chenu,RN,droite_nationale,2.0,,,,,,,1 1.5 6 9 – – – 4 – – – – 5 – – – – – – – 27 3 – 4 – – 2 – 34 3.5,0.8
V2-FR-IFOP-077,https://en.wikipedia.org/wiki/Opinion_polling_for_the_2027_French_presidential_election,wikipedia_excel_v2,Ifop,,,2024-09-06,2024-09-09,2024-09-09,1107.0,unknown,unknown,unknown,first_round,Hypothèse Jordan Bardella / Marine Tondelier,Arlette Arthaud,LO,far_left,0.5,,,,,,,0.5 1 6 9.5 – – – – 7 – – – 5 – – – – – – – 26 2 – 4 – – 2 – 34 3,0.8
V2-FR-IFOP-077,https://en.wikipedia.org/wiki/Opinion_polling_for_the_2027_French_presidential_election,wikipedia_excel_v2,Ifop,,,2024-09-06,2024-09-09,2024-09-09,1107.0,unknown,unknown,unknown,first_round,Hypothèse Jordan Bardella / Marine Tondelier,Philippe Poutou,NPA-A,far_left,1.0,,,,,,,0.5 1 6 9.5 – – – – 7 – – – 5 – – – – – – – 26 2 – 4 – – 2 – 34 3,0.8
V2-FR-IFOP-077,https://en.wikipedia.org/wiki/Opinion_polling_for_the_2027_French_presidential_election,wikipedia_excel_v2,Ifop,,,2024-09-06,2024-09-09,2024-09-09,1107.0,unknown,unknown,unknown,first_round,Hypothèse Jordan Bardella / Marine Tondelier,Fabien Roussel,PCF,left,6.0,,,,,,,0.5 1 6 9.5 – – – – 7 – – – 5 – – – – – – – 26 2 – 4 – – 2 – 34 3,0.8
V2-FR-IFOP-077,https://en.wikipedia.org/wiki/Opinion_polling_for_the_2027_French_presidential_election,wikipedia_excel_v2,Ifop,,,2024-09-06,2024-09-09,2024-09-09,1107.0,unknown,unknown,unknown,first_round,Hypothèse Jordan Bardella / Marine Tondelier,Jean-Luc Mélenchon,LFI,left,9.5,,,,,,,0.5 1 6 9.5 – – – – 7 – – – 5 – – – – – – – 26 2 – 4 – – 2 – 34 3,0.8
V2-FR-IFOP-077,https://en.wikipedia.org/wiki/Opinion_polling_for_the_2027_French_presidential_election,wikipedia_excel_v2,Ifop,,,2024-09-06,2024-09-09,2024-09-09,1107.0,unknown,unknown,unknown,first_round,Hypothèse Jordan Bardella / Marine Tondelier,Marine Tondelier,LE,écologistes,7.0,,,,,,,0.5 1 6 9.5 – – – – 7 – – – 5 – – – – – – – 26 2 – 4 – – 2 – 34 3,0.8
V2-FR-IFOP-077,https://en.wikipedia.org/wiki/Opinion_polling_for_the_2027_French_presidential_election,wikipedia_excel_v2,Ifop,,,2024-09-06,2024-09-09,2024-09-09,1107.0,unknown,unknown,unknown,first_round,Hypothèse Jordan Bardella / Marine Tondelier,François Bayrou,MoDem,centre,5.0,,,,,,,0.5 1 6 9.5 – – – – 7 – – – 5 – – – – – – – 26 2 – 4 – – 2 – 34 3,0.8
V2-FR-IFOP-077,https://en.wikipedia.org/wiki/Opinion_polling_for_the_2027_French_presidential_election,wikipedia_excel_v2,Ifop,,,2024-09-06,2024-09-09,2024-09-09,1107.0,unknown,unknown,unknown,first_round,Hypothèse Jordan Bardella / Marine Tondelier,Jordan Bardella,RN,nationalist_right,26.0,,,,,,,0.5 1 6 9.5 – – – – 7 – – – 5 – – – – – – – 26 2 – 4 – – 2 – 34 3,0.8
V2-FR-IFOP-077,https://en.wikipedia.org/wiki/Opinion_polling_for_the_2027_French_presidential_election,wikipedia_excel_v2,Ifop,,,2024-09-06,2024-09-09,2024-09-09,1107.0,unknown,unknown,unknown,first_round,Hypothèse Jordan Bardella / Marine Tondelier,Philippe de Villiers,,droite_souverainiste,2.0,,,,,,,0.5 1 6 9.5 – – – – 7 – – – 5 – – – – – – – 26 2 – 4 – – 2 – 34 3,0.8
V2-FR-IFOP-077,https://en.wikipedia.org/wiki/Opinion_polling_for_the_2027_French_presidential_election,wikipedia_excel_v2,Ifop,,,2024-09-06,2024-09-09,2024-09-09,1107.0,unknown,unknown,unknown,first_round,Hypothèse Jordan Bardella / Marine Tondelier,Éric Zemmour,REC,far_right,4.0,,,,,,,0.5 1 6 9.5 – – – – 7 – – – 5 – – – – – – – 26 2 – 4 – – 2 – 34 3,0.8
V2-FR-IFOP-077,https://en.wikipedia.org/wiki/Opinion_polling_for_the_2027_French_presidential_election,wikipedia_excel_v2,Ifop,,,2024-09-06,2024-09-09,2024-09-09,1107.0,unknown,unknown,unknown,first_round,Hypothèse Jordan Bardella / Marine Tondelier,Sébastien Chenu,RN,droite_nationale,2.0,,,,,,,0.5 1 6 9.5 – – – – 7 – – – 5 – – – – – – – 26 2 – 4 – – 2 – 34 3,0.8
V2-FR-HARRIS-INTERACTIVE-078,https://en.wikipedia.org/wiki/Opinion_polling_for_the_2027_French_presidential_election,wikipedia_excel_v2,Harris Interactive,,,2024-07-07,2024-07-08,2024-07-08,2496.0,unknown,unknown,unknown,first_round,Hypothèse Édouard Philippe / Gabriel Attal,Arlette Arthaud,LO,far_left,1.0,,,,,,,1 2 3 15 – – – – – 14 - – 3 20 – – – – – – – – – 5 – – 2 – 31 4,0.8
V2-FR-HARRIS-INTERACTIVE-078,https://en.wikipedia.org/wiki/Opinion_polling_for_the_2027_French_presidential_election,wikipedia_excel_v2,Harris Interactive,,,2024-07-07,2024-07-08,2024-07-08,2496.0,unknown,unknown,unknown,first_round,Hypothèse Édouard Philippe / Gabriel Attal,Philippe Poutou,NPA-A,far_left,2.0,,,,,,,1 2 3 15 – – – – – 14 - – 3 20 – – – – – – – – – 5 – – 2 – 31 4,0.8
V2-FR-HARRIS-INTERACTIVE-078,https://en.wikipedia.org/wiki/Opinion_polling_for_the_2027_French_presidential_election,wikipedia_excel_v2,Harris Interactive,,,2024-07-07,2024-07-08,2024-07-08,2496.0,unknown,unknown,unknown,first_round,Hypothèse Édouard Philippe / Gabriel Attal,Fabien Roussel,PCF,left,3.0,,,,,,,1 2 3 15 – – – – – 14 - – 3 20 – – – – – – – – – 5 – – 2 – 31 4,0.8
V2-FR-HARRIS-INTERACTIVE-078,https://en.wikipedia.org/wiki/Opinion_polling_for_the_2027_French_presidential_election,wikipedia_excel_v2,Harris Interactive,,,2024-07-07,2024-07-08,2024-07-08,2496.0,unknown,unknown,unknown,first_round,Hypothèse Édouard Philippe / Gabriel Attal,Jean-Luc Mélenchon,LFI,left,15.0,,,,,,,1 2 3 15 – – – – – 14 - – 3 20 – – – – – – – – – 5 – – 2 – 31 4,0.8
V2-FR-HARRIS-INTERACTIVE-078,https://en.wikipedia.org/wiki/Opinion_polling_for_the_2027_French_presidential_election,wikipedia_excel_v2,Harris Interactive,,,2024-07-07,2024-07-08,2024-07-08,2496.0,unknown,unknown,unknown,first_round,Hypothèse Édouard Philippe / Gabriel Attal,Gabriel Attal,RE,centre,14.0,,,,,,,1 2 3 15 – – – – – 14 - – 3 20 – – – – – – – – – 5 – – 2 – 31 4,0.8
V2-FR-HARRIS-INTERACTIVE-078,https://en.wikipedia.org/wiki/Opinion_polling_for_the_2027_French_presidential_election,wikipedia_excel_v2,Harris Interactive,,,2024-07-07,2024-07-08,2024-07-08,2496.0,unknown,unknown,unknown,first_round,Hypothèse Édouard Philippe / Gabriel Attal,François Bayrou,MoDem,centre,3.0,,,,,,,1 2 3 15 – – – – – 14 - – 3 20 – – – – – – – – – 5 – – 2 – 31 4,0.8
V2-FR-HARRIS-INTERACTIVE-078,https://en.wikipedia.org/wiki/Opinion_polling_for_the_2027_French_presidential_election,wikipedia_excel_v2,Harris Interactive,,,2024-07-07,2024-07-08,2024-07-08,2496.0,unknown,unknown,unknown,first_round,Hypothèse Édouard Philippe / Gabriel Attal,Édouard Philippe,HOR,centre,20.0,,,,,,,1 2 3 15 – – – – – 14 - – 3 20 – – – – – – – – – 5 – – 2 – 31 4,0.8
V2-FR-HARRIS-INTERACTIVE-078,https://en.wikipedia.org/wiki/Opinion_polling_for_the_2027_French_presidential_election,wikipedia_excel_v2,Harris Interactive,,,2024-07-07,2024-07-08,2024-07-08,2496.0,unknown,unknown,unknown,first_round,Hypothèse Édouard Philippe / Gabriel Attal,Éric Zemmour,REC,far_right,5.0,,,,,,,1 2 3 15 – – – – – 14 - – 3 20 – – – – – – – – – 5 – – 2 – 31 4,0.8
V2-FR-HARRIS-INTERACTIVE-078,https://en.wikipedia.org/wiki/Opinion_polling_for_the_2027_French_presidential_election,wikipedia_excel_v2,Harris Interactive,,,2024-07-07,2024-07-08,2024-07-08,2496.0,unknown,unknown,unknown,first_round,Hypothèse Édouard Philippe / Gabriel Attal,Sébastien Chenu,RN,droite_nationale,2.0,,,,,,,1 2 3 15 – – – – – 14 - – 3 20 – – – – – – – – – 5 – – 2 – 31 4,0.8
V2-FR-HARRIS-INTERACTIVE-079,https://en.wikipedia.org/wiki/Opinion_polling_for_the_2027_French_presidential_election,wikipedia_excel_v2,Harris Interactive,,,2024-07-07,2024-07-08,2024-07-08,2496.0,unknown,unknown,unknown,first_round,Hypothèse Gabriel Attal / Jordan Bardella,Arlette Arthaud,LO,far_left,1.0,,,,,,,1 1 3 15 – – – – – 14 – – 3 – – – – – - – 22 – – 5 – – 2 – 31 3,0.8
V2-FR-HARRIS-INTERACTIVE-079,https://en.wikipedia.org/wiki/Opinion_polling_for_the_2027_French_presidential_election,wikipedia_excel_v2,Harris Interactive,,,2024-07-07,2024-07-08,2024-07-08,2496.0,unknown,unknown,unknown,first_round,Hypothèse Gabriel Attal / Jordan Bardella,Philippe Poutou,NPA-A,far_left,1.0,,,,,,,1 1 3 15 – – – – – 14 – – 3 – – – – – - – 22 – – 5 – – 2 – 31 3,0.8
V2-FR-HARRIS-INTERACTIVE-079,https://en.wikipedia.org/wiki/Opinion_polling_for_the_2027_French_presidential_election,wikipedia_excel_v2,Harris Interactive,,,2024-07-07,2024-07-08,2024-07-08,2496.0,unknown,unknown,unknown,first_round,Hypothèse Gabriel Attal / Jordan Bardella,Fabien Roussel,PCF,left,3.0,,,,,,,1 1 3 15 – – – – – 14 – – 3 – – – – – - – 22 – – 5 – – 2 – 31 3,0.8
V2-FR-HARRIS-INTERACTIVE-079,https://en.wikipedia.org/wiki/Opinion_polling_for_the_2027_French_presidential_election,wikipedia_excel_v2,Harris Interactive,,,2024-07-07,2024-07-08,2024-07-08,2496.0,unknown,unknown,unknown,first_round,Hypothèse Gabriel Attal / Jordan Bardella,Jean-Luc Mélenchon,LFI,left,15.0,,,,,,,1 1 3 15 – – – – – 14 – – 3 – – – – – - – 22 – – 5 – – 2 – 31 3,0.8
V2-FR-HARRIS-INTERACTIVE-079,https://en.wikipedia.org/wiki/Opinion_polling_for_the_2027_French_presidential_election,wikipedia_excel_v2,Harris Interactive,,,2024-07-07,2024-07-08,2024-07-08,2496.0,unknown,unknown,unknown,first_round,Hypothèse Gabriel Attal / Jordan Bardella,Gabriel Attal,RE,centre,14.0,,,,,,,1 1 3 15 – – – – – 14 – – 3 – – – – – - – 22 – – 5 – – 2 – 31 3,0.8
V2-FR-HARRIS-INTERACTIVE-079,https://en.wikipedia.org/wiki/Opinion_polling_for_the_2027_French_presidential_election,wikipedia_excel_v2,Harris Interactive,,,2024-07-07,2024-07-08,2024-07-08,2496.0,unknown,unknown,unknown,first_round,Hypothèse Gabriel Attal / Jordan Bardella,François Bayrou,MoDem,centre,3.0,,,,,,,1 1 3 15 – – – – – 14 – – 3 – – – – – - – 22 – – 5 – – 2 – 31 3,0.8
V2-FR-HARRIS-INTERACTIVE-079,https://en.wikipedia.org/wiki/Opinion_polling_for_the_2027_French_presidential_election,wikipedia_excel_v2,Harris Interactive,,,2024-07-07,2024-07-08,2024-07-08,2496.0,unknown,unknown,unknown,first_round,Hypothèse Gabriel Attal / Jordan Bardella,Jordan Bardella,RN,nationalist_right,22.0,,,,,,,1 1 3 15 – – – – – 14 – – 3 – – – – – - – 22 – – 5 – – 2 – 31 3,0.8
V2-FR-HARRIS-INTERACTIVE-079,https://en.wikipedia.org/wiki/Opinion_polling_for_the_2027_French_presidential_election,wikipedia_excel_v2,Harris Interactive,,,2024-07-07,2024-07-08,2024-07-08,2496.0,unknown,unknown,unknown,first_round,Hypothèse Gabriel Attal / Jordan Bardella,Éric Zemmour,REC,far_right,5.0,,,,,,,1 1 3 15 – – – – – 14 – – 3 – – – – – - – 22 – – 5 – – 2 – 31 3,0.8
V2-FR-HARRIS-INTERACTIVE-079,https://en.wikipedia.org/wiki/Opinion_polling_for_the_2027_French_presidential_election,wikipedia_excel_v2,Harris Interactive,,,2024-07-07,2024-07-08,2024-07-08,2496.0,unknown,unknown,unknown,first_round,Hypothèse Gabriel Attal / Jordan Bardella,Sébastien Chenu,RN,droite_nationale,2.0,,,,,,,1 1 3 15 – – – – – 14 – – 3 – – – – – - – 22 – – 5 – – 2 – 31 3,0.8
V2-FR-HARRIS-INTERACTIVE-080,https://en.wikipedia.org/wiki/Opinion_polling_for_the_2027_French_presidential_election,wikipedia_excel_v2,Harris Interactive,,,2024-07-07,2024-07-08,2024-07-08,2496.0,unknown,unknown,unknown,first_round,Hypothèse Édouard Philippe / Raphaël Glucksmann,Arlette Arthaud,LO,far_left,1.0,,,,,,,1 2 5 16 – – – 6 – – – – 4 23 – – – – – – – – – 5 – – 2 – 32 4,0.8
V2-FR-HARRIS-INTERACTIVE-080,https://en.wikipedia.org/wiki/Opinion_polling_for_the_2027_French_presidential_election,wikipedia_excel_v2,Harris Interactive,,,2024-07-07,2024-07-08,2024-07-08,2496.0,unknown,unknown,unknown,first_round,Hypothèse Édouard Philippe / Raphaël Glucksmann,Philippe Poutou,NPA-A,far_left,2.0,,,,,,,1 2 5 16 – – – 6 – – – – 4 23 – – – – – – – – – 5 – – 2 – 32 4,0.8
V2-FR-HARRIS-INTERACTIVE-080,https://en.wikipedia.org/wiki/Opinion_polling_for_the_2027_French_presidential_election,wikipedia_excel_v2,Harris Interactive,,,2024-07-07,2024-07-08,2024-07-08,2496.0,unknown,unknown,unknown,first_round,Hypothèse Édouard Philippe / Raphaël Glucksmann,Fabien Roussel,PCF,left,5.0,,,,,,,1 2 5 16 – – – 6 – – – – 4 23 – – – – – – – – – 5 – – 2 – 32 4,0.8
V2-FR-HARRIS-INTERACTIVE-080,https://en.wikipedia.org/wiki/Opinion_polling_for_the_2027_French_presidential_election,wikipedia_excel_v2,Harris Interactive,,,2024-07-07,2024-07-08,2024-07-08,2496.0,unknown,unknown,unknown,first_round,Hypothèse Édouard Philippe / Raphaël Glucksmann,Jean-Luc Mélenchon,LFI,left,16.0,,,,,,,1 2 5 16 – – – 6 – – – – 4 23 – – – – – – – – – 5 – – 2 – 32 4,0.8
V2-FR-HARRIS-INTERACTIVE-080,https://en.wikipedia.org/wiki/Opinion_polling_for_the_2027_French_presidential_election,wikipedia_excel_v2,Harris Interactive,,,2024-07-07,2024-07-08,2024-07-08,2496.0,unknown,unknown,unknown,first_round,Hypothèse Édouard Philippe / Raphaël Glucksmann,Raphaël Glucksmann,PP,centre_gauche,6.0,,,,,,,1 2 5 16 – – – 6 – – – – 4 23 – – – – – – – – – 5 – – 2 – 32 4,0.8
V2-FR-HARRIS-INTERACTIVE-080,https://en.wikipedia.org/wiki/Opinion_polling_for_the_2027_French_presidential_election,wikipedia_excel_v2,Harris Interactive,,,2024-07-07,2024-07-08,2024-07-08,2496.0,unknown,unknown,unknown,first_round,Hypothèse Édouard Philippe / Raphaël Glucksmann,François Bayrou,MoDem,centre,4.0,,,,,,,1 2 5 16 – – – 6 – – – – 4 23 – – – – – – – – – 5 – – 2 – 32 4,0.8
V2-FR-HARRIS-INTERACTIVE-080,https://en.wikipedia.org/wiki/Opinion_polling_for_the_2027_French_presidential_election,wikipedia_excel_v2,Harris Interactive,,,2024-07-07,2024-07-08,2024-07-08,2496.0,unknown,unknown,unknown,first_round,Hypothèse Édouard Philippe / Raphaël Glucksmann,Édouard Philippe,HOR,centre,23.0,,,,,,,1 2 5 16 – – – 6 – – – – 4 23 – – – – – – – – – 5 – – 2 – 32 4,0.8
V2-FR-HARRIS-INTERACTIVE-080,https://en.wikipedia.org/wiki/Opinion_polling_for_the_2027_French_presidential_election,wikipedia_excel_v2,Harris Interactive,,,2024-07-07,2024-07-08,2024-07-08,2496.0,unknown,unknown,unknown,first_round,Hypothèse Édouard Philippe / Raphaël Glucksmann,Éric Zemmour,REC,far_right,5.0,,,,,,,1 2 5 16 – – – 6 – – – – 4 23 – – – – – – – – – 5 – – 2 – 32 4,0.8
V2-FR-HARRIS-INTERACTIVE-080,https://en.wikipedia.org/wiki/Opinion_polling_for_the_2027_French_presidential_election,wikipedia_excel_v2,Harris Interactive,,,2024-07-07,2024-07-08,2024-07-08,2496.0,unknown,unknown,unknown,first_round,Hypothèse Édouard Philippe / Raphaël Glucksmann,Sébastien Chenu,RN,droite_nationale,2.0,,,,,,,1 2 5 16 – – – 6 – – – – 4 23 – – – – – – – – – 5 – – 2 – 32 4,0.8
V2-FR-HARRIS-INTERACTIVE-081,https://en.wikipedia.org/wiki/Opinion_polling_for_the_2027_French_presidential_election,wikipedia_excel_v2,Harris Interactive,,,2024-07-07,2024-07-08,2024-07-08,2496.0,unknown,unknown,unknown,first_round,Hypothèse Jordan Bardella / Raphaël Glucksmann,Arlette Arthaud,LO,far_left,1.0,,,,,,,1 2 4 17 – – – 5 – – – – 4 – – – – – - – 24 – – 5 – – 2 – 32 4,0.8
V2-FR-HARRIS-INTERACTIVE-081,https://en.wikipedia.org/wiki/Opinion_polling_for_the_2027_French_presidential_election,wikipedia_excel_v2,Harris Interactive,,,2024-07-07,2024-07-08,2024-07-08,2496.0,unknown,unknown,unknown,first_round,Hypothèse Jordan Bardella / Raphaël Glucksmann,Philippe Poutou,NPA-A,far_left,2.0,,,,,,,1 2 4 17 – – – 5 – – – – 4 – – – – – - – 24 – – 5 – – 2 – 32 4,0.8
V2-FR-HARRIS-INTERACTIVE-081,https://en.wikipedia.org/wiki/Opinion_polling_for_the_2027_French_presidential_election,wikipedia_excel_v2,Harris Interactive,,,2024-07-07,2024-07-08,2024-07-08,2496.0,unknown,unknown,unknown,first_round,Hypothèse Jordan Bardella / Raphaël Glucksmann,Fabien Roussel,PCF,left,4.0,,,,,,,1 2 4 17 – – – 5 – – – – 4 – – – – – - – 24 – – 5 – – 2 – 32 4,0.8
V2-FR-HARRIS-INTERACTIVE-081,https://en.wikipedia.org/wiki/Opinion_polling_for_the_2027_French_presidential_election,wikipedia_excel_v2,Harris Interactive,,,2024-07-07,2024-07-08,2024-07-08,2496.0,unknown,unknown,unknown,first_round,Hypothèse Jordan Bardella / Raphaël Glucksmann,Jean-Luc Mélenchon,LFI,left,17.0,,,,,,,1 2 4 17 – – – 5 – – – – 4 – – – – – - – 24 – – 5 – – 2 – 32 4,0.8
V2-FR-HARRIS-INTERACTIVE-081,https://en.wikipedia.org/wiki/Opinion_polling_for_the_2027_French_presidential_election,wikipedia_excel_v2,Harris Interactive,,,2024-07-07,2024-07-08,2024-07-08,2496.0,unknown,unknown,unknown,first_round,Hypothèse Jordan Bardella / Raphaël Glucksmann,Raphaël Glucksmann,PP,centre_gauche,5.0,,,,,,,1 2 4 17 – – – 5 – – – – 4 – – – – – - – 24 – – 5 – – 2 – 32 4,0.8
V2-FR-HARRIS-INTERACTIVE-081,https://en.wikipedia.org/wiki/Opinion_polling_for_the_2027_French_presidential_election,wikipedia_excel_v2,Harris Interactive,,,2024-07-07,2024-07-08,2024-07-08,2496.0,unknown,unknown,unknown,first_round,Hypothèse Jordan Bardella / Raphaël Glucksmann,François Bayrou,MoDem,centre,4.0,,,,,,,1 2 4 17 – – – 5 – – – – 4 – – – – – - – 24 – – 5 – – 2 – 32 4,0.8
V2-FR-HARRIS-INTERACTIVE-081,https://en.wikipedia.org/wiki/Opinion_polling_for_the_2027_French_presidential_election,wikipedia_excel_v2,Harris Interactive,,,2024-07-07,2024-07-08,2024-07-08,2496.0,unknown,unknown,unknown,first_round,Hypothèse Jordan Bardella / Raphaël Glucksmann,Jordan Bardella,RN,nationalist_right,24.0,,,,,,,1 2 4 17 – – – 5 – – – – 4 – – – – – - – 24 – – 5 – – 2 – 32 4,0.8
V2-FR-HARRIS-INTERACTIVE-081,https://en.wikipedia.org/wiki/Opinion_polling_for_the_2027_French_presidential_election,wikipedia_excel_v2,Harris Interactive,,,2024-07-07,2024-07-08,2024-07-08,2496.0,unknown,unknown,unknown,first_round,Hypothèse Jordan Bardella / Raphaël Glucksmann,Éric Zemmour,REC,far_right,5.0,,,,,,,1 2 4 17 – – – 5 – – – – 4 – – – – – - – 24 – – 5 – – 2 – 32 4,0.8
V2-FR-HARRIS-INTERACTIVE-081,https://en.wikipedia.org/wiki/Opinion_polling_for_the_2027_French_presidential_election,wikipedia_excel_v2,Harris Interactive,,,2024-07-07,2024-07-08,2024-07-08,2496.0,unknown,unknown,unknown,first_round,Hypothèse Jordan Bardella / Raphaël Glucksmann,Sébastien Chenu,RN,droite_nationale,2.0,,,,,,,1 2 4 17 – – – 5 – – – – 4 – – – – – - – 24 – – 5 – – 2 – 32 4,0.8
V2-FR-IFOP-082,https://en.wikipedia.org/wiki/Opinion_polling_for_the_2027_French_presidential_election,wikipedia_excel_v2,Ifop,,,2024-04-16,2024-04-18,2024-04-18,1090.0,unknown,unknown,unknown,first_round,Hypothèse Édouard Philippe / Philippe de Villiers,Arlette Arthaud,LO,far_left,1.0,,,,,,,1 2 5 13 – – – 3 – – – – 2 22 – – – – – – – 2.5 – 8 – – 2.5 30 – 9,0.8
V2-FR-IFOP-082,https://en.wikipedia.org/wiki/Opinion_polling_for_the_2027_French_presidential_election,wikipedia_excel_v2,Ifop,,,2024-04-16,2024-04-18,2024-04-18,1090.0,unknown,unknown,unknown,first_round,Hypothèse Édouard Philippe / Philippe de Villiers,Philippe Poutou,NPA-A,far_left,2.0,,,,,,,1 2 5 13 – – – 3 – – – – 2 22 – – – – – – – 2.5 – 8 – – 2.5 30 – 9,0.8
V2-FR-IFOP-082,https://en.wikipedia.org/wiki/Opinion_polling_for_the_2027_French_presidential_election,wikipedia_excel_v2,Ifop,,,2024-04-16,2024-04-18,2024-04-18,1090.0,unknown,unknown,unknown,first_round,Hypothèse Édouard Philippe / Philippe de Villiers,Fabien Roussel,PCF,left,5.0,,,,,,,1 2 5 13 – – – 3 – – – – 2 22 – – – – – – – 2.5 – 8 – – 2.5 30 – 9,0.8
V2-FR-IFOP-082,https://en.wikipedia.org/wiki/Opinion_polling_for_the_2027_French_presidential_election,wikipedia_excel_v2,Ifop,,,2024-04-16,2024-04-18,2024-04-18,1090.0,unknown,unknown,unknown,first_round,Hypothèse Édouard Philippe / Philippe de Villiers,Jean-Luc Mélenchon,LFI,left,13.0,,,,,,,1 2 5 13 – – – 3 – – – – 2 22 – – – – – – – 2.5 – 8 – – 2.5 30 – 9,0.8
V2-FR-IFOP-082,https://en.wikipedia.org/wiki/Opinion_polling_for_the_2027_French_presidential_election,wikipedia_excel_v2,Ifop,,,2024-04-16,2024-04-18,2024-04-18,1090.0,unknown,unknown,unknown,first_round,Hypothèse Édouard Philippe / Philippe de Villiers,Raphaël Glucksmann,PP,centre_gauche,3.0,,,,,,,1 2 5 13 – – – 3 – – – – 2 22 – – – – – – – 2.5 – 8 – – 2.5 30 – 9,0.8
V2-FR-IFOP-082,https://en.wikipedia.org/wiki/Opinion_polling_for_the_2027_French_presidential_election,wikipedia_excel_v2,Ifop,,,2024-04-16,2024-04-18,2024-04-18,1090.0,unknown,unknown,unknown,first_round,Hypothèse Édouard Philippe / Philippe de Villiers,François Bayrou,MoDem,centre,2.0,,,,,,,1 2 5 13 – – – 3 – – – – 2 22 – – – – – – – 2.5 – 8 – – 2.5 30 – 9,0.8
V2-FR-IFOP-082,https://en.wikipedia.org/wiki/Opinion_polling_for_the_2027_French_presidential_election,wikipedia_excel_v2,Ifop,,,2024-04-16,2024-04-18,2024-04-18,1090.0,unknown,unknown,unknown,first_round,Hypothèse Édouard Philippe / Philippe de Villiers,Édouard Philippe,HOR,centre,22.0,,,,,,,1 2 5 13 – – – 3 – – – – 2 22 – – – – – – – 2.5 – 8 – – 2.5 30 – 9,0.8
V2-FR-IFOP-082,https://en.wikipedia.org/wiki/Opinion_polling_for_the_2027_French_presidential_election,wikipedia_excel_v2,Ifop,,,2024-04-16,2024-04-18,2024-04-18,1090.0,unknown,unknown,unknown,first_round,Hypothèse Édouard Philippe / Philippe de Villiers,Philippe de Villiers,,droite_souverainiste,2.5,,,,,,,1 2 5 13 – – – 3 – – – – 2 22 – – – – – – – 2.5 – 8 – – 2.5 30 – 9,0.8
V2-FR-IFOP-082,https://en.wikipedia.org/wiki/Opinion_polling_for_the_2027_French_presidential_election,wikipedia_excel_v2,Ifop,,,2024-04-16,2024-04-18,2024-04-18,1090.0,unknown,unknown,unknown,first_round,Hypothèse Édouard Philippe / Philippe de Villiers,Éric Zemmour,REC,far_right,8.0,,,,,,,1 2 5 13 – – – 3 – – – – 2 22 – – – – – – – 2.5 – 8 – – 2.5 30 – 9,0.8
V2-FR-IFOP-082,https://en.wikipedia.org/wiki/Opinion_polling_for_the_2027_French_presidential_election,wikipedia_excel_v2,Ifop,,,2024-04-16,2024-04-18,2024-04-18,1090.0,unknown,unknown,unknown,first_round,Hypothèse Édouard Philippe / Philippe de Villiers,Sébastien Chenu,RN,droite_nationale,2.5,,,,,,,1 2 5 13 – – – 3 – – – – 2 22 – – – – – – – 2.5 – 8 – – 2.5 30 – 9,0.8
V2-FR-IFOP-083,https://en.wikipedia.org/wiki/Opinion_polling_for_the_2027_French_presidential_election,wikipedia_excel_v2,Ifop,,,2024-04-16,2024-04-18,2024-04-18,1090.0,unknown,unknown,unknown,first_round,Hypothèse Jordan Bardella,Arlette Arthaud,LO,far_left,1.5,,,,,,,1.5 0.5 4.5 14 – – – 3 – – – – 2 – – – – – – – 26 – – 5 – – 2 33 – 7,0.8
V2-FR-IFOP-083,https://en.wikipedia.org/wiki/Opinion_polling_for_the_2027_French_presidential_election,wikipedia_excel_v2,Ifop,,,2024-04-16,2024-04-18,2024-04-18,1090.0,unknown,unknown,unknown,first_round,Hypothèse Jordan Bardella,Philippe Poutou,NPA-A,far_left,0.5,,,,,,,1.5 0.5 4.5 14 – – – 3 – – – – 2 – – – – – – – 26 – – 5 – – 2 33 – 7,0.8
V2-FR-IFOP-083,https://en.wikipedia.org/wiki/Opinion_polling_for_the_2027_French_presidential_election,wikipedia_excel_v2,Ifop,,,2024-04-16,2024-04-18,2024-04-18,1090.0,unknown,unknown,unknown,first_round,Hypothèse Jordan Bardella,Fabien Roussel,PCF,left,4.5,,,,,,,1.5 0.5 4.5 14 – – – 3 – – – – 2 – – – – – – – 26 – – 5 – – 2 33 – 7,0.8
V2-FR-IFOP-083,https://en.wikipedia.org/wiki/Opinion_polling_for_the_2027_French_presidential_election,wikipedia_excel_v2,Ifop,,,2024-04-16,2024-04-18,2024-04-18,1090.0,unknown,unknown,unknown,first_round,Hypothèse Jordan Bardella,Jean-Luc Mélenchon,LFI,left,14.0,,,,,,,1.5 0.5 4.5 14 – – – 3 – – – – 2 – – – – – – – 26 – – 5 – – 2 33 – 7,0.8
V2-FR-IFOP-083,https://en.wikipedia.org/wiki/Opinion_polling_for_the_2027_French_presidential_election,wikipedia_excel_v2,Ifop,,,2024-04-16,2024-04-18,2024-04-18,1090.0,unknown,unknown,unknown,first_round,Hypothèse Jordan Bardella,Raphaël Glucksmann,PP,centre_gauche,3.0,,,,,,,1.5 0.5 4.5 14 – – – 3 – – – – 2 – – – – – – – 26 – – 5 – – 2 33 – 7,0.8
V2-FR-IFOP-083,https://en.wikipedia.org/wiki/Opinion_polling_for_the_2027_French_presidential_election,wikipedia_excel_v2,Ifop,,,2024-04-16,2024-04-18,2024-04-18,1090.0,unknown,unknown,unknown,first_round,Hypothèse Jordan Bardella,François Bayrou,MoDem,centre,2.0,,,,,,,1.5 0.5 4.5 14 – – – 3 – – – – 2 – – – – – – – 26 – – 5 – – 2 33 – 7,0.8
V2-FR-IFOP-083,https://en.wikipedia.org/wiki/Opinion_polling_for_the_2027_French_presidential_election,wikipedia_excel_v2,Ifop,,,2024-04-16,2024-04-18,2024-04-18,1090.0,unknown,unknown,unknown,first_round,Hypothèse Jordan Bardella,Jordan Bardella,RN,nationalist_right,26.0,,,,,,,1.5 0.5 4.5 14 – – – 3 – – – – 2 – – – – – – – 26 – – 5 – – 2 33 – 7,0.8
V2-FR-IFOP-083,https://en.wikipedia.org/wiki/Opinion_polling_for_the_2027_French_presidential_election,wikipedia_excel_v2,Ifop,,,2024-04-16,2024-04-18,2024-04-18,1090.0,unknown,unknown,unknown,first_round,Hypothèse Jordan Bardella,Éric Zemmour,REC,far_right,5.0,,,,,,,1.5 0.5 4.5 14 – – – 3 – – – – 2 – – – – – – – 26 – – 5 – – 2 33 – 7,0.8
V2-FR-IFOP-083,https://en.wikipedia.org/wiki/Opinion_polling_for_the_2027_French_presidential_election,wikipedia_excel_v2,Ifop,,,2024-04-16,2024-04-18,2024-04-18,1090.0,unknown,unknown,unknown,first_round,Hypothèse Jordan Bardella,Sébastien Chenu,RN,droite_nationale,2.0,,,,,,,1.5 0.5 4.5 14 – – – 3 – – – – 2 – – – – – – – 26 – – 5 – – 2 33 – 7,0.8
V2-FR-IFOP-084,https://en.wikipedia.org/wiki/Opinion_polling_for_the_2027_French_presidential_election,wikipedia_excel_v2,Ifop,,,2024-04-16,2024-04-18,2024-04-18,1090.0,unknown,unknown,unknown,first_round,Hypothèse Bruno Retailleau / Philippe de Villiers,Arlette Arthaud,LO,far_left,2.0,,,,,,,2 1.5 6 15 – – – 5.5 – – – – 3 – – – – 12 – – – 2 – 8.5 – – 2 – 36 6.5,0.8
V2-FR-IFOP-084,https://en.wikipedia.org/wiki/Opinion_polling_for_the_2027_French_presidential_election,wikipedia_excel_v2,Ifop,,,2024-04-16,2024-04-18,2024-04-18,1090.0,unknown,unknown,unknown,first_round,Hypothèse Bruno Retailleau / Philippe de Villiers,Philippe Poutou,NPA-A,far_left,1.5,,,,,,,2 1.5 6 15 – – – 5.5 – – – – 3 – – – – 12 – – – 2 – 8.5 – – 2 – 36 6.5,0.8
V2-FR-IFOP-084,https://en.wikipedia.org/wiki/Opinion_polling_for_the_2027_French_presidential_election,wikipedia_excel_v2,Ifop,,,2024-04-16,2024-04-18,2024-04-18,1090.0,unknown,unknown,unknown,first_round,Hypothèse Bruno Retailleau / Philippe de Villiers,Fabien Roussel,PCF,left,6.0,,,,,,,2 1.5 6 15 – – – 5.5 – – – – 3 – – – – 12 – – – 2 – 8.5 – – 2 – 36 6.5,0.8
V2-FR-IFOP-084,https://en.wikipedia.org/wiki/Opinion_polling_for_the_2027_French_presidential_election,wikipedia_excel_v2,Ifop,,,2024-04-16,2024-04-18,2024-04-18,1090.0,unknown,unknown,unknown,first_round,Hypothèse Bruno Retailleau / Philippe de Villiers,Jean-Luc Mélenchon,LFI,left,15.0,,,,,,,2 1.5 6 15 – – – 5.5 – – – – 3 – – – – 12 – – – 2 – 8.5 – – 2 – 36 6.5,0.8
V2-FR-IFOP-084,https://en.wikipedia.org/wiki/Opinion_polling_for_the_2027_French_presidential_election,wikipedia_excel_v2,Ifop,,,2024-04-16,2024-04-18,2024-04-18,1090.0,unknown,unknown,unknown,first_round,Hypothèse Bruno Retailleau / Philippe de Villiers,Raphaël Glucksmann,PP,centre_gauche,5.5,,,,,,,2 1.5 6 15 – – – 5.5 – – – – 3 – – – – 12 – – – 2 – 8.5 – – 2 – 36 6.5,0.8
V2-FR-IFOP-084,https://en.wikipedia.org/wiki/Opinion_polling_for_the_2027_French_presidential_election,wikipedia_excel_v2,Ifop,,,2024-04-16,2024-04-18,2024-04-18,1090.0,unknown,unknown,unknown,first_round,Hypothèse Bruno Retailleau / Philippe de Villiers,François Bayrou,MoDem,centre,3.0,,,,,,,2 1.5 6 15 – – – 5.5 – – – – 3 – – – – 12 – – – 2 – 8.5 – – 2 – 36 6.5,0.8
V2-FR-IFOP-084,https://en.wikipedia.org/wiki/Opinion_polling_for_the_2027_French_presidential_election,wikipedia_excel_v2,Ifop,,,2024-04-16,2024-04-18,2024-04-18,1090.0,unknown,unknown,unknown,first_round,Hypothèse Bruno Retailleau / Philippe de Villiers,Bruno Retailleau,LR,right,12.0,,,,,,,2 1.5 6 15 – – – 5.5 – – – – 3 – – – – 12 – – – 2 – 8.5 – – 2 – 36 6.5,0.8
V2-FR-IFOP-084,https://en.wikipedia.org/wiki/Opinion_polling_for_the_2027_French_presidential_election,wikipedia_excel_v2,Ifop,,,2024-04-16,2024-04-18,2024-04-18,1090.0,unknown,unknown,unknown,first_round,Hypothèse Bruno Retailleau / Philippe de Villiers,Philippe de Villiers,,droite_souverainiste,2.0,,,,,,,2 1.5 6 15 – – – 5.5 – – – – 3 – – – – 12 – – – 2 – 8.5 – – 2 – 36 6.5,0.8
V2-FR-IFOP-084,https://en.wikipedia.org/wiki/Opinion_polling_for_the_2027_French_presidential_election,wikipedia_excel_v2,Ifop,,,2024-04-16,2024-04-18,2024-04-18,1090.0,unknown,unknown,unknown,first_round,Hypothèse Bruno Retailleau / Philippe de Villiers,Éric Zemmour,REC,far_right,8.5,,,,,,,2 1.5 6 15 – – – 5.5 – – – – 3 – – – – 12 – – – 2 – 8.5 – – 2 – 36 6.5,0.8
V2-FR-IFOP-084,https://en.wikipedia.org/wiki/Opinion_polling_for_the_2027_French_presidential_election,wikipedia_excel_v2,Ifop,,,2024-04-16,2024-04-18,2024-04-18,1090.0,unknown,unknown,unknown,first_round,Hypothèse Bruno Retailleau / Philippe de Villiers,Sébastien Chenu,RN,droite_nationale,2.0,,,,,,,2 1.5 6 15 – – – 5.5 – – – – 3 – – – – 12 – – – 2 – 8.5 – – 2 – 36 6.5,0.8
V2-FR-IFOP-085,https://en.wikipedia.org/wiki/Opinion_polling_for_the_2027_French_presidential_election,wikipedia_excel_v2,Ifop,,,2024-04-16,2024-04-18,2024-04-18,1090.0,unknown,unknown,unknown,first_round,Hypothèse Cyril Hanouna / Philippe de Villiers,Arlette Arthaud,LO,far_left,1.5,,,,,,,1.5 1.5 5 16 – – – 4.5 – – – – 2.5 – – – – – 14 – – 2 – 8 – – 3 – 35 7,0.8
V2-FR-IFOP-085,https://en.wikipedia.org/wiki/Opinion_polling_for_the_2027_French_presidential_election,wikipedia_excel_v2,Ifop,,,2024-04-16,2024-04-18,2024-04-18,1090.0,unknown,unknown,unknown,first_round,Hypothèse Cyril Hanouna / Philippe de Villiers,Philippe Poutou,NPA-A,far_left,1.5,,,,,,,1.5 1.5 5 16 – – – 4.5 – – – – 2.5 – – – – – 14 – – 2 – 8 – – 3 – 35 7,0.8
V2-FR-IFOP-085,https://en.wikipedia.org/wiki/Opinion_polling_for_the_2027_French_presidential_election,wikipedia_excel_v2,Ifop,,,2024-04-16,2024-04-18,2024-04-18,1090.0,unknown,unknown,unknown,first_round,Hypothèse Cyril Hanouna / Philippe de Villiers,Fabien Roussel,PCF,left,5.0,,,,,,,1.5 1.5 5 16 – – – 4.5 – – – – 2.5 – – – – – 14 – – 2 – 8 – – 3 – 35 7,0.8
V2-FR-IFOP-085,https://en.wikipedia.org/wiki/Opinion_polling_for_the_2027_French_presidential_election,wikipedia_excel_v2,Ifop,,,2024-04-16,2024-04-18,2024-04-18,1090.0,unknown,unknown,unknown,first_round,Hypothèse Cyril Hanouna / Philippe de Villiers,Jean-Luc Mélenchon,LFI,left,16.0,,,,,,,1.5 1.5 5 16 – – – 4.5 – – – – 2.5 – – – – – 14 – – 2 – 8 – – 3 – 35 7,0.8
V2-FR-IFOP-085,https://en.wikipedia.org/wiki/Opinion_polling_for_the_2027_French_presidential_election,wikipedia_excel_v2,Ifop,,,2024-04-16,2024-04-18,2024-04-18,1090.0,unknown,unknown,unknown,first_round,Hypothèse Cyril Hanouna / Philippe de Villiers,Raphaël Glucksmann,PP,centre_gauche,4.5,,,,,,,1.5 1.5 5 16 – – – 4.5 – – – – 2.5 – – – – – 14 – – 2 – 8 – – 3 – 35 7,0.8
V2-FR-IFOP-085,https://en.wikipedia.org/wiki/Opinion_polling_for_the_2027_French_presidential_election,wikipedia_excel_v2,Ifop,,,2024-04-16,2024-04-18,2024-04-18,1090.0,unknown,unknown,unknown,first_round,Hypothèse Cyril Hanouna / Philippe de Villiers,François Bayrou,MoDem,centre,2.5,,,,,,,1.5 1.5 5 16 – – – 4.5 – – – – 2.5 – – – – – 14 – – 2 – 8 – – 3 – 35 7,0.8
V2-FR-IFOP-085,https://en.wikipedia.org/wiki/Opinion_polling_for_the_2027_French_presidential_election,wikipedia_excel_v2,Ifop,,,2024-04-16,2024-04-18,2024-04-18,1090.0,unknown,unknown,unknown,first_round,Hypothèse Cyril Hanouna / Philippe de Villiers,Cyril Hanouna,,hors_champ,14.0,,,,,,,1.5 1.5 5 16 – – – 4.5 – – – – 2.5 – – – – – 14 – – 2 – 8 – – 3 – 35 7,0.8
V2-FR-IFOP-085,https://en.wikipedia.org/wiki/Opinion_polling_for_the_2027_French_presidential_election,wikipedia_excel_v2,Ifop,,,2024-04-16,2024-04-18,2024-04-18,1090.0,unknown,unknown,unknown,first_round,Hypothèse Cyril Hanouna / Philippe de Villiers,Philippe de Villiers,,droite_souverainiste,2.0,,,,,,,1.5 1.5 5 16 – – – 4.5 – – – – 2.5 – – – – – 14 – – 2 – 8 – – 3 – 35 7,0.8
V2-FR-IFOP-085,https://en.wikipedia.org/wiki/Opinion_polling_for_the_2027_French_presidential_election,wikipedia_excel_v2,Ifop,,,2024-04-16,2024-04-18,2024-04-18,1090.0,unknown,unknown,unknown,first_round,Hypothèse Cyril Hanouna / Philippe de Villiers,Éric Zemmour,REC,far_right,8.0,,,,,,,1.5 1.5 5 16 – – – 4.5 – – – – 2.5 – – – – – 14 – – 2 – 8 – – 3 – 35 7,0.8
V2-FR-IFOP-085,https://en.wikipedia.org/wiki/Opinion_polling_for_the_2027_French_presidential_election,wikipedia_excel_v2,Ifop,,,2024-04-16,2024-04-18,2024-04-18,1090.0,unknown,unknown,unknown,first_round,Hypothèse Cyril Hanouna / Philippe de Villiers,Sébastien Chenu,RN,droite_nationale,3.0,,,,,,,1.5 1.5 5 16 – – – 4.5 – – – – 2.5 – – – – – 14 – – 2 – 8 – – 3 – 35 7,0.8
V2-FR-HARRIS-INTERACTIVE-086,https://en.wikipedia.org/wiki/Opinion_polling_for_the_2027_French_presidential_election,wikipedia_excel_v2,Harris Interactive,,,2023-04-06,2023-04-07,2023-04-07,1320.0,unknown,unknown,unknown,first_round,Hypothèse Jordan Bardella / Olivier Faure,Arlette Arthaud,LO,far_left,1.0,,,,,,,1 1 4 16 – 5 – – – – 4 – – – – – – – – – 24 – – 5 – – 2 – 30 7,0.8
V2-FR-HARRIS-INTERACTIVE-086,https://en.wikipedia.org/wiki/Opinion_polling_for_the_2027_French_presidential_election,wikipedia_excel_v2,Harris Interactive,,,2023-04-06,2023-04-07,2023-04-07,1320.0,unknown,unknown,unknown,first_round,Hypothèse Jordan Bardella / Olivier Faure,Philippe Poutou,NPA-A,far_left,1.0,,,,,,,1 1 4 16 – 5 – – – – 4 – – – – – – – – – 24 – – 5 – – 2 – 30 7,0.8
V2-FR-HARRIS-INTERACTIVE-086,https://en.wikipedia.org/wiki/Opinion_polling_for_the_2027_French_presidential_election,wikipedia_excel_v2,Harris Interactive,,,2023-04-06,2023-04-07,2023-04-07,1320.0,unknown,unknown,unknown,first_round,Hypothèse Jordan Bardella / Olivier Faure,Fabien Roussel,PCF,left,4.0,,,,,,,1 1 4 16 – 5 – – – – 4 – – – – – – – – – 24 – – 5 – – 2 – 30 7,0.8
V2-FR-HARRIS-INTERACTIVE-086,https://en.wikipedia.org/wiki/Opinion_polling_for_the_2027_French_presidential_election,wikipedia_excel_v2,Harris Interactive,,,2023-04-06,2023-04-07,2023-04-07,1320.0,unknown,unknown,unknown,first_round,Hypothèse Jordan Bardella / Olivier Faure,Jean-Luc Mélenchon,LFI,left,16.0,,,,,,,1 1 4 16 – 5 – – – – 4 – – – – – – – – – 24 – – 5 – – 2 – 30 7,0.8
V2-FR-HARRIS-INTERACTIVE-086,https://en.wikipedia.org/wiki/Opinion_polling_for_the_2027_French_presidential_election,wikipedia_excel_v2,Harris Interactive,,,2023-04-06,2023-04-07,2023-04-07,1320.0,unknown,unknown,unknown,first_round,Hypothèse Jordan Bardella / Olivier Faure,Olivier Faure,PS,centre_gauche,5.0,,,,,,,1 1 4 16 – 5 – – – – 4 – – – – – – – – – 24 – – 5 – – 2 – 30 7,0.8
V2-FR-HARRIS-INTERACTIVE-086,https://en.wikipedia.org/wiki/Opinion_polling_for_the_2027_French_presidential_election,wikipedia_excel_v2,Harris Interactive,,,2023-04-06,2023-04-07,2023-04-07,1320.0,unknown,unknown,unknown,first_round,Hypothèse Jordan Bardella / Olivier Faure,Gérald Darmanin,RE,centre_droit,4.0,,,,,,,1 1 4 16 – 5 – – – – 4 – – – – – – – – – 24 – – 5 – – 2 – 30 7,0.8
V2-FR-HARRIS-INTERACTIVE-086,https://en.wikipedia.org/wiki/Opinion_polling_for_the_2027_French_presidential_election,wikipedia_excel_v2,Harris Interactive,,,2023-04-06,2023-04-07,2023-04-07,1320.0,unknown,unknown,unknown,first_round,Hypothèse Jordan Bardella / Olivier Faure,Jordan Bardella,RN,nationalist_right,24.0,,,,,,,1 1 4 16 – 5 – – – – 4 – – – – – – – – – 24 – – 5 – – 2 – 30 7,0.8
V2-FR-HARRIS-INTERACTIVE-086,https://en.wikipedia.org/wiki/Opinion_polling_for_the_2027_French_presidential_election,wikipedia_excel_v2,Harris Interactive,,,2023-04-06,2023-04-07,2023-04-07,1320.0,unknown,unknown,unknown,first_round,Hypothèse Jordan Bardella / Olivier Faure,Éric Zemmour,REC,far_right,5.0,,,,,,,1 1 4 16 – 5 – – – – 4 – – – – – – – – – 24 – – 5 – – 2 – 30 7,0.8
V2-FR-HARRIS-INTERACTIVE-086,https://en.wikipedia.org/wiki/Opinion_polling_for_the_2027_French_presidential_election,wikipedia_excel_v2,Harris Interactive,,,2023-04-06,2023-04-07,2023-04-07,1320.0,unknown,unknown,unknown,first_round,Hypothèse Jordan Bardella / Olivier Faure,Sébastien Chenu,RN,droite_nationale,2.0,,,,,,,1 1 4 16 – 5 – – – – 4 – – – – – – – – – 24 – – 5 – – 2 – 30 7,0.8
V2-FR-HARRIS-INTERACTIVE-087,https://en.wikipedia.org/wiki/Opinion_polling_for_the_2027_French_presidential_election,wikipedia_excel_v2,Harris Interactive,,,2023-04-06,2023-04-07,2023-04-07,1320.0,unknown,unknown,unknown,first_round,Hypothèse Olivier Faure / Cyril Hanouna,Arlette Arthaud,LO,far_left,1.0,,,,,,,1 1 5 18 – 7 – – – – 5 – – – – – – – 16 – – – – 5 – – 2 – 32 7,0.8
V2-FR-HARRIS-INTERACTIVE-087,https://en.wikipedia.org/wiki/Opinion_polling_for_the_2027_French_presidential_election,wikipedia_excel_v2,Harris Interactive,,,2023-04-06,2023-04-07,2023-04-07,1320.0,unknown,unknown,unknown,first_round,Hypothèse Olivier Faure / Cyril Hanouna,Philippe Poutou,NPA-A,far_left,1.0,,,,,,,1 1 5 18 – 7 – – – – 5 – – – – – – – 16 – – – – 5 – – 2 – 32 7,0.8
V2-FR-HARRIS-INTERACTIVE-087,https://en.wikipedia.org/wiki/Opinion_polling_for_the_2027_French_presidential_election,wikipedia_excel_v2,Harris Interactive,,,2023-04-06,2023-04-07,2023-04-07,1320.0,unknown,unknown,unknown,first_round,Hypothèse Olivier Faure / Cyril Hanouna,Fabien Roussel,PCF,left,5.0,,,,,,,1 1 5 18 – 7 – – – – 5 – – – – – – – 16 – – – – 5 – – 2 – 32 7,0.8
V2-FR-HARRIS-INTERACTIVE-087,https://en.wikipedia.org/wiki/Opinion_polling_for_the_2027_French_presidential_election,wikipedia_excel_v2,Harris Interactive,,,2023-04-06,2023-04-07,2023-04-07,1320.0,unknown,unknown,unknown,first_round,Hypothèse Olivier Faure / Cyril Hanouna,Jean-Luc Mélenchon,LFI,left,18.0,,,,,,,1 1 5 18 – 7 – – – – 5 – – – – – – – 16 – – – – 5 – – 2 – 32 7,0.8
V2-FR-HARRIS-INTERACTIVE-087,https://en.wikipedia.org/wiki/Opinion_polling_for_the_2027_French_presidential_election,wikipedia_excel_v2,Harris Interactive,,,2023-04-06,2023-04-07,2023-04-07,1320.0,unknown,unknown,unknown,first_round,Hypothèse Olivier Faure / Cyril Hanouna,Olivier Faure,PS,centre_gauche,7.0,,,,,,,1 1 5 18 – 7 – – – – 5 – – – – – – – 16 – – – – 5 – – 2 – 32 7,0.8
V2-FR-HARRIS-INTERACTIVE-087,https://en.wikipedia.org/wiki/Opinion_polling_for_the_2027_French_presidential_election,wikipedia_excel_v2,Harris Interactive,,,2023-04-06,2023-04-07,2023-04-07,1320.0,unknown,unknown,unknown,first_round,Hypothèse Olivier Faure / Cyril Hanouna,Gérald Darmanin,RE,centre_droit,5.0,,,,,,,1 1 5 18 – 7 – – – – 5 – – – – – – – 16 – – – – 5 – – 2 – 32 7,0.8
V2-FR-HARRIS-INTERACTIVE-087,https://en.wikipedia.org/wiki/Opinion_polling_for_the_2027_French_presidential_election,wikipedia_excel_v2,Harris Interactive,,,2023-04-06,2023-04-07,2023-04-07,1320.0,unknown,unknown,unknown,first_round,Hypothèse Olivier Faure / Cyril Hanouna,Cyril Hanouna,,hors_champ,16.0,,,,,,,1 1 5 18 – 7 – – – – 5 – – – – – – – 16 – – – – 5 – – 2 – 32 7,0.8
V2-FR-HARRIS-INTERACTIVE-087,https://en.wikipedia.org/wiki/Opinion_polling_for_the_2027_French_presidential_election,wikipedia_excel_v2,Harris Interactive,,,2023-04-06,2023-04-07,2023-04-07,1320.0,unknown,unknown,unknown,first_round,Hypothèse Olivier Faure / Cyril Hanouna,Éric Zemmour,REC,far_right,5.0,,,,,,,1 1 5 18 – 7 – – – – 5 – – – – – – – 16 – – – – 5 – – 2 – 32 7,0.8
V2-FR-HARRIS-INTERACTIVE-087,https://en.wikipedia.org/wiki/Opinion_polling_for_the_2027_French_presidential_election,wikipedia_excel_v2,Harris Interactive,,,2023-04-06,2023-04-07,2023-04-07,1320.0,unknown,unknown,unknown,first_round,Hypothèse Olivier Faure / Cyril Hanouna,Sébastien Chenu,RN,droite_nationale,2.0,,,,,,,1 1 5 18 – 7 – – – – 5 – – – – – – – 16 – – – – 5 – – 2 – 32 7,0.8
V2-FR-HARRIS-INTERACTIVE-088,https://en.wikipedia.org/wiki/Opinion_polling_for_the_2027_French_presidential_election,wikipedia_excel_v2,Harris Interactive,,,2023-04-06,2023-04-07,2023-04-07,1320.0,unknown,unknown,unknown,first_round,Hypothèse Bruno Retailleau / Olivier Faure,Arlette Arthaud,LO,far_left,1.0,,,,,,,1 1 5 19 – 8 – – – – 5 – – – – – – 10 – – – – – 7 – – 2 – 33 8,0.8
V2-FR-HARRIS-INTERACTIVE-088,https://en.wikipedia.org/wiki/Opinion_polling_for_the_2027_French_presidential_election,wikipedia_excel_v2,Harris Interactive,,,2023-04-06,2023-04-07,2023-04-07,1320.0,unknown,unknown,unknown,first_round,Hypothèse Bruno Retailleau / Olivier Faure,Philippe Poutou,NPA-A,far_left,1.0,,,,,,,1 1 5 19 – 8 – – – – 5 – – – – – – 10 – – – – – 7 – – 2 – 33 8,0.8
V2-FR-HARRIS-INTERACTIVE-088,https://en.wikipedia.org/wiki/Opinion_polling_for_the_2027_French_presidential_election,wikipedia_excel_v2,Harris Interactive,,,2023-04-06,2023-04-07,2023-04-07,1320.0,unknown,unknown,unknown,first_round,Hypothèse Bruno Retailleau / Olivier Faure,Fabien Roussel,PCF,left,5.0,,,,,,,1 1 5 19 – 8 – – – – 5 – – – – – – 10 – – – – – 7 – – 2 – 33 8,0.8
V2-FR-HARRIS-INTERACTIVE-088,https://en.wikipedia.org/wiki/Opinion_polling_for_the_2027_French_presidential_election,wikipedia_excel_v2,Harris Interactive,,,2023-04-06,2023-04-07,2023-04-07,1320.0,unknown,unknown,unknown,first_round,Hypothèse Bruno Retailleau / Olivier Faure,Jean-Luc Mélenchon,LFI,left,19.0,,,,,,,1 1 5 19 – 8 – – – – 5 – – – – – – 10 – – – – – 7 – – 2 – 33 8,0.8
V2-FR-HARRIS-INTERACTIVE-088,https://en.wikipedia.org/wiki/Opinion_polling_for_the_2027_French_presidential_election,wikipedia_excel_v2,Harris Interactive,,,2023-04-06,2023-04-07,2023-04-07,1320.0,unknown,unknown,unknown,first_round,Hypothèse Bruno Retailleau / Olivier Faure,Olivier Faure,PS,centre_gauche,8.0,,,,,,,1 1 5 19 – 8 – – – – 5 – – – – – – 10 – – – – – 7 – – 2 – 33 8,0.8
V2-FR-HARRIS-INTERACTIVE-088,https://en.wikipedia.org/wiki/Opinion_polling_for_the_2027_French_presidential_election,wikipedia_excel_v2,Harris Interactive,,,2023-04-06,2023-04-07,2023-04-07,1320.0,unknown,unknown,unknown,first_round,Hypothèse Bruno Retailleau / Olivier Faure,Gérald Darmanin,RE,centre_droit,5.0,,,,,,,1 1 5 19 – 8 – – – – 5 – – – – – – 10 – – – – – 7 – – 2 – 33 8,0.8
V2-FR-HARRIS-INTERACTIVE-088,https://en.wikipedia.org/wiki/Opinion_polling_for_the_2027_French_presidential_election,wikipedia_excel_v2,Harris Interactive,,,2023-04-06,2023-04-07,2023-04-07,1320.0,unknown,unknown,unknown,first_round,Hypothèse Bruno Retailleau / Olivier Faure,Bruno Retailleau,LR,right,10.0,,,,,,,1 1 5 19 – 8 – – – – 5 – – – – – – 10 – – – – – 7 – – 2 – 33 8,0.8
V2-FR-HARRIS-INTERACTIVE-088,https://en.wikipedia.org/wiki/Opinion_polling_for_the_2027_French_presidential_election,wikipedia_excel_v2,Harris Interactive,,,2023-04-06,2023-04-07,2023-04-07,1320.0,unknown,unknown,unknown,first_round,Hypothèse Bruno Retailleau / Olivier Faure,Éric Zemmour,REC,far_right,7.0,,,,,,,1 1 5 19 – 8 – – – – 5 – – – – – – 10 – – – – – 7 – – 2 – 33 8,0.8
V2-FR-HARRIS-INTERACTIVE-088,https://en.wikipedia.org/wiki/Opinion_polling_for_the_2027_French_presidential_election,wikipedia_excel_v2,Harris Interactive,,,2023-04-06,2023-04-07,2023-04-07,1320.0,unknown,unknown,unknown,first_round,Hypothèse Bruno Retailleau / Olivier Faure,Sébastien Chenu,RN,droite_nationale,2.0,,,,,,,1 1 5 19 – 8 – – – – 5 – – – – – – 10 – – – – – 7 – – 2 – 33 8,0.8
V2-FR-HARRIS-INTERACTIVE-089,https://en.wikipedia.org/wiki/Opinion_polling_for_the_2027_French_presidential_election,wikipedia_excel_v2,Harris Interactive,,,2023-04-06,2023-04-07,2023-04-07,1320.0,unknown,unknown,unknown,first_round,Hypothèse Jordan Bardella / François Hollande,Arlette Arthaud,LO,far_left,1.0,,,,,,,1 1 4 17 – – 3 – – – 4 – – – – – – – – – 24 – – 5 – – 2 – 31 7,0.8
V2-FR-HARRIS-INTERACTIVE-089,https://en.wikipedia.org/wiki/Opinion_polling_for_the_2027_French_presidential_election,wikipedia_excel_v2,Harris Interactive,,,2023-04-06,2023-04-07,2023-04-07,1320.0,unknown,unknown,unknown,first_round,Hypothèse Jordan Bardella / François Hollande,Philippe Poutou,NPA-A,far_left,1.0,,,,,,,1 1 4 17 – – 3 – – – 4 – – – – – – – – – 24 – – 5 – – 2 – 31 7,0.8
V2-FR-HARRIS-INTERACTIVE-089,https://en.wikipedia.org/wiki/Opinion_polling_for_the_2027_French_presidential_election,wikipedia_excel_v2,Harris Interactive,,,2023-04-06,2023-04-07,2023-04-07,1320.0,unknown,unknown,unknown,first_round,Hypothèse Jordan Bardella / François Hollande,Fabien Roussel,PCF,left,4.0,,,,,,,1 1 4 17 – – 3 – – – 4 – – – – – – – – – 24 – – 5 – – 2 – 31 7,0.8
V2-FR-HARRIS-INTERACTIVE-089,https://en.wikipedia.org/wiki/Opinion_polling_for_the_2027_French_presidential_election,wikipedia_excel_v2,Harris Interactive,,,2023-04-06,2023-04-07,2023-04-07,1320.0,unknown,unknown,unknown,first_round,Hypothèse Jordan Bardella / François Hollande,Jean-Luc Mélenchon,LFI,left,17.0,,,,,,,1 1 4 17 – – 3 – – – 4 – – – – – – – – – 24 – – 5 – – 2 – 31 7,0.8
V2-FR-HARRIS-INTERACTIVE-089,https://en.wikipedia.org/wiki/Opinion_polling_for_the_2027_French_presidential_election,wikipedia_excel_v2,Harris Interactive,,,2023-04-06,2023-04-07,2023-04-07,1320.0,unknown,unknown,unknown,first_round,Hypothèse Jordan Bardella / François Hollande,François Hollande,PS,centre_gauche,3.0,,,,,,,1 1 4 17 – – 3 – – – 4 – – – – – – – – – 24 – – 5 – – 2 – 31 7,0.8
V2-FR-HARRIS-INTERACTIVE-089,https://en.wikipedia.org/wiki/Opinion_polling_for_the_2027_French_presidential_election,wikipedia_excel_v2,Harris Interactive,,,2023-04-06,2023-04-07,2023-04-07,1320.0,unknown,unknown,unknown,first_round,Hypothèse Jordan Bardella / François Hollande,Gérald Darmanin,RE,centre_droit,4.0,,,,,,,1 1 4 17 – – 3 – – – 4 – – – – – – – – – 24 – – 5 – – 2 – 31 7,0.8
V2-FR-HARRIS-INTERACTIVE-089,https://en.wikipedia.org/wiki/Opinion_polling_for_the_2027_French_presidential_election,wikipedia_excel_v2,Harris Interactive,,,2023-04-06,2023-04-07,2023-04-07,1320.0,unknown,unknown,unknown,first_round,Hypothèse Jordan Bardella / François Hollande,Jordan Bardella,RN,nationalist_right,24.0,,,,,,,1 1 4 17 – – 3 – – – 4 – – – – – – – – – 24 – – 5 – – 2 – 31 7,0.8
V2-FR-HARRIS-INTERACTIVE-089,https://en.wikipedia.org/wiki/Opinion_polling_for_the_2027_French_presidential_election,wikipedia_excel_v2,Harris Interactive,,,2023-04-06,2023-04-07,2023-04-07,1320.0,unknown,unknown,unknown,first_round,Hypothèse Jordan Bardella / François Hollande,Éric Zemmour,REC,far_right,5.0,,,,,,,1 1 4 17 – – 3 – – – 4 – – – – – – – – – 24 – – 5 – – 2 – 31 7,0.8
V2-FR-HARRIS-INTERACTIVE-089,https://en.wikipedia.org/wiki/Opinion_polling_for_the_2027_French_presidential_election,wikipedia_excel_v2,Harris Interactive,,,2023-04-06,2023-04-07,2023-04-07,1320.0,unknown,unknown,unknown,first_round,Hypothèse Jordan Bardella / François Hollande,Sébastien Chenu,RN,droite_nationale,2.0,,,,,,,1 1 4 17 – – 3 – – – 4 – – – – – – – – – 24 – – 5 – – 2 – 31 7,0.8
V2-FR-IFOP-090,https://en.wikipedia.org/wiki/Opinion_polling_for_the_2027_French_presidential_election,wikipedia_excel_v2,Ifop,,,2023-03-30,2023-03-31,2023-03-31,1105.0,unknown,unknown,unknown,first_round,Hypothèse Jordan Bardella / Raphaël Glucksmann / François Bayrou,Arlette Arthaud,LO,far_left,1.0,,,,,,,1 2.5 5 17 – – – 3 – – – – 1 – – – – – – – 26 2 – 5 – – 2.5 – 29 6,0.8
V2-FR-IFOP-090,https://en.wikipedia.org/wiki/Opinion_polling_for_the_2027_French_presidential_election,wikipedia_excel_v2,Ifop,,,2023-03-30,2023-03-31,2023-03-31,1105.0,unknown,unknown,unknown,first_round,Hypothèse Jordan Bardella / Raphaël Glucksmann / François Bayrou,Philippe Poutou,NPA-A,far_left,2.5,,,,,,,1 2.5 5 17 – – – 3 – – – – 1 – – – – – – – 26 2 – 5 – – 2.5 – 29 6,0.8
V2-FR-IFOP-090,https://en.wikipedia.org/wiki/Opinion_polling_for_the_2027_French_presidential_election,wikipedia_excel_v2,Ifop,,,2023-03-30,2023-03-31,2023-03-31,1105.0,unknown,unknown,unknown,first_round,Hypothèse Jordan Bardella / Raphaël Glucksmann / François Bayrou,Fabien Roussel,PCF,left,5.0,,,,,,,1 2.5 5 17 – – – 3 – – – – 1 – – – – – – – 26 2 – 5 – – 2.5 – 29 6,0.8
V2-FR-IFOP-090,https://en.wikipedia.org/wiki/Opinion_polling_for_the_2027_French_presidential_election,wikipedia_excel_v2,Ifop,,,2023-03-30,2023-03-31,2023-03-31,1105.0,unknown,unknown,unknown,first_round,Hypothèse Jordan Bardella / Raphaël Glucksmann / François Bayrou,Jean-Luc Mélenchon,LFI,left,17.0,,,,,,,1 2.5 5 17 – – – 3 – – – – 1 – – – – – – – 26 2 – 5 – – 2.5 – 29 6,0.8
V2-FR-IFOP-090,https://en.wikipedia.org/wiki/Opinion_polling_for_the_2027_French_presidential_election,wikipedia_excel_v2,Ifop,,,2023-03-30,2023-03-31,2023-03-31,1105.0,unknown,unknown,unknown,first_round,Hypothèse Jordan Bardella / Raphaël Glucksmann / François Bayrou,Raphaël Glucksmann,PP,centre_gauche,3.0,,,,,,,1 2.5 5 17 – – – 3 – – – – 1 – – – – – – – 26 2 – 5 – – 2.5 – 29 6,0.8
V2-FR-IFOP-090,https://en.wikipedia.org/wiki/Opinion_polling_for_the_2027_French_presidential_election,wikipedia_excel_v2,Ifop,,,2023-03-30,2023-03-31,2023-03-31,1105.0,unknown,unknown,unknown,first_round,Hypothèse Jordan Bardella / Raphaël Glucksmann / François Bayrou,François Bayrou,MoDem,centre,1.0,,,,,,,1 2.5 5 17 – – – 3 – – – – 1 – – – – – – – 26 2 – 5 – – 2.5 – 29 6,0.8
V2-FR-IFOP-090,https://en.wikipedia.org/wiki/Opinion_polling_for_the_2027_French_presidential_election,wikipedia_excel_v2,Ifop,,,2023-03-30,2023-03-31,2023-03-31,1105.0,unknown,unknown,unknown,first_round,Hypothèse Jordan Bardella / Raphaël Glucksmann / François Bayrou,Jordan Bardella,RN,nationalist_right,26.0,,,,,,,1 2.5 5 17 – – – 3 – – – – 1 – – – – – – – 26 2 – 5 – – 2.5 – 29 6,0.8
V2-FR-IFOP-090,https://en.wikipedia.org/wiki/Opinion_polling_for_the_2027_French_presidential_election,wikipedia_excel_v2,Ifop,,,2023-03-30,2023-03-31,2023-03-31,1105.0,unknown,unknown,unknown,first_round,Hypothèse Jordan Bardella / Raphaël Glucksmann / François Bayrou,Philippe de Villiers,,droite_souverainiste,2.0,,,,,,,1 2.5 5 17 – – – 3 – – – – 1 – – – – – – – 26 2 – 5 – – 2.5 – 29 6,0.8
V2-FR-IFOP-090,https://en.wikipedia.org/wiki/Opinion_polling_for_the_2027_French_presidential_election,wikipedia_excel_v2,Ifop,,,2023-03-30,2023-03-31,2023-03-31,1105.0,unknown,unknown,unknown,first_round,Hypothèse Jordan Bardella / Raphaël Glucksmann / François Bayrou,Éric Zemmour,REC,far_right,5.0,,,,,,,1 2.5 5 17 – – – 3 – – – – 1 – – – – – – – 26 2 – 5 – – 2.5 – 29 6,0.8
V2-FR-IFOP-090,https://en.wikipedia.org/wiki/Opinion_polling_for_the_2027_French_presidential_election,wikipedia_excel_v2,Ifop,,,2023-03-30,2023-03-31,2023-03-31,1105.0,unknown,unknown,unknown,first_round,Hypothèse Jordan Bardella / Raphaël Glucksmann / François Bayrou,Sébastien Chenu,RN,droite_nationale,2.5,,,,,,,1 2.5 5 17 – – – 3 – – – – 1 – – – – – – – 26 2 – 5 – – 2.5 – 29 6,0.8
V2-FR-IFOP-091,https://en.wikipedia.org/wiki/Opinion_polling_for_the_2027_French_presidential_election,wikipedia_excel_v2,Ifop,,,2023-03-30,2023-03-31,2023-03-31,1105.0,unknown,unknown,unknown,first_round,Hypothèse Jordan Bardella,Arlette Arthaud,LO,far_left,1.0,,,,,,,1 2.5 – 22 – – – – – – – – – – – – – – – – 28 2.5 – 4 – – 3 – 31 6,0.8
V2-FR-IFOP-091,https://en.wikipedia.org/wiki/Opinion_polling_for_the_2027_French_presidential_election,wikipedia_excel_v2,Ifop,,,2023-03-30,2023-03-31,2023-03-31,1105.0,unknown,unknown,unknown,first_round,Hypothèse Jordan Bardella,Philippe Poutou,NPA-A,far_left,2.5,,,,,,,1 2.5 – 22 – – – – – – – – – – – – – – – – 28 2.5 – 4 – – 3 – 31 6,0.8
V2-FR-IFOP-091,https://en.wikipedia.org/wiki/Opinion_polling_for_the_2027_French_presidential_election,wikipedia_excel_v2,Ifop,,,2023-03-30,2023-03-31,2023-03-31,1105.0,unknown,unknown,unknown,first_round,Hypothèse Jordan Bardella,Jean-Luc Mélenchon,LFI,left,22.0,,,,,,,1 2.5 – 22 – – – – – – – – – – – – – – – – 28 2.5 – 4 – – 3 – 31 6,0.8
V2-FR-IFOP-091,https://en.wikipedia.org/wiki/Opinion_polling_for_the_2027_French_presidential_election,wikipedia_excel_v2,Ifop,,,2023-03-30,2023-03-31,2023-03-31,1105.0,unknown,unknown,unknown,first_round,Hypothèse Jordan Bardella,Jordan Bardella,RN,nationalist_right,28.0,,,,,,,1 2.5 – 22 – – – – – – – – – – – – – – – – 28 2.5 – 4 – – 3 – 31 6,0.8
V2-FR-IFOP-091,https://en.wikipedia.org/wiki/Opinion_polling_for_the_2027_French_presidential_election,wikipedia_excel_v2,Ifop,,,2023-03-30,2023-03-31,2023-03-31,1105.0,unknown,unknown,unknown,first_round,Hypothèse Jordan Bardella,Philippe de Villiers,,droite_souverainiste,2.5,,,,,,,1 2.5 – 22 – – – – – – – – – – – – – – – – 28 2.5 – 4 – – 3 – 31 6,0.8
V2-FR-IFOP-091,https://en.wikipedia.org/wiki/Opinion_polling_for_the_2027_French_presidential_election,wikipedia_excel_v2,Ifop,,,2023-03-30,2023-03-31,2023-03-31,1105.0,unknown,unknown,unknown,first_round,Hypothèse Jordan Bardella,Éric Zemmour,REC,far_right,4.0,,,,,,,1 2.5 – 22 – – – – – – – – – – – – – – – – 28 2.5 – 4 – – 3 – 31 6,0.8
V2-FR-IFOP-091,https://en.wikipedia.org/wiki/Opinion_polling_for_the_2027_French_presidential_election,wikipedia_excel_v2,Ifop,,,2023-03-30,2023-03-31,2023-03-31,1105.0,unknown,unknown,unknown,first_round,Hypothèse Jordan Bardella,Sébastien Chenu,RN,droite_nationale,3.0,,,,,,,1 2.5 – 22 – – – – – – – – – – – – – – – – 28 2.5 – 4 – – 3 – 31 6,0.8
V2-FR-IFOP-092,https://en.wikipedia.org/wiki/Opinion_polling_for_the_2027_French_presidential_election,wikipedia_excel_v2,Ifop,,,2023-03-30,2023-03-31,2023-03-31,1105.0,unknown,unknown,unknown,first_round,Hypothèse Raphaël Glucksmann / François Bayrou / Cyril Hanouna,Arlette Arthaud,LO,far_left,1.0,,,,,,,1 2.5 6 20 – – – 2 – – – – 1 – – – – – 18 – – 2.5 – 6 – – 3 – 32 6,0.8
V2-FR-IFOP-092,https://en.wikipedia.org/wiki/Opinion_polling_for_the_2027_French_presidential_election,wikipedia_excel_v2,Ifop,,,2023-03-30,2023-03-31,2023-03-31,1105.0,unknown,unknown,unknown,first_round,Hypothèse Raphaël Glucksmann / François Bayrou / Cyril Hanouna,Philippe Poutou,NPA-A,far_left,2.5,,,,,,,1 2.5 6 20 – – – 2 – – – – 1 – – – – – 18 – – 2.5 – 6 – – 3 – 32 6,0.8
V2-FR-IFOP-092,https://en.wikipedia.org/wiki/Opinion_polling_for_the_2027_French_presidential_election,wikipedia_excel_v2,Ifop,,,2023-03-30,2023-03-31,2023-03-31,1105.0,unknown,unknown,unknown,first_round,Hypothèse Raphaël Glucksmann / François Bayrou / Cyril Hanouna,Fabien Roussel,PCF,left,6.0,,,,,,,1 2.5 6 20 – – – 2 – – – – 1 – – – – – 18 – – 2.5 – 6 – – 3 – 32 6,0.8
V2-FR-IFOP-092,https://en.wikipedia.org/wiki/Opinion_polling_for_the_2027_French_presidential_election,wikipedia_excel_v2,Ifop,,,2023-03-30,2023-03-31,2023-03-31,1105.0,unknown,unknown,unknown,first_round,Hypothèse Raphaël Glucksmann / François Bayrou / Cyril Hanouna,Jean-Luc Mélenchon,LFI,left,20.0,,,,,,,1 2.5 6 20 – – – 2 – – – – 1 – – – – – 18 – – 2.5 – 6 – – 3 – 32 6,0.8
V2-FR-IFOP-092,https://en.wikipedia.org/wiki/Opinion_polling_for_the_2027_French_presidential_election,wikipedia_excel_v2,Ifop,,,2023-03-30,2023-03-31,2023-03-31,1105.0,unknown,unknown,unknown,first_round,Hypothèse Raphaël Glucksmann / François Bayrou / Cyril Hanouna,Raphaël Glucksmann,PP,centre_gauche,2.0,,,,,,,1 2.5 6 20 – – – 2 – – – – 1 – – – – – 18 – – 2.5 – 6 – – 3 – 32 6,0.8
V2-FR-IFOP-092,https://en.wikipedia.org/wiki/Opinion_polling_for_the_2027_French_presidential_election,wikipedia_excel_v2,Ifop,,,2023-03-30,2023-03-31,2023-03-31,1105.0,unknown,unknown,unknown,first_round,Hypothèse Raphaël Glucksmann / François Bayrou / Cyril Hanouna,François Bayrou,MoDem,centre,1.0,,,,,,,1 2.5 6 20 – – – 2 – – – – 1 – – – – – 18 – – 2.5 – 6 – – 3 – 32 6,0.8
V2-FR-IFOP-092,https://en.wikipedia.org/wiki/Opinion_polling_for_the_2027_French_presidential_election,wikipedia_excel_v2,Ifop,,,2023-03-30,2023-03-31,2023-03-31,1105.0,unknown,unknown,unknown,first_round,Hypothèse Raphaël Glucksmann / François Bayrou / Cyril Hanouna,Cyril Hanouna,,hors_champ,18.0,,,,,,,1 2.5 6 20 – – – 2 – – – – 1 – – – – – 18 – – 2.5 – 6 – – 3 – 32 6,0.8
V2-FR-IFOP-092,https://en.wikipedia.org/wiki/Opinion_polling_for_the_2027_French_presidential_election,wikipedia_excel_v2,Ifop,,,2023-03-30,2023-03-31,2023-03-31,1105.0,unknown,unknown,unknown,first_round,Hypothèse Raphaël Glucksmann / François Bayrou / Cyril Hanouna,Philippe de Villiers,,droite_souverainiste,2.5,,,,,,,1 2.5 6 20 – – – 2 – – – – 1 – – – – – 18 – – 2.5 – 6 – – 3 – 32 6,0.8
V2-FR-IFOP-092,https://en.wikipedia.org/wiki/Opinion_polling_for_the_2027_French_presidential_election,wikipedia_excel_v2,Ifop,,,2023-03-30,2023-03-31,2023-03-31,1105.0,unknown,unknown,unknown,first_round,Hypothèse Raphaël Glucksmann / François Bayrou / Cyril Hanouna,Éric Zemmour,REC,far_right,6.0,,,,,,,1 2.5 6 20 – – – 2 – – – – 1 – – – – – 18 – – 2.5 – 6 – – 3 – 32 6,0.8
V2-FR-IFOP-092,https://en.wikipedia.org/wiki/Opinion_polling_for_the_2027_French_presidential_election,wikipedia_excel_v2,Ifop,,,2023-03-30,2023-03-31,2023-03-31,1105.0,unknown,unknown,unknown,first_round,Hypothèse Raphaël Glucksmann / François Bayrou / Cyril Hanouna,Sébastien Chenu,RN,droite_nationale,3.0,,,,,,,1 2.5 6 20 – – – 2 – – – – 1 – – – – – 18 – – 2.5 – 6 – – 3 – 32 6,0.8
V2-FR-IFOP-093,https://en.wikipedia.org/wiki/Opinion_polling_for_the_2027_French_presidential_election,wikipedia_excel_v2,Ifop,,,2023-03-30,2023-03-31,2023-03-31,1105.0,unknown,unknown,unknown,first_round,Hypothèse Raphaël Glucksmann / Bruno Retailleau / François Bayrou,Arlette Arthaud,LO,far_left,0.5,,,,,,,0.5 2.5 5 20 – – – 3 – – – – 2 – – – – 11 – – – 2 – 8 – – 4 – 35 7,0.8
V2-FR-IFOP-093,https://en.wikipedia.org/wiki/Opinion_polling_for_the_2027_French_presidential_election,wikipedia_excel_v2,Ifop,,,2023-03-30,2023-03-31,2023-03-31,1105.0,unknown,unknown,unknown,first_round,Hypothèse Raphaël Glucksmann / Bruno Retailleau / François Bayrou,Philippe Poutou,NPA-A,far_left,2.5,,,,,,,0.5 2.5 5 20 – – – 3 – – – – 2 – – – – 11 – – – 2 – 8 – – 4 – 35 7,0.8
V2-FR-IFOP-093,https://en.wikipedia.org/wiki/Opinion_polling_for_the_2027_French_presidential_election,wikipedia_excel_v2,Ifop,,,2023-03-30,2023-03-31,2023-03-31,1105.0,unknown,unknown,unknown,first_round,Hypothèse Raphaël Glucksmann / Bruno Retailleau / François Bayrou,Fabien Roussel,PCF,left,5.0,,,,,,,0.5 2.5 5 20 – – – 3 – – – – 2 – – – – 11 – – – 2 – 8 – – 4 – 35 7,0.8
V2-FR-IFOP-093,https://en.wikipedia.org/wiki/Opinion_polling_for_the_2027_French_presidential_election,wikipedia_excel_v2,Ifop,,,2023-03-30,2023-03-31,2023-03-31,1105.0,unknown,unknown,unknown,first_round,Hypothèse Raphaël Glucksmann / Bruno Retailleau / François Bayrou,Jean-Luc Mélenchon,LFI,left,20.0,,,,,,,0.5 2.5 5 20 – – – 3 – – – – 2 – – – – 11 – – – 2 – 8 – – 4 – 35 7,0.8
V2-FR-IFOP-093,https://en.wikipedia.org/wiki/Opinion_polling_for_the_2027_French_presidential_election,wikipedia_excel_v2,Ifop,,,2023-03-30,2023-03-31,2023-03-31,1105.0,unknown,unknown,unknown,first_round,Hypothèse Raphaël Glucksmann / Bruno Retailleau / François Bayrou,Raphaël Glucksmann,PP,centre_gauche,3.0,,,,,,,0.5 2.5 5 20 – – – 3 – – – – 2 – – – – 11 – – – 2 – 8 – – 4 – 35 7,0.8
V2-FR-IFOP-093,https://en.wikipedia.org/wiki/Opinion_polling_for_the_2027_French_presidential_election,wikipedia_excel_v2,Ifop,,,2023-03-30,2023-03-31,2023-03-31,1105.0,unknown,unknown,unknown,first_round,Hypothèse Raphaël Glucksmann / Bruno Retailleau / François Bayrou,François Bayrou,MoDem,centre,2.0,,,,,,,0.5 2.5 5 20 – – – 3 – – – – 2 – – – – 11 – – – 2 – 8 – – 4 – 35 7,0.8
V2-FR-IFOP-093,https://en.wikipedia.org/wiki/Opinion_polling_for_the_2027_French_presidential_election,wikipedia_excel_v2,Ifop,,,2023-03-30,2023-03-31,2023-03-31,1105.0,unknown,unknown,unknown,first_round,Hypothèse Raphaël Glucksmann / Bruno Retailleau / François Bayrou,Bruno Retailleau,LR,right,11.0,,,,,,,0.5 2.5 5 20 – – – 3 – – – – 2 – – – – 11 – – – 2 – 8 – – 4 – 35 7,0.8
V2-FR-IFOP-093,https://en.wikipedia.org/wiki/Opinion_polling_for_the_2027_French_presidential_election,wikipedia_excel_v2,Ifop,,,2023-03-30,2023-03-31,2023-03-31,1105.0,unknown,unknown,unknown,first_round,Hypothèse Raphaël Glucksmann / Bruno Retailleau / François Bayrou,Philippe de Villiers,,droite_souverainiste,2.0,,,,,,,0.5 2.5 5 20 – – – 3 – – – – 2 – – – – 11 – – – 2 – 8 – – 4 – 35 7,0.8
V2-FR-IFOP-093,https://en.wikipedia.org/wiki/Opinion_polling_for_the_2027_French_presidential_election,wikipedia_excel_v2,Ifop,,,2023-03-30,2023-03-31,2023-03-31,1105.0,unknown,unknown,unknown,first_round,Hypothèse Raphaël Glucksmann / Bruno Retailleau / François Bayrou,Éric Zemmour,REC,far_right,8.0,,,,,,,0.5 2.5 5 20 – – – 3 – – – – 2 – – – – 11 – – – 2 – 8 – – 4 – 35 7,0.8
V2-FR-IFOP-093,https://en.wikipedia.org/wiki/Opinion_polling_for_the_2027_French_presidential_election,wikipedia_excel_v2,Ifop,,,2023-03-30,2023-03-31,2023-03-31,1105.0,unknown,unknown,unknown,first_round,Hypothèse Raphaël Glucksmann / Bruno Retailleau / François Bayrou,Sébastien Chenu,RN,droite_nationale,4.0,,,,,,,0.5 2.5 5 20 – – – 3 – – – – 2 – – – – 11 – – – 2 – 8 – – 4 – 35 7,0.8
V2-FR-IFOP-094,https://en.wikipedia.org/wiki/Opinion_polling_for_the_2027_French_presidential_election,wikipedia_excel_v2,Ifop,,,2023-03-30,2023-03-31,2023-03-31,1105.0,unknown,unknown,unknown,first_round,Hypothèse Raphaël Glucksmann / François Bayrou / Fabien Roussel,Arlette Arthaud,LO,far_left,1.0,,,,,,,1 1.5 6.5 20 – – – 2 – – – – 1 – – – – – – 9 – 3 – 10 – – 3 – 36 7,0.8
V2-FR-IFOP-094,https://en.wikipedia.org/wiki/Opinion_polling_for_the_2027_French_presidential_election,wikipedia_excel_v2,Ifop,,,2023-03-30,2023-03-31,2023-03-31,1105.0,unknown,unknown,unknown,first_round,Hypothèse Raphaël Glucksmann / François Bayrou / Fabien Roussel,Philippe Poutou,NPA-A,far_left,1.5,,,,,,,1 1.5 6.5 20 – – – 2 – – – – 1 – – – – – – 9 – 3 – 10 – – 3 – 36 7,0.8
V2-FR-IFOP-094,https://en.wikipedia.org/wiki/Opinion_polling_for_the_2027_French_presidential_election,wikipedia_excel_v2,Ifop,,,2023-03-30,2023-03-31,2023-03-31,1105.0,unknown,unknown,unknown,first_round,Hypothèse Raphaël Glucksmann / François Bayrou / Fabien Roussel,Fabien Roussel,PCF,left,6.5,,,,,,,1 1.5 6.5 20 – – – 2 – – – – 1 – – – – – – 9 – 3 – 10 – – 3 – 36 7,0.8
V2-FR-IFOP-094,https://en.wikipedia.org/wiki/Opinion_polling_for_the_2027_French_presidential_election,wikipedia_excel_v2,Ifop,,,2023-03-30,2023-03-31,2023-03-31,1105.0,unknown,unknown,unknown,first_round,Hypothèse Raphaël Glucksmann / François Bayrou / Fabien Roussel,Jean-Luc Mélenchon,LFI,left,20.0,,,,,,,1 1.5 6.5 20 – – – 2 – – – – 1 – – – – – – 9 – 3 – 10 – – 3 – 36 7,0.8
V2-FR-IFOP-094,https://en.wikipedia.org/wiki/Opinion_polling_for_the_2027_French_presidential_election,wikipedia_excel_v2,Ifop,,,2023-03-30,2023-03-31,2023-03-31,1105.0,unknown,unknown,unknown,first_round,Hypothèse Raphaël Glucksmann / François Bayrou / Fabien Roussel,Raphaël Glucksmann,PP,centre_gauche,2.0,,,,,,,1 1.5 6.5 20 – – – 2 – – – – 1 – – – – – – 9 – 3 – 10 – – 3 – 36 7,0.8
V2-FR-IFOP-094,https://en.wikipedia.org/wiki/Opinion_polling_for_the_2027_French_presidential_election,wikipedia_excel_v2,Ifop,,,2023-03-30,2023-03-31,2023-03-31,1105.0,unknown,unknown,unknown,first_round,Hypothèse Raphaël Glucksmann / François Bayrou / Fabien Roussel,François Bayrou,MoDem,centre,1.0,,,,,,,1 1.5 6.5 20 – – – 2 – – – – 1 – – – – – – 9 – 3 – 10 – – 3 – 36 7,0.8
V2-FR-IFOP-094,https://en.wikipedia.org/wiki/Opinion_polling_for_the_2027_French_presidential_election,wikipedia_excel_v2,Ifop,,,2023-03-30,2023-03-31,2023-03-31,1105.0,unknown,unknown,unknown,first_round,Hypothèse Raphaël Glucksmann / François Bayrou / Fabien Roussel,Nicolas Dupont-Aignan,DLF,sovereigntist_right,9.0,,,,,,,1 1.5 6.5 20 – – – 2 – – – – 1 – – – – – – 9 – 3 – 10 – – 3 – 36 7,0.8
V2-FR-IFOP-094,https://en.wikipedia.org/wiki/Opinion_polling_for_the_2027_French_presidential_election,wikipedia_excel_v2,Ifop,,,2023-03-30,2023-03-31,2023-03-31,1105.0,unknown,unknown,unknown,first_round,Hypothèse Raphaël Glucksmann / François Bayrou / Fabien Roussel,Philippe de Villiers,,droite_souverainiste,3.0,,,,,,,1 1.5 6.5 20 – – – 2 – – – – 1 – – – – – – 9 – 3 – 10 – – 3 – 36 7,0.8
V2-FR-IFOP-094,https://en.wikipedia.org/wiki/Opinion_polling_for_the_2027_French_presidential_election,wikipedia_excel_v2,Ifop,,,2023-03-30,2023-03-31,2023-03-31,1105.0,unknown,unknown,unknown,first_round,Hypothèse Raphaël Glucksmann / François Bayrou / Fabien Roussel,Éric Zemmour,REC,far_right,10.0,,,,,,,1 1.5 6.5 20 – – – 2 – – – – 1 – – – – – – 9 – 3 – 10 – – 3 – 36 7,0.8
V2-FR-IFOP-094,https://en.wikipedia.org/wiki/Opinion_polling_for_the_2027_French_presidential_election,wikipedia_excel_v2,Ifop,,,2023-03-30,2023-03-31,2023-03-31,1105.0,unknown,unknown,unknown,first_round,Hypothèse Raphaël Glucksmann / François Bayrou / Fabien Roussel,Sébastien Chenu,RN,droite_nationale,3.0,,,,,,,1 1.5 6.5 20 – – – 2 – – – – 1 – – – – – – 9 – 3 – 10 – – 3 – 36 7,0.8
V2-SR-ODOXA-001,https://fr.wikipedia.org/wiki/Liste_de_sondages_sur_l%27%C3%A9lection_pr%C3%A9sidentielle_fran%C3%A7aise_de_2027,wikipedia_excel_v2,Odoxa,,,2026-05-20,2026-05-21,2026-05-21,1005.0,unknown,unknown,unknown,second_round,Édouard Philippe / Jordan Bardella,Édouard Philippe,HOR,centre_droit,48.0,,,,,,,Philippe vs Bardella / Édouard Philippe,0.9
V2-SR-ODOXA-001,https://fr.wikipedia.org/wiki/Liste_de_sondages_sur_l%27%C3%A9lection_pr%C3%A9sidentielle_fran%C3%A7aise_de_2027,wikipedia_excel_v2,Odoxa,,,2026-05-20,2026-05-21,2026-05-21,1005.0,unknown,unknown,unknown,second_round,Édouard Philippe / Jordan Bardella,Jordan Bardella,RN,droite_nationale,52.0,,,,,,,Philippe vs Bardella / Jordan Bardella,0.9
V2-SR-ELABE-002,https://fr.wikipedia.org/wiki/Liste_de_sondages_sur_l%27%C3%A9lection_pr%C3%A9sidentielle_fran%C3%A7aise_de_2027,wikipedia_excel_v2,Elabe,,,2026-03-25,2026-03-27,2026-03-27,1504.0,unknown,unknown,unknown,second_round,Édouard Philippe / Jordan Bardella,Édouard Philippe,HOR,centre_droit,51.5,,,,,,,Philippe vs Bardella / Édouard Philippe,0.9
V2-SR-ELABE-002,https://fr.wikipedia.org/wiki/Liste_de_sondages_sur_l%27%C3%A9lection_pr%C3%A9sidentielle_fran%C3%A7aise_de_2027,wikipedia_excel_v2,Elabe,,,2026-03-25,2026-03-27,2026-03-27,1504.0,unknown,unknown,unknown,second_round,Édouard Philippe / Jordan Bardella,Jordan Bardella,RN,droite_nationale,48.5,,,,,,,Philippe vs Bardella / Jordan Bardella,0.9
V2-SR-ODOXA-003,https://fr.wikipedia.org/wiki/Liste_de_sondages_sur_l%27%C3%A9lection_pr%C3%A9sidentielle_fran%C3%A7aise_de_2027,wikipedia_excel_v2,Odoxa,,,2026-03-25,2026-03-26,2026-03-26,1005.0,unknown,unknown,unknown,second_round,Édouard Philippe / Jordan Bardella,Édouard Philippe,HOR,centre_droit,52.0,,,,,,,Philippe vs Bardella / Édouard Philippe,0.9
V2-SR-ODOXA-003,https://fr.wikipedia.org/wiki/Liste_de_sondages_sur_l%27%C3%A9lection_pr%C3%A9sidentielle_fran%C3%A7aise_de_2027,wikipedia_excel_v2,Odoxa,,,2026-03-25,2026-03-26,2026-03-26,1005.0,unknown,unknown,unknown,second_round,Édouard Philippe / Jordan Bardella,Jordan Bardella,RN,droite_nationale,48.0,,,,,,,Philippe vs Bardella / Jordan Bardella,0.9
V2-SR-ODOXA-004,https://fr.wikipedia.org/wiki/Liste_de_sondages_sur_l%27%C3%A9lection_pr%C3%A9sidentielle_fran%C3%A7aise_de_2027,wikipedia_excel_v2,Odoxa,,,2025-11-19,2025-11-20,2025-11-20,1004.0,unknown,unknown,unknown,second_round,Édouard Philippe / Jordan Bardella,Édouard Philippe,HOR,centre_droit,47.0,,,,,,,Philippe vs Bardella / Édouard Philippe,0.9
V2-SR-ODOXA-004,https://fr.wikipedia.org/wiki/Liste_de_sondages_sur_l%27%C3%A9lection_pr%C3%A9sidentielle_fran%C3%A7aise_de_2027,wikipedia_excel_v2,Odoxa,,,2025-11-19,2025-11-20,2025-11-20,1004.0,unknown,unknown,unknown,second_round,Édouard Philippe / Jordan Bardella,Jordan Bardella,RN,droite_nationale,53.0,,,,,,,Philippe vs Bardella / Jordan Bardella,0.9
V2-SR-IFOP/HEXAGONE-005,https://fr.wikipedia.org/wiki/Liste_de_sondages_sur_l%27%C3%A9lection_pr%C3%A9sidentielle_fran%C3%A7aise_de_2027,wikipedia_excel_v2,Ifop/Hexagone,,,2025-04-11,2025-04-30,2025-04-30,9128.0,unknown,unknown,unknown,second_round,Édouard Philippe / Jordan Bardella,Édouard Philippe,HOR,centre_droit,50.0,,,,,,,Philippe vs Bardella / Édouard Philippe,0.9
V2-SR-IFOP/HEXAGONE-005,https://fr.wikipedia.org/wiki/Liste_de_sondages_sur_l%27%C3%A9lection_pr%C3%A9sidentielle_fran%C3%A7aise_de_2027,wikipedia_excel_v2,Ifop/Hexagone,,,2025-04-11,2025-04-30,2025-04-30,9128.0,unknown,unknown,unknown,second_round,Édouard Philippe / Jordan Bardella,Jordan Bardella,RN,droite_nationale,50.0,,,,,,,Philippe vs Bardella / Jordan Bardella,0.9
V2-SR-ODOXA-006,https://fr.wikipedia.org/wiki/Liste_de_sondages_sur_l%27%C3%A9lection_pr%C3%A9sidentielle_fran%C3%A7aise_de_2027,wikipedia_excel_v2,Odoxa,,,2025-04-23,2025-04-24,2025-04-24,1005.0,unknown,unknown,unknown,second_round,Édouard Philippe / Jordan Bardella,Édouard Philippe,HOR,centre_droit,54.0,,,,,,,Philippe vs Bardella / Édouard Philippe,0.9
V2-SR-ODOXA-006,https://fr.wikipedia.org/wiki/Liste_de_sondages_sur_l%27%C3%A9lection_pr%C3%A9sidentielle_fran%C3%A7aise_de_2027,wikipedia_excel_v2,Odoxa,,,2025-04-23,2025-04-24,2025-04-24,1005.0,unknown,unknown,unknown,second_round,Édouard Philippe / Jordan Bardella,Jordan Bardella,RN,droite_nationale,46.0,,,,,,,Philippe vs Bardella / Jordan Bardella,0.9
V2-SR-ODOXA-007,https://fr.wikipedia.org/wiki/Liste_de_sondages_sur_l%27%C3%A9lection_pr%C3%A9sidentielle_fran%C3%A7aise_de_2027,wikipedia_excel_v2,Odoxa,,,2025-11-19,2025-11-20,2025-11-20,1004.0,unknown,unknown,unknown,second_round,Gabriel Attal / Jordan Bardella,Gabriel Attal,RE,centre,44.0,,,,,,,Attal vs Bardella / Gabriel Attal,0.9
V2-SR-ODOXA-007,https://fr.wikipedia.org/wiki/Liste_de_sondages_sur_l%27%C3%A9lection_pr%C3%A9sidentielle_fran%C3%A7aise_de_2027,wikipedia_excel_v2,Odoxa,,,2025-11-19,2025-11-20,2025-11-20,1004.0,unknown,unknown,unknown,second_round,Gabriel Attal / Jordan Bardella,Jordan Bardella,RN,droite_nationale,56.0,,,,,,,Attal vs Bardella / Jordan Bardella,0.9
V2-SR-IFOP/HEXAGONE-008,https://fr.wikipedia.org/wiki/Liste_de_sondages_sur_l%27%C3%A9lection_pr%C3%A9sidentielle_fran%C3%A7aise_de_2027,wikipedia_excel_v2,Ifop/Hexagone,,,2025-04-11,2025-04-30,2025-04-30,9128.0,unknown,unknown,unknown,second_round,Gabriel Attal / Jordan Bardella,Gabriel Attal,RE,centre,48.0,,,,,,,Attal vs Bardella / Gabriel Attal,0.9
V2-SR-IFOP/HEXAGONE-008,https://fr.wikipedia.org/wiki/Liste_de_sondages_sur_l%27%C3%A9lection_pr%C3%A9sidentielle_fran%C3%A7aise_de_2027,wikipedia_excel_v2,Ifop/Hexagone,,,2025-04-11,2025-04-30,2025-04-30,9128.0,unknown,unknown,unknown,second_round,Gabriel Attal / Jordan Bardella,Jordan Bardella,RN,droite_nationale,52.0,,,,,,,Attal vs Bardella / Jordan Bardella,0.9
V2-SR-ELABE-009,https://fr.wikipedia.org/wiki/Liste_de_sondages_sur_l%27%C3%A9lection_pr%C3%A9sidentielle_fran%C3%A7aise_de_2027,wikipedia_excel_v2,Elabe,,,2026-03-25,2026-03-27,2026-03-27,1504.0,unknown,unknown,unknown,second_round,Raphaël Glucksmann / Jordan Bardella,Raphaël Glucksmann,PP,centre_gauche,41.5,,,,,,,Glucksmann vs Bardella / Raphaël Glucksmann,0.9
V2-SR-ELABE-009,https://fr.wikipedia.org/wiki/Liste_de_sondages_sur_l%27%C3%A9lection_pr%C3%A9sidentielle_fran%C3%A7aise_de_2027,wikipedia_excel_v2,Elabe,,,2026-03-25,2026-03-27,2026-03-27,1504.0,unknown,unknown,unknown,second_round,Raphaël Glucksmann / Jordan Bardella,Jordan Bardella,RN,droite_nationale,58.5,,,,,,,Glucksmann vs Bardella / Jordan Bardella,0.9
V2-SR-ODOXA-010,https://fr.wikipedia.org/wiki/Liste_de_sondages_sur_l%27%C3%A9lection_pr%C3%A9sidentielle_fran%C3%A7aise_de_2027,wikipedia_excel_v2,Odoxa,,,2025-11-19,2025-11-20,2025-11-20,1004.0,unknown,unknown,unknown,second_round,Raphaël Glucksmann / Jordan Bardella,Raphaël Glucksmann,PP,centre_gauche,42.0,,,,,,,Glucksmann vs Bardella / Raphaël Glucksmann,0.9
V2-SR-ODOXA-010,https://fr.wikipedia.org/wiki/Liste_de_sondages_sur_l%27%C3%A9lection_pr%C3%A9sidentielle_fran%C3%A7aise_de_2027,wikipedia_excel_v2,Odoxa,,,2025-11-19,2025-11-20,2025-11-20,1004.0,unknown,unknown,unknown,second_round,Raphaël Glucksmann / Jordan Bardella,Jordan Bardella,RN,droite_nationale,58.0,,,,,,,Glucksmann vs Bardella / Jordan Bardella,0.9
V2-SR-ELABE-011,https://fr.wikipedia.org/wiki/Liste_de_sondages_sur_l%27%C3%A9lection_pr%C3%A9sidentielle_fran%C3%A7aise_de_2027,wikipedia_excel_v2,Elabe,,,2026-03-25,2026-03-27,2026-03-27,1504.0,unknown,unknown,unknown,second_round,Jean-Luc Mélenchon / Jordan Bardella,Jean-Luc Mélenchon,LFI,gauche_radicale,28.5,,,,,,,Mélenchon vs Bardella / Jean-Luc Mélenchon,0.9
V2-SR-ELABE-011,https://fr.wikipedia.org/wiki/Liste_de_sondages_sur_l%27%C3%A9lection_pr%C3%A9sidentielle_fran%C3%A7aise_de_2027,wikipedia_excel_v2,Elabe,,,2026-03-25,2026-03-27,2026-03-27,1504.0,unknown,unknown,unknown,second_round,Jean-Luc Mélenchon / Jordan Bardella,Jordan Bardella,RN,droite_nationale,71.5,,,,,,,Mélenchon vs Bardella / Jordan Bardella,0.9
V2-SR-ODOXA-012,https://fr.wikipedia.org/wiki/Liste_de_sondages_sur_l%27%C3%A9lection_pr%C3%A9sidentielle_fran%C3%A7aise_de_2027,wikipedia_excel_v2,Odoxa,,,2025-11-19,2025-11-20,2025-11-20,689.0,unknown,unknown,unknown,second_round,Jean-Luc Mélenchon / Jordan Bardella,Jean-Luc Mélenchon,LFI,gauche_radicale,26.0,,,,,,,Mélenchon vs Bardella / Jean-Luc Mélenchon,0.9
V2-SR-ODOXA-012,https://fr.wikipedia.org/wiki/Liste_de_sondages_sur_l%27%C3%A9lection_pr%C3%A9sidentielle_fran%C3%A7aise_de_2027,wikipedia_excel_v2,Odoxa,,,2025-11-19,2025-11-20,2025-11-20,689.0,unknown,unknown,unknown,second_round,Jean-Luc Mélenchon / Jordan Bardella,Jordan Bardella,RN,droite_nationale,74.0,,,,,,,Mélenchon vs Bardella / Jordan Bardella,0.9
V2-SR-IFOP/HEXAGONE-013,https://fr.wikipedia.org/wiki/Liste_de_sondages_sur_l%27%C3%A9lection_pr%C3%A9sidentielle_fran%C3%A7aise_de_2027,wikipedia_excel_v2,Ifop/Hexagone,,,2025-04-11,2025-04-30,2025-04-30,9128.0,unknown,unknown,unknown,second_round,Jean-Luc Mélenchon / Jordan Bardella,Jean-Luc Mélenchon,LFI,gauche_radicale,33.0,,,,,,,Mélenchon vs Bardella / Jean-Luc Mélenchon,0.9
V2-SR-IFOP/HEXAGONE-013,https://fr.wikipedia.org/wiki/Liste_de_sondages_sur_l%27%C3%A9lection_pr%C3%A9sidentielle_fran%C3%A7aise_de_2027,wikipedia_excel_v2,Ifop/Hexagone,,,2025-04-11,2025-04-30,2025-04-30,9128.0,unknown,unknown,unknown,second_round,Jean-Luc Mélenchon / Jordan Bardella,Jordan Bardella,RN,droite_nationale,67.0,,,,,,,Mélenchon vs Bardella / Jordan Bardella,0.9
V2-SR-ELABE-014,https://fr.wikipedia.org/wiki/Liste_de_sondages_sur_l%27%C3%A9lection_pr%C3%A9sidentielle_fran%C3%A7aise_de_2027,wikipedia_excel_v2,Elabe,,,2026-03-25,2026-03-27,2026-03-27,1504.0,unknown,unknown,unknown,second_round,Bruno Retailleau / Jordan Bardella,Bruno Retailleau,LR,droite,42.0,,,,,,,Retailleau vs Bardella / Bruno Retailleau,0.9
V2-SR-ELABE-014,https://fr.wikipedia.org/wiki/Liste_de_sondages_sur_l%27%C3%A9lection_pr%C3%A9sidentielle_fran%C3%A7aise_de_2027,wikipedia_excel_v2,Elabe,,,2026-03-25,2026-03-27,2026-03-27,1504.0,unknown,unknown,unknown,second_round,Bruno Retailleau / Jordan Bardella,Jordan Bardella,RN,droite_nationale,58.0,,,,,,,Retailleau vs Bardella / Jordan Bardella,0.9
V2-SR-IFOP/HEXAGONE-015,https://fr.wikipedia.org/wiki/Liste_de_sondages_sur_l%27%C3%A9lection_pr%C3%A9sidentielle_fran%C3%A7aise_de_2027,wikipedia_excel_v2,Ifop/Hexagone,,,2025-04-11,2025-04-30,2025-04-30,9128.0,unknown,unknown,unknown,second_round,Bruno Retailleau / Jordan Bardella,Bruno Retailleau,LR,droite,47.0,,,,,,,Retailleau vs Bardella / Bruno Retailleau,0.9
V2-SR-IFOP/HEXAGONE-015,https://fr.wikipedia.org/wiki/Liste_de_sondages_sur_l%27%C3%A9lection_pr%C3%A9sidentielle_fran%C3%A7aise_de_2027,wikipedia_excel_v2,Ifop/Hexagone,,,2025-04-11,2025-04-30,2025-04-30,9128.0,unknown,unknown,unknown,second_round,Bruno Retailleau / Jordan Bardella,Jordan Bardella,RN,droite_nationale,53.0,,,,,,,Retailleau vs Bardella / Jordan Bardella,0.9
V2-SR-ELABE-016,https://fr.wikipedia.org/wiki/Liste_de_sondages_sur_l%27%C3%A9lection_pr%C3%A9sidentielle_fran%C3%A7aise_de_2027,wikipedia_excel_v2,Elabe,,,2026-03-25,2026-03-27,2026-03-27,1504.0,unknown,unknown,unknown,second_round,Édouard Philippe / Marine Le Pen,Édouard Philippe,HOR,centre_droit,53.0,,,,,,,Philippe vs Le Pen / Édouard Philippe,0.9
V2-SR-ELABE-016,https://fr.wikipedia.org/wiki/Liste_de_sondages_sur_l%27%C3%A9lection_pr%C3%A9sidentielle_fran%C3%A7aise_de_2027,wikipedia_excel_v2,Elabe,,,2026-03-25,2026-03-27,2026-03-27,1504.0,unknown,unknown,unknown,second_round,Édouard Philippe / Marine Le Pen,Marine Le Pen,RN,droite_nationale,47.0,,,,,,,Philippe vs Le Pen / Marine Le Pen,0.9
V2-SR-ODOXA-017,https://fr.wikipedia.org/wiki/Liste_de_sondages_sur_l%27%C3%A9lection_pr%C3%A9sidentielle_fran%C3%A7aise_de_2027,wikipedia_excel_v2,Odoxa,,,2025-04-23,2025-04-24,2025-04-24,1005.0,unknown,unknown,unknown,second_round,Édouard Philippe / Marine Le Pen,Édouard Philippe,HOR,centre_droit,54.0,,,,,,,Philippe vs Le Pen / Édouard Philippe,0.9
V2-SR-ODOXA-017,https://fr.wikipedia.org/wiki/Liste_de_sondages_sur_l%27%C3%A9lection_pr%C3%A9sidentielle_fran%C3%A7aise_de_2027,wikipedia_excel_v2,Odoxa,,,2025-04-23,2025-04-24,2025-04-24,1005.0,unknown,unknown,unknown,second_round,Édouard Philippe / Marine Le Pen,Marine Le Pen,RN,droite_nationale,46.0,,,,,,,Philippe vs Le Pen / Marine Le Pen,0.9
V2-SR-IFOP/HEXAGONE-018,https://fr.wikipedia.org/wiki/Liste_de_sondages_sur_l%27%C3%A9lection_pr%C3%A9sidentielle_fran%C3%A7aise_de_2027,wikipedia_excel_v2,Ifop/Hexagone,,,2025-04-11,2025-04-18,2025-04-18,1838.0,unknown,unknown,unknown,second_round,Édouard Philippe / Marine Le Pen,Édouard Philippe,HOR,centre_droit,52.0,,,,,,,Philippe vs Le Pen / Édouard Philippe,0.9
V2-SR-IFOP/HEXAGONE-018,https://fr.wikipedia.org/wiki/Liste_de_sondages_sur_l%27%C3%A9lection_pr%C3%A9sidentielle_fran%C3%A7aise_de_2027,wikipedia_excel_v2,Ifop/Hexagone,,,2025-04-11,2025-04-18,2025-04-18,1838.0,unknown,unknown,unknown,second_round,Édouard Philippe / Marine Le Pen,Marine Le Pen,RN,droite_nationale,48.0,,,,,,,Philippe vs Le Pen / Marine Le Pen,0.9
V2-SR-IFOP-019,https://fr.wikipedia.org/wiki/Liste_de_sondages_sur_l%27%C3%A9lection_pr%C3%A9sidentielle_fran%C3%A7aise_de_2027,wikipedia_excel_v2,Ifop,,,2024-04-16,2024-04-18,2024-04-18,1090.0,unknown,unknown,unknown,second_round,Édouard Philippe / Marine Le Pen,Édouard Philippe,HOR,centre_droit,49.0,,,,,,,Philippe vs Le Pen / Édouard Philippe,0.9
V2-SR-IFOP-019,https://fr.wikipedia.org/wiki/Liste_de_sondages_sur_l%27%C3%A9lection_pr%C3%A9sidentielle_fran%C3%A7aise_de_2027,wikipedia_excel_v2,Ifop,,,2024-04-16,2024-04-18,2024-04-18,1090.0,unknown,unknown,unknown,second_round,Édouard Philippe / Marine Le Pen,Marine Le Pen,RN,droite_nationale,51.0,,,,,,,Philippe vs Le Pen / Marine Le Pen,0.9
V2-SR-IFOP-020,https://fr.wikipedia.org/wiki/Liste_de_sondages_sur_l%27%C3%A9lection_pr%C3%A9sidentielle_fran%C3%A7aise_de_2027,wikipedia_excel_v2,Ifop,,,,,,1081.0,unknown,unknown,unknown,second_round,Édouard Philippe / Marine Le Pen,Édouard Philippe,HOR,centre_droit,50.0,,,,,,,Philippe vs Le Pen / Édouard Philippe,0.9
V2-SR-IFOP-020,https://fr.wikipedia.org/wiki/Liste_de_sondages_sur_l%27%C3%A9lection_pr%C3%A9sidentielle_fran%C3%A7aise_de_2027,wikipedia_excel_v2,Ifop,,,,,,1081.0,unknown,unknown,unknown,second_round,Édouard Philippe / Marine Le Pen,Marine Le Pen,RN,droite_nationale,50.0,,,,,,,Philippe vs Le Pen / Marine Le Pen,0.9
V2-SR-ELABE-021,https://fr.wikipedia.org/wiki/Liste_de_sondages_sur_l%27%C3%A9lection_pr%C3%A9sidentielle_fran%C3%A7aise_de_2027,wikipedia_excel_v2,Elabe,,,2026-03-25,2026-03-27,2026-03-27,1504.0,unknown,unknown,unknown,second_round,Gabriel Attal / Marine Le Pen,Gabriel Attal,RE,centre,49.0,,,,,,,Attal vs Le Pen / Gabriel Attal,0.9
V2-SR-ELABE-021,https://fr.wikipedia.org/wiki/Liste_de_sondages_sur_l%27%C3%A9lection_pr%C3%A9sidentielle_fran%C3%A7aise_de_2027,wikipedia_excel_v2,Elabe,,,2026-03-25,2026-03-27,2026-03-27,1504.0,unknown,unknown,unknown,second_round,Gabriel Attal / Marine Le Pen,Marine Le Pen,RN,droite_nationale,51.0,,,,,,,Attal vs Le Pen / Marine Le Pen,0.9
V2-SR-IFOP-022,https://fr.wikipedia.org/wiki/Liste_de_sondages_sur_l%27%C3%A9lection_pr%C3%A9sidentielle_fran%C3%A7aise_de_2027,wikipedia_excel_v2,Ifop,,,2024-04-16,2024-04-18,2024-04-18,1093.0,unknown,unknown,unknown,second_round,Gabriel Attal / Marine Le Pen,Gabriel Attal,RE,centre,47.0,,,,,,,Attal vs Le Pen / Gabriel Attal,0.9
V2-SR-IFOP-022,https://fr.wikipedia.org/wiki/Liste_de_sondages_sur_l%27%C3%A9lection_pr%C3%A9sidentielle_fran%C3%A7aise_de_2027,wikipedia_excel_v2,Ifop,,,2024-04-16,2024-04-18,2024-04-18,1093.0,unknown,unknown,unknown,second_round,Gabriel Attal / Marine Le Pen,Marine Le Pen,RN,droite_nationale,53.0,,,,,,,Attal vs Le Pen / Marine Le Pen,0.9
V2-SR-IFOP-023,https://fr.wikipedia.org/wiki/Liste_de_sondages_sur_l%27%C3%A9lection_pr%C3%A9sidentielle_fran%C3%A7aise_de_2027,wikipedia_excel_v2,Ifop,,,,,,1081.0,unknown,unknown,unknown,second_round,Gabriel Attal / Marine Le Pen,Gabriel Attal,RE,centre,49.0,,,,,,,Attal vs Le Pen / Gabriel Attal,0.9
V2-SR-IFOP-023,https://fr.wikipedia.org/wiki/Liste_de_sondages_sur_l%27%C3%A9lection_pr%C3%A9sidentielle_fran%C3%A7aise_de_2027,wikipedia_excel_v2,Ifop,,,,,,1081.0,unknown,unknown,unknown,second_round,Gabriel Attal / Marine Le Pen,Marine Le Pen,RN,droite_nationale,51.0,,,,,,,Attal vs Le Pen / Marine Le Pen,0.9
V2-SR-CLUSTER17-024,https://fr.wikipedia.org/wiki/Liste_de_sondages_sur_l%27%C3%A9lection_pr%C3%A9sidentielle_fran%C3%A7aise_de_2027,wikipedia_excel_v2,Cluster17,,,2024-04-02,2024-04-05,2024-04-05,1713.0,unknown,unknown,unknown,second_round,Jean-Luc Mélenchon / Marine Le Pen,Jean-Luc Mélenchon,LFI,gauche_radicale,35.0,,,,,,,Mélenchon vs Le Pen / Jean-Luc Mélenchon,0.9
V2-SR-CLUSTER17-024,https://fr.wikipedia.org/wiki/Liste_de_sondages_sur_l%27%C3%A9lection_pr%C3%A9sidentielle_fran%C3%A7aise_de_2027,wikipedia_excel_v2,Cluster17,,,2024-04-02,2024-04-05,2024-04-05,1713.0,unknown,unknown,unknown,second_round,Jean-Luc Mélenchon / Marine Le Pen,Marine Le Pen,RN,droite_nationale,65.0,,,,,,,Mélenchon vs Le Pen / Marine Le Pen,0.9
V2-SR-IFOP-025,https://fr.wikipedia.org/wiki/Liste_de_sondages_sur_l%27%C3%A9lection_pr%C3%A9sidentielle_fran%C3%A7aise_de_2027,wikipedia_excel_v2,Ifop,,,,,,1081.0,unknown,unknown,unknown,second_round,Jean-Luc Mélenchon / Marine Le Pen,Jean-Luc Mélenchon,LFI,gauche_radicale,36.0,,,,,,,Mélenchon vs Le Pen / Jean-Luc Mélenchon,0.9
V2-SR-IFOP-025,https://fr.wikipedia.org/wiki/Liste_de_sondages_sur_l%27%C3%A9lection_pr%C3%A9sidentielle_fran%C3%A7aise_de_2027,wikipedia_excel_v2,Ifop,,,,,,1081.0,unknown,unknown,unknown,second_round,Jean-Luc Mélenchon / Marine Le Pen,Marine Le Pen,RN,droite_nationale,64.0,,,,,,,Mélenchon vs Le Pen / Marine Le Pen,0.9
V2-SR-CLUSTER17-026,https://fr.wikipedia.org/wiki/Liste_de_sondages_sur_l%27%C3%A9lection_pr%C3%A9sidentielle_fran%C3%A7aise_de_2027,wikipedia_excel_v2,Cluster17,,,2024-04-02,2024-04-05,2024-04-05,1713.0,unknown,unknown,unknown,second_round,François Ruffin / Marine Le Pen,François Ruffin,,gauche,50.0,,,,,,,Ruffin vs Le Pen / François Ruffin,0.9
V2-SR-CLUSTER17-026,https://fr.wikipedia.org/wiki/Liste_de_sondages_sur_l%27%C3%A9lection_pr%C3%A9sidentielle_fran%C3%A7aise_de_2027,wikipedia_excel_v2,Cluster17,,,2024-04-02,2024-04-05,2024-04-05,1713.0,unknown,unknown,unknown,second_round,François Ruffin / Marine Le Pen,Marine Le Pen,RN,droite_nationale,50.0,,,,,,,Ruffin vs Le Pen / Marine Le Pen,0.9
V2-SR-ODOXA-027,https://fr.wikipedia.org/wiki/Liste_de_sondages_sur_l%27%C3%A9lection_pr%C3%A9sidentielle_fran%C3%A7aise_de_2027,wikipedia_excel_v2,Odoxa,,,2023-04-05,2023-04-06,2023-04-06,1005.0,unknown,unknown,unknown,second_round,Macron / Le Pen rerun,Emmanuel Macron,RE,centre,46.0,,,,,,,Macron vs Le Pen rerun / Emmanuel Macron,0.9
V2-SR-ODOXA-027,https://fr.wikipedia.org/wiki/Liste_de_sondages_sur_l%27%C3%A9lection_pr%C3%A9sidentielle_fran%C3%A7aise_de_2027,wikipedia_excel_v2,Odoxa,,,2023-04-05,2023-04-06,2023-04-06,1005.0,unknown,unknown,unknown,second_round,Macron / Le Pen rerun,Marine Le Pen,RN,droite_nationale,54.0,,,,,,,Macron vs Le Pen rerun / Marine Le Pen,0.9
V2-SR-ELABE-028,https://fr.wikipedia.org/wiki/Liste_de_sondages_sur_l%27%C3%A9lection_pr%C3%A9sidentielle_fran%C3%A7aise_de_2027,wikipedia_excel_v2,Elabe,,,2023-04-03,2023-04-05,2023-04-05,1808.0,unknown,unknown,unknown,second_round,Macron / Le Pen rerun,Emmanuel Macron,RE,centre,45.0,,,,,,,Macron vs Le Pen rerun / Emmanuel Macron,0.9
V2-SR-ELABE-028,https://fr.wikipedia.org/wiki/Liste_de_sondages_sur_l%27%C3%A9lection_pr%C3%A9sidentielle_fran%C3%A7aise_de_2027,wikipedia_excel_v2,Elabe,,,2023-04-03,2023-04-05,2023-04-05,1808.0,unknown,unknown,unknown,second_round,Macron / Le Pen rerun,Marine Le Pen,RN,droite_nationale,55.0,,,,,,,Macron vs Le Pen rerun / Marine Le Pen,0.9
V2-SR-CLUSTER17-029,https://fr.wikipedia.org/wiki/Liste_de_sondages_sur_l%27%C3%A9lection_pr%C3%A9sidentielle_fran%C3%A7aise_de_2027,wikipedia_excel_v2,Cluster17,,,2022-11-04,2022-11-06,2022-11-06,2151.0,unknown,unknown,unknown,second_round,Macron / Le Pen rerun,Emmanuel Macron,RE,centre,51.5,,,,,,,Macron vs Le Pen rerun / Emmanuel Macron,0.9
V2-SR-CLUSTER17-029,https://fr.wikipedia.org/wiki/Liste_de_sondages_sur_l%27%C3%A9lection_pr%C3%A9sidentielle_fran%C3%A7aise_de_2027,wikipedia_excel_v2,Cluster17,,,2022-11-04,2022-11-06,2022-11-06,2151.0,unknown,unknown,unknown,second_round,Macron / Le Pen rerun,Marine Le Pen,RN,droite_nationale,48.5,,,,,,,Macron vs Le Pen rerun / Marine Le Pen,0.9
V2-SR-IFOP-030,https://fr.wikipedia.org/wiki/Liste_de_sondages_sur_l%27%C3%A9lection_pr%C3%A9sidentielle_fran%C3%A7aise_de_2027,wikipedia_excel_v2,Ifop,,,2022-10-25,2022-10-26,2022-10-26,1125.0,unknown,unknown,unknown,second_round,Macron / Le Pen rerun,Emmanuel Macron,RE,centre,53.0,,,,,,,Macron vs Le Pen rerun / Emmanuel Macron,0.9
V2-SR-IFOP-030,https://fr.wikipedia.org/wiki/Liste_de_sondages_sur_l%27%C3%A9lection_pr%C3%A9sidentielle_fran%C3%A7aise_de_2027,wikipedia_excel_v2,Ifop,,,2022-10-25,2022-10-26,2022-10-26,1125.0,unknown,unknown,unknown,second_round,Macron / Le Pen rerun,Marine Le Pen,RN,droite_nationale,47.0,,,,,,,Macron vs Le Pen rerun / Marine Le Pen,0.9
V2-SR-RÉSULTATS-OFFICIELS-031,https://fr.wikipedia.org/wiki/Liste_de_sondages_sur_l%27%C3%A9lection_pr%C3%A9sidentielle_fran%C3%A7aise_de_2027,wikipedia_excel_v2,Résultats officiels,,,2022-04-24,2022-04-24,2022-04-24,,unknown,unknown,unknown,second_round,Macron / Le Pen official 2022,Emmanuel Macron,RE,centre,58.55,,,,,,,Macron vs Le Pen official 2022 / Emmanuel Macron,0.9
V2-SR-RÉSULTATS-OFFICIELS-031,https://fr.wikipedia.org/wiki/Liste_de_sondages_sur_l%27%C3%A9lection_pr%C3%A9sidentielle_fran%C3%A7aise_de_2027,wikipedia_excel_v2,Résultats officiels,,,2022-04-24,2022-04-24,2022-04-24,,unknown,unknown,unknown,second_round,Macron / Le Pen official 2022,Marine Le Pen,RN,droite_nationale,41.45,,,,,,,Macron vs Le Pen official 2022 / Marine Le Pen,0.9
V2-SP-HARRIS-INTERACTIVE-001,https://en.wikipedia.org/wiki/Opinion_polling_for_the_2027_French_presidential_election,wikipedia_excel_v2,Harris Interactive,,,2025-04-24,2025-04-25,2025-04-25,1035.0,unknown,unknown,unknown,first_round,Scénario premier tour,EXG,,generic_bloc,3.0,,,,,,,3 – 26 – 19 1 10 2 2 34 3,0.7
V2-SP-HARRIS-INTERACTIVE-001,https://en.wikipedia.org/wiki/Opinion_polling_for_the_2027_French_presidential_election,wikipedia_excel_v2,Harris Interactive,,,2025-04-24,2025-04-25,2025-04-25,1035.0,unknown,unknown,unknown,first_round,Scénario premier tour,NFP,,generic_bloc,26.0,,,,,,,3 – 26 – 19 1 10 2 2 34 3,0.7
V2-SP-HARRIS-INTERACTIVE-001,https://en.wikipedia.org/wiki/Opinion_polling_for_the_2027_French_presidential_election,wikipedia_excel_v2,Harris Interactive,,,2025-04-24,2025-04-25,2025-04-25,1035.0,unknown,unknown,unknown,first_round,Scénario premier tour,ENS,,generic_bloc,19.0,,,,,,,3 – 26 – 19 1 10 2 2 34 3,0.7
V2-SP-HARRIS-INTERACTIVE-001,https://en.wikipedia.org/wiki/Opinion_polling_for_the_2027_French_presidential_election,wikipedia_excel_v2,Harris Interactive,,,2025-04-24,2025-04-25,2025-04-25,1035.0,unknown,unknown,unknown,first_round,Scénario premier tour,DIV,,generic_bloc,1.0,,,,,,,3 – 26 – 19 1 10 2 2 34 3,0.7
V2-SP-HARRIS-INTERACTIVE-001,https://en.wikipedia.org/wiki/Opinion_polling_for_the_2027_French_presidential_election,wikipedia_excel_v2,Harris Interactive,,,2025-04-24,2025-04-25,2025-04-25,1035.0,unknown,unknown,unknown,first_round,Scénario premier tour,LR,LR,generic_bloc,10.0,,,,,,,3 – 26 – 19 1 10 2 2 34 3,0.7
V2-SP-HARRIS-INTERACTIVE-001,https://en.wikipedia.org/wiki/Opinion_polling_for_the_2027_French_presidential_election,wikipedia_excel_v2,Harris Interactive,,,2025-04-24,2025-04-25,2025-04-25,1035.0,unknown,unknown,unknown,first_round,Scénario premier tour,UDR,,generic_bloc,2.0,,,,,,,3 – 26 – 19 1 10 2 2 34 3,0.7
V2-SP-HARRIS-INTERACTIVE-001,https://en.wikipedia.org/wiki/Opinion_polling_for_the_2027_French_presidential_election,wikipedia_excel_v2,Harris Interactive,,,2025-04-24,2025-04-25,2025-04-25,1035.0,unknown,unknown,unknown,first_round,Scénario premier tour,DLF,DLF,generic_bloc,2.0,,,,,,,3 – 26 – 19 1 10 2 2 34 3,0.7
V2-SP-HARRIS-INTERACTIVE-001,https://en.wikipedia.org/wiki/Opinion_polling_for_the_2027_French_presidential_election,wikipedia_excel_v2,Harris Interactive,,,2025-04-24,2025-04-25,2025-04-25,1035.0,unknown,unknown,unknown,first_round,Scénario premier tour,RN,RN,generic_bloc,34.0,,,,,,,3 – 26 – 19 1 10 2 2 34 3,0.7
V2-SP-HARRIS-INTERACTIVE-001,https://en.wikipedia.org/wiki/Opinion_polling_for_the_2027_French_presidential_election,wikipedia_excel_v2,Harris Interactive,,,2025-04-24,2025-04-25,2025-04-25,1035.0,unknown,unknown,unknown,first_round,Scénario premier tour,REC,REC,generic_bloc,3.0,,,,,,,3 – 26 – 19 1 10 2 2 34 3,0.7
V2-SP-HARRIS-INTERACTIVE-002,https://en.wikipedia.org/wiki/Opinion_polling_for_the_2027_French_presidential_election,wikipedia_excel_v2,Harris Interactive,,,2025-04-24,2025-04-25,2025-04-25,1035.0,unknown,unknown,unknown,first_round,Scénario premier tour,EXG,,generic_bloc,2.0,,,,,,,2 8 20 – 18 1 10 2 2 34 3,0.7
V2-SP-HARRIS-INTERACTIVE-002,https://en.wikipedia.org/wiki/Opinion_polling_for_the_2027_French_presidential_election,wikipedia_excel_v2,Harris Interactive,,,2025-04-24,2025-04-25,2025-04-25,1035.0,unknown,unknown,unknown,first_round,Scénario premier tour,LFI,LFI,generic_bloc,8.0,,,,,,,2 8 20 – 18 1 10 2 2 34 3,0.7
V2-SP-HARRIS-INTERACTIVE-002,https://en.wikipedia.org/wiki/Opinion_polling_for_the_2027_French_presidential_election,wikipedia_excel_v2,Harris Interactive,,,2025-04-24,2025-04-25,2025-04-25,1035.0,unknown,unknown,unknown,first_round,Scénario premier tour,NFP,,generic_bloc,20.0,,,,,,,2 8 20 – 18 1 10 2 2 34 3,0.7
V2-SP-HARRIS-INTERACTIVE-002,https://en.wikipedia.org/wiki/Opinion_polling_for_the_2027_French_presidential_election,wikipedia_excel_v2,Harris Interactive,,,2025-04-24,2025-04-25,2025-04-25,1035.0,unknown,unknown,unknown,first_round,Scénario premier tour,ENS,,generic_bloc,18.0,,,,,,,2 8 20 – 18 1 10 2 2 34 3,0.7
V2-SP-HARRIS-INTERACTIVE-002,https://en.wikipedia.org/wiki/Opinion_polling_for_the_2027_French_presidential_election,wikipedia_excel_v2,Harris Interactive,,,2025-04-24,2025-04-25,2025-04-25,1035.0,unknown,unknown,unknown,first_round,Scénario premier tour,DIV,,generic_bloc,1.0,,,,,,,2 8 20 – 18 1 10 2 2 34 3,0.7
V2-SP-HARRIS-INTERACTIVE-002,https://en.wikipedia.org/wiki/Opinion_polling_for_the_2027_French_presidential_election,wikipedia_excel_v2,Harris Interactive,,,2025-04-24,2025-04-25,2025-04-25,1035.0,unknown,unknown,unknown,first_round,Scénario premier tour,LR,LR,generic_bloc,10.0,,,,,,,2 8 20 – 18 1 10 2 2 34 3,0.7
V2-SP-HARRIS-INTERACTIVE-002,https://en.wikipedia.org/wiki/Opinion_polling_for_the_2027_French_presidential_election,wikipedia_excel_v2,Harris Interactive,,,2025-04-24,2025-04-25,2025-04-25,1035.0,unknown,unknown,unknown,first_round,Scénario premier tour,UDR,,generic_bloc,2.0,,,,,,,2 8 20 – 18 1 10 2 2 34 3,0.7
V2-SP-HARRIS-INTERACTIVE-002,https://en.wikipedia.org/wiki/Opinion_polling_for_the_2027_French_presidential_election,wikipedia_excel_v2,Harris Interactive,,,2025-04-24,2025-04-25,2025-04-25,1035.0,unknown,unknown,unknown,first_round,Scénario premier tour,DLF,DLF,generic_bloc,2.0,,,,,,,2 8 20 – 18 1 10 2 2 34 3,0.7
V2-SP-HARRIS-INTERACTIVE-002,https://en.wikipedia.org/wiki/Opinion_polling_for_the_2027_French_presidential_election,wikipedia_excel_v2,Harris Interactive,,,2025-04-24,2025-04-25,2025-04-25,1035.0,unknown,unknown,unknown,first_round,Scénario premier tour,RN,RN,generic_bloc,34.0,,,,,,,2 8 20 – 18 1 10 2 2 34 3,0.7
V2-SP-HARRIS-INTERACTIVE-002,https://en.wikipedia.org/wiki/Opinion_polling_for_the_2027_French_presidential_election,wikipedia_excel_v2,Harris Interactive,,,2025-04-24,2025-04-25,2025-04-25,1035.0,unknown,unknown,unknown,first_round,Scénario premier tour,REC,REC,generic_bloc,3.0,,,,,,,2 8 20 – 18 1 10 2 2 34 3,0.7
V2-SP-HARRIS-INTERACTIVE-003,https://en.wikipedia.org/wiki/Opinion_polling_for_the_2027_French_presidential_election,wikipedia_excel_v2,Harris Interactive,,,2025-04-24,2025-04-25,2025-04-25,1035.0,unknown,unknown,unknown,first_round,Scénario premier tour,EXG,,generic_bloc,3.0,,,,,,,3 – 16 13 17 1 10 1 2 34 3,0.7
V2-SP-HARRIS-INTERACTIVE-003,https://en.wikipedia.org/wiki/Opinion_polling_for_the_2027_French_presidential_election,wikipedia_excel_v2,Harris Interactive,,,2025-04-24,2025-04-25,2025-04-25,1035.0,unknown,unknown,unknown,first_round,Scénario premier tour,NFP,,generic_bloc,16.0,,,,,,,3 – 16 13 17 1 10 1 2 34 3,0.7
V2-SP-HARRIS-INTERACTIVE-003,https://en.wikipedia.org/wiki/Opinion_polling_for_the_2027_French_presidential_election,wikipedia_excel_v2,Harris Interactive,,,2025-04-24,2025-04-25,2025-04-25,1035.0,unknown,unknown,unknown,first_round,Scénario premier tour,PS-PP,,generic_bloc,13.0,,,,,,,3 – 16 13 17 1 10 1 2 34 3,0.7
V2-SP-HARRIS-INTERACTIVE-003,https://en.wikipedia.org/wiki/Opinion_polling_for_the_2027_French_presidential_election,wikipedia_excel_v2,Harris Interactive,,,2025-04-24,2025-04-25,2025-04-25,1035.0,unknown,unknown,unknown,first_round,Scénario premier tour,ENS,,generic_bloc,17.0,,,,,,,3 – 16 13 17 1 10 1 2 34 3,0.7
V2-SP-HARRIS-INTERACTIVE-003,https://en.wikipedia.org/wiki/Opinion_polling_for_the_2027_French_presidential_election,wikipedia_excel_v2,Harris Interactive,,,2025-04-24,2025-04-25,2025-04-25,1035.0,unknown,unknown,unknown,first_round,Scénario premier tour,DIV,,generic_bloc,1.0,,,,,,,3 – 16 13 17 1 10 1 2 34 3,0.7
V2-SP-HARRIS-INTERACTIVE-003,https://en.wikipedia.org/wiki/Opinion_polling_for_the_2027_French_presidential_election,wikipedia_excel_v2,Harris Interactive,,,2025-04-24,2025-04-25,2025-04-25,1035.0,unknown,unknown,unknown,first_round,Scénario premier tour,LR,LR,generic_bloc,10.0,,,,,,,3 – 16 13 17 1 10 1 2 34 3,0.7
V2-SP-HARRIS-INTERACTIVE-003,https://en.wikipedia.org/wiki/Opinion_polling_for_the_2027_French_presidential_election,wikipedia_excel_v2,Harris Interactive,,,2025-04-24,2025-04-25,2025-04-25,1035.0,unknown,unknown,unknown,first_round,Scénario premier tour,UDR,,generic_bloc,1.0,,,,,,,3 – 16 13 17 1 10 1 2 34 3,0.7
V2-SP-HARRIS-INTERACTIVE-003,https://en.wikipedia.org/wiki/Opinion_polling_for_the_2027_French_presidential_election,wikipedia_excel_v2,Harris Interactive,,,2025-04-24,2025-04-25,2025-04-25,1035.0,unknown,unknown,unknown,first_round,Scénario premier tour,DLF,DLF,generic_bloc,2.0,,,,,,,3 – 16 13 17 1 10 1 2 34 3,0.7
V2-SP-HARRIS-INTERACTIVE-003,https://en.wikipedia.org/wiki/Opinion_polling_for_the_2027_French_presidential_election,wikipedia_excel_v2,Harris Interactive,,,2025-04-24,2025-04-25,2025-04-25,1035.0,unknown,unknown,unknown,first_round,Scénario premier tour,RN,RN,generic_bloc,34.0,,,,,,,3 – 16 13 17 1 10 1 2 34 3,0.7
V2-SP-HARRIS-INTERACTIVE-003,https://en.wikipedia.org/wiki/Opinion_polling_for_the_2027_French_presidential_election,wikipedia_excel_v2,Harris Interactive,,,2025-04-24,2025-04-25,2025-04-25,1035.0,unknown,unknown,unknown,first_round,Scénario premier tour,REC,REC,generic_bloc,3.0,,,,,,,3 – 16 13 17 1 10 1 2 34 3,0.7
V2-SP-HARRIS-INTERACTIVE-004,https://en.wikipedia.org/wiki/Opinion_polling_for_the_2027_French_presidential_election,wikipedia_excel_v2,Harris Interactive,,,2026-04-22,2026-04-22,2026-04-22,2000.0,unknown,unknown,unknown,first_round,Hypothèse Marine Le Pen,Arlette Arthaud,LO,far_left,1.0,,,,,,,1 – 4 12 – – – 12 4 14 – – – 13 2 33 5 –,0.7
V2-SP-HARRIS-INTERACTIVE-004,https://en.wikipedia.org/wiki/Opinion_polling_for_the_2027_French_presidential_election,wikipedia_excel_v2,Harris Interactive,,,2026-04-22,2026-04-22,2026-04-22,2000.0,unknown,unknown,unknown,first_round,Hypothèse Marine Le Pen,Jean-Luc Mélenchon,LFI,left,4.0,,,,,,,1 – 4 12 – – – 12 4 14 – – – 13 2 33 5 –,0.7
V2-SP-HARRIS-INTERACTIVE-004,https://en.wikipedia.org/wiki/Opinion_polling_for_the_2027_French_presidential_election,wikipedia_excel_v2,Harris Interactive,,,2026-04-22,2026-04-22,2026-04-22,2000.0,unknown,unknown,unknown,first_round,Hypothèse Marine Le Pen,Raphaël Glucksmann,PP,centre_gauche,12.0,,,,,,,1 – 4 12 – – – 12 4 14 – – – 13 2 33 5 –,0.7
V2-SP-HARRIS-INTERACTIVE-004,https://en.wikipedia.org/wiki/Opinion_polling_for_the_2027_French_presidential_election,wikipedia_excel_v2,Harris Interactive,,,2026-04-22,2026-04-22,2026-04-22,2000.0,unknown,unknown,unknown,first_round,Hypothèse Marine Le Pen,Bruno Retailleau,LR,right,12.0,,,,,,,1 – 4 12 – – – 12 4 14 – – – 13 2 33 5 –,0.7
V2-SP-HARRIS-INTERACTIVE-004,https://en.wikipedia.org/wiki/Opinion_polling_for_the_2027_French_presidential_election,wikipedia_excel_v2,Harris Interactive,,,2026-04-22,2026-04-22,2026-04-22,2000.0,unknown,unknown,unknown,first_round,Hypothèse Marine Le Pen,Nicolas Dupont-Aignan,DLF,sovereigntist_right,4.0,,,,,,,1 – 4 12 – – – 12 4 14 – – – 13 2 33 5 –,0.7
V2-SP-HARRIS-INTERACTIVE-004,https://en.wikipedia.org/wiki/Opinion_polling_for_the_2027_French_presidential_election,wikipedia_excel_v2,Harris Interactive,,,2026-04-22,2026-04-22,2026-04-22,2000.0,unknown,unknown,unknown,first_round,Hypothèse Marine Le Pen,Marine Le Pen,RN,nationalist_right,14.0,,,,,,,1 – 4 12 – – – 12 4 14 – – – 13 2 33 5 –,0.7
V2-SP-HARRIS-INTERACTIVE-005,https://en.wikipedia.org/wiki/Opinion_polling_for_the_2027_French_presidential_election,wikipedia_excel_v2,Harris Interactive,,,2026-04-22,2026-04-22,2026-04-22,2000.0,unknown,unknown,unknown,first_round,Hypothèse Éric Zemmour,Arlette Arthaud,LO,far_left,1.0,,,,,,,1 – 4 12 – – – 11 4 – 19 – – 10 1 32 6 –,0.7
V2-SP-HARRIS-INTERACTIVE-005,https://en.wikipedia.org/wiki/Opinion_polling_for_the_2027_French_presidential_election,wikipedia_excel_v2,Harris Interactive,,,2026-04-22,2026-04-22,2026-04-22,2000.0,unknown,unknown,unknown,first_round,Hypothèse Éric Zemmour,Jean-Luc Mélenchon,LFI,left,4.0,,,,,,,1 – 4 12 – – – 11 4 – 19 – – 10 1 32 6 –,0.7
V2-SP-HARRIS-INTERACTIVE-005,https://en.wikipedia.org/wiki/Opinion_polling_for_the_2027_French_presidential_election,wikipedia_excel_v2,Harris Interactive,,,2026-04-22,2026-04-22,2026-04-22,2000.0,unknown,unknown,unknown,first_round,Hypothèse Éric Zemmour,Raphaël Glucksmann,PP,centre_gauche,12.0,,,,,,,1 – 4 12 – – – 11 4 – 19 – – 10 1 32 6 –,0.7
V2-SP-HARRIS-INTERACTIVE-005,https://en.wikipedia.org/wiki/Opinion_polling_for_the_2027_French_presidential_election,wikipedia_excel_v2,Harris Interactive,,,2026-04-22,2026-04-22,2026-04-22,2000.0,unknown,unknown,unknown,first_round,Hypothèse Éric Zemmour,Bruno Retailleau,LR,right,11.0,,,,,,,1 – 4 12 – – – 11 4 – 19 – – 10 1 32 6 –,0.7
V2-SP-HARRIS-INTERACTIVE-005,https://en.wikipedia.org/wiki/Opinion_polling_for_the_2027_French_presidential_election,wikipedia_excel_v2,Harris Interactive,,,2026-04-22,2026-04-22,2026-04-22,2000.0,unknown,unknown,unknown,first_round,Hypothèse Éric Zemmour,Nicolas Dupont-Aignan,DLF,sovereigntist_right,4.0,,,,,,,1 – 4 12 – – – 11 4 – 19 – – 10 1 32 6 –,0.7
V2-SP-HARRIS-INTERACTIVE-005,https://en.wikipedia.org/wiki/Opinion_polling_for_the_2027_French_presidential_election,wikipedia_excel_v2,Harris Interactive,,,2026-04-22,2026-04-22,2026-04-22,2000.0,unknown,unknown,unknown,first_round,Hypothèse Éric Zemmour,Éric Zemmour,REC,far_right,19.0,,,,,,,1 – 4 12 – – – 11 4 – 19 – – 10 1 32 6 –,0.7
V2-SP-ELABE-006,https://en.wikipedia.org/wiki/Opinion_polling_for_the_2027_French_presidential_election,wikipedia_excel_v2,Elabe,,,2026-03-25,2026-03-27,2026-03-27,1504.0,unknown,unknown,unknown,first_round,Hypothèse Marine Le Pen / Raphaël Glucksmann / Bruno Retailleau,Arlette Arthaud,LO,far_left,1.0,,,,,,,1 – 2.5 12 – – – 12.5 4 11.5 – 6 – 10 2.5 34 4 –,0.7
V2-SP-ELABE-006,https://en.wikipedia.org/wiki/Opinion_polling_for_the_2027_French_presidential_election,wikipedia_excel_v2,Elabe,,,2026-03-25,2026-03-27,2026-03-27,1504.0,unknown,unknown,unknown,first_round,Hypothèse Marine Le Pen / Raphaël Glucksmann / Bruno Retailleau,Jean-Luc Mélenchon,LFI,left,2.5,,,,,,,1 – 2.5 12 – – – 12.5 4 11.5 – 6 – 10 2.5 34 4 –,0.7
V2-SP-ELABE-006,https://en.wikipedia.org/wiki/Opinion_polling_for_the_2027_French_presidential_election,wikipedia_excel_v2,Elabe,,,2026-03-25,2026-03-27,2026-03-27,1504.0,unknown,unknown,unknown,first_round,Hypothèse Marine Le Pen / Raphaël Glucksmann / Bruno Retailleau,Raphaël Glucksmann,PP,centre_gauche,12.0,,,,,,,1 – 2.5 12 – – – 12.5 4 11.5 – 6 – 10 2.5 34 4 –,0.7
V2-SP-ELABE-006,https://en.wikipedia.org/wiki/Opinion_polling_for_the_2027_French_presidential_election,wikipedia_excel_v2,Elabe,,,2026-03-25,2026-03-27,2026-03-27,1504.0,unknown,unknown,unknown,first_round,Hypothèse Marine Le Pen / Raphaël Glucksmann / Bruno Retailleau,Bruno Retailleau,LR,right,12.5,,,,,,,1 – 2.5 12 – – – 12.5 4 11.5 – 6 – 10 2.5 34 4 –,0.7
V2-SP-ELABE-006,https://en.wikipedia.org/wiki/Opinion_polling_for_the_2027_French_presidential_election,wikipedia_excel_v2,Elabe,,,2026-03-25,2026-03-27,2026-03-27,1504.0,unknown,unknown,unknown,first_round,Hypothèse Marine Le Pen / Raphaël Glucksmann / Bruno Retailleau,Nicolas Dupont-Aignan,DLF,sovereigntist_right,4.0,,,,,,,1 – 2.5 12 – – – 12.5 4 11.5 – 6 – 10 2.5 34 4 –,0.7
V2-SP-ELABE-006,https://en.wikipedia.org/wiki/Opinion_polling_for_the_2027_French_presidential_election,wikipedia_excel_v2,Elabe,,,2026-03-25,2026-03-27,2026-03-27,1504.0,unknown,unknown,unknown,first_round,Hypothèse Marine Le Pen / Raphaël Glucksmann / Bruno Retailleau,Marine Le Pen,RN,nationalist_right,11.5,,,,,,,1 – 2.5 12 – – – 12.5 4 11.5 – 6 – 10 2.5 34 4 –,0.7
V2-SP-ELABE-007,https://en.wikipedia.org/wiki/Opinion_polling_for_the_2027_French_presidential_election,wikipedia_excel_v2,Elabe,,,2026-03-25,2026-03-27,2026-03-27,1504.0,unknown,unknown,unknown,first_round,Hypothèse Édouard Philippe / Raphaël Glucksmann / Éric Zemmour,Arlette Arthaud,LO,far_left,0.5,,,,,,,0.5 – 3.5 11.5 – – 8.5 – 5 – 22 2.5 – 8.5 3 31.5 – 3.5,0.7
V2-SP-ELABE-007,https://en.wikipedia.org/wiki/Opinion_polling_for_the_2027_French_presidential_election,wikipedia_excel_v2,Elabe,,,2026-03-25,2026-03-27,2026-03-27,1504.0,unknown,unknown,unknown,first_round,Hypothèse Édouard Philippe / Raphaël Glucksmann / Éric Zemmour,Jean-Luc Mélenchon,LFI,left,3.5,,,,,,,0.5 – 3.5 11.5 – – 8.5 – 5 – 22 2.5 – 8.5 3 31.5 – 3.5,0.7
V2-SP-ELABE-007,https://en.wikipedia.org/wiki/Opinion_polling_for_the_2027_French_presidential_election,wikipedia_excel_v2,Elabe,,,2026-03-25,2026-03-27,2026-03-27,1504.0,unknown,unknown,unknown,first_round,Hypothèse Édouard Philippe / Raphaël Glucksmann / Éric Zemmour,Raphaël Glucksmann,PP,centre_gauche,11.5,,,,,,,0.5 – 3.5 11.5 – – 8.5 – 5 – 22 2.5 – 8.5 3 31.5 – 3.5,0.7
V2-SP-ELABE-007,https://en.wikipedia.org/wiki/Opinion_polling_for_the_2027_French_presidential_election,wikipedia_excel_v2,Elabe,,,2026-03-25,2026-03-27,2026-03-27,1504.0,unknown,unknown,unknown,first_round,Hypothèse Édouard Philippe / Raphaël Glucksmann / Éric Zemmour,Édouard Philippe,HOR,centre,8.5,,,,,,,0.5 – 3.5 11.5 – – 8.5 – 5 – 22 2.5 – 8.5 3 31.5 – 3.5,0.7
V2-SP-ELABE-007,https://en.wikipedia.org/wiki/Opinion_polling_for_the_2027_French_presidential_election,wikipedia_excel_v2,Elabe,,,2026-03-25,2026-03-27,2026-03-27,1504.0,unknown,unknown,unknown,first_round,Hypothèse Édouard Philippe / Raphaël Glucksmann / Éric Zemmour,Nicolas Dupont-Aignan,DLF,sovereigntist_right,5.0,,,,,,,0.5 – 3.5 11.5 – – 8.5 – 5 – 22 2.5 – 8.5 3 31.5 – 3.5,0.7
V2-SP-ELABE-007,https://en.wikipedia.org/wiki/Opinion_polling_for_the_2027_French_presidential_election,wikipedia_excel_v2,Elabe,,,2026-03-25,2026-03-27,2026-03-27,1504.0,unknown,unknown,unknown,first_round,Hypothèse Édouard Philippe / Raphaël Glucksmann / Éric Zemmour,Éric Zemmour,REC,far_right,22.0,,,,,,,0.5 – 3.5 11.5 – – 8.5 – 5 – 22 2.5 – 8.5 3 31.5 – 3.5,0.7
V2-SP-IFOP-008,https://en.wikipedia.org/wiki/Opinion_polling_for_the_2027_French_presidential_election,wikipedia_excel_v2,Ifop,,,2026-02-26,2026-02-27,2026-02-27,1393.0,unknown,unknown,unknown,first_round,Hypothèse Marine Le Pen / Raphaël Glucksmann / Bruno Retailleau,Arlette Arthaud,LO,far_left,2.0,,,,,,,2 – 2 11 – – – 12 4.5 10 – 4.5 – 12 3 35 4 –,0.7
V2-SP-IFOP-008,https://en.wikipedia.org/wiki/Opinion_polling_for_the_2027_French_presidential_election,wikipedia_excel_v2,Ifop,,,2026-02-26,2026-02-27,2026-02-27,1393.0,unknown,unknown,unknown,first_round,Hypothèse Marine Le Pen / Raphaël Glucksmann / Bruno Retailleau,Jean-Luc Mélenchon,LFI,left,2.0,,,,,,,2 – 2 11 – – – 12 4.5 10 – 4.5 – 12 3 35 4 –,0.7
V2-SP-IFOP-008,https://en.wikipedia.org/wiki/Opinion_polling_for_the_2027_French_presidential_election,wikipedia_excel_v2,Ifop,,,2026-02-26,2026-02-27,2026-02-27,1393.0,unknown,unknown,unknown,first_round,Hypothèse Marine Le Pen / Raphaël Glucksmann / Bruno Retailleau,Raphaël Glucksmann,PP,centre_gauche,11.0,,,,,,,2 – 2 11 – – – 12 4.5 10 – 4.5 – 12 3 35 4 –,0.7
V2-SP-IFOP-008,https://en.wikipedia.org/wiki/Opinion_polling_for_the_2027_French_presidential_election,wikipedia_excel_v2,Ifop,,,2026-02-26,2026-02-27,2026-02-27,1393.0,unknown,unknown,unknown,first_round,Hypothèse Marine Le Pen / Raphaël Glucksmann / Bruno Retailleau,Bruno Retailleau,LR,right,12.0,,,,,,,2 – 2 11 – – – 12 4.5 10 – 4.5 – 12 3 35 4 –,0.7
V2-SP-IFOP-008,https://en.wikipedia.org/wiki/Opinion_polling_for_the_2027_French_presidential_election,wikipedia_excel_v2,Ifop,,,2026-02-26,2026-02-27,2026-02-27,1393.0,unknown,unknown,unknown,first_round,Hypothèse Marine Le Pen / Raphaël Glucksmann / Bruno Retailleau,Nicolas Dupont-Aignan,DLF,sovereigntist_right,4.5,,,,,,,2 – 2 11 – – – 12 4.5 10 – 4.5 – 12 3 35 4 –,0.7
V2-SP-IFOP-008,https://en.wikipedia.org/wiki/Opinion_polling_for_the_2027_French_presidential_election,wikipedia_excel_v2,Ifop,,,2026-02-26,2026-02-27,2026-02-27,1393.0,unknown,unknown,unknown,first_round,Hypothèse Marine Le Pen / Raphaël Glucksmann / Bruno Retailleau,Marine Le Pen,RN,nationalist_right,10.0,,,,,,,2 – 2 11 – – – 12 4.5 10 – 4.5 – 12 3 35 4 –,0.7
V2-SP-IFOP-009,https://en.wikipedia.org/wiki/Opinion_polling_for_the_2027_French_presidential_election,wikipedia_excel_v2,Ifop,,,2026-02-26,2026-02-27,2026-02-27,1393.0,unknown,unknown,unknown,first_round,Hypothèse Raphaël Glucksmann / Bruno Retailleau / Éric Zemmour,Arlette Arthaud,LO,far_left,1.0,,,,,,,1 – 2 10 – – – 11 4 – 16 5 – 11 2 34 4 –,0.7
V2-SP-IFOP-009,https://en.wikipedia.org/wiki/Opinion_polling_for_the_2027_French_presidential_election,wikipedia_excel_v2,Ifop,,,2026-02-26,2026-02-27,2026-02-27,1393.0,unknown,unknown,unknown,first_round,Hypothèse Raphaël Glucksmann / Bruno Retailleau / Éric Zemmour,Jean-Luc Mélenchon,LFI,left,2.0,,,,,,,1 – 2 10 – – – 11 4 – 16 5 – 11 2 34 4 –,0.7
V2-SP-IFOP-009,https://en.wikipedia.org/wiki/Opinion_polling_for_the_2027_French_presidential_election,wikipedia_excel_v2,Ifop,,,2026-02-26,2026-02-27,2026-02-27,1393.0,unknown,unknown,unknown,first_round,Hypothèse Raphaël Glucksmann / Bruno Retailleau / Éric Zemmour,Raphaël Glucksmann,PP,centre_gauche,10.0,,,,,,,1 – 2 10 – – – 11 4 – 16 5 – 11 2 34 4 –,0.7
V2-SP-IFOP-009,https://en.wikipedia.org/wiki/Opinion_polling_for_the_2027_French_presidential_election,wikipedia_excel_v2,Ifop,,,2026-02-26,2026-02-27,2026-02-27,1393.0,unknown,unknown,unknown,first_round,Hypothèse Raphaël Glucksmann / Bruno Retailleau / Éric Zemmour,Bruno Retailleau,LR,right,11.0,,,,,,,1 – 2 10 – – – 11 4 – 16 5 – 11 2 34 4 –,0.7
V2-SP-IFOP-009,https://en.wikipedia.org/wiki/Opinion_polling_for_the_2027_French_presidential_election,wikipedia_excel_v2,Ifop,,,2026-02-26,2026-02-27,2026-02-27,1393.0,unknown,unknown,unknown,first_round,Hypothèse Raphaël Glucksmann / Bruno Retailleau / Éric Zemmour,Nicolas Dupont-Aignan,DLF,sovereigntist_right,4.0,,,,,,,1 – 2 10 – – – 11 4 – 16 5 – 11 2 34 4 –,0.7
V2-SP-IFOP-009,https://en.wikipedia.org/wiki/Opinion_polling_for_the_2027_French_presidential_election,wikipedia_excel_v2,Ifop,,,2026-02-26,2026-02-27,2026-02-27,1393.0,unknown,unknown,unknown,first_round,Hypothèse Raphaël Glucksmann / Bruno Retailleau / Éric Zemmour,Éric Zemmour,REC,far_right,16.0,,,,,,,1 – 2 10 – – – 11 4 – 16 5 – 11 2 34 4 –,0.7
V2-SP-ELABE-010,https://en.wikipedia.org/wiki/Opinion_polling_for_the_2027_French_presidential_election,wikipedia_excel_v2,Elabe,,,2025-10-30,2025-10-31,2025-10-31,1501.0,unknown,unknown,unknown,first_round,Hypothèse Marine Le Pen / Raphaël Glucksmann / Bruno Retailleau,Arlette Arthaud,LO,far_left,1.5,,,,,,,1.5 – 3 11.5 – – – 12 4.5 12.5 – 5 – 8 2.5 34 6.5 –,0.7
V2-SP-ELABE-010,https://en.wikipedia.org/wiki/Opinion_polling_for_the_2027_French_presidential_election,wikipedia_excel_v2,Elabe,,,2025-10-30,2025-10-31,2025-10-31,1501.0,unknown,unknown,unknown,first_round,Hypothèse Marine Le Pen / Raphaël Glucksmann / Bruno Retailleau,Jean-Luc Mélenchon,LFI,left,3.0,,,,,,,1.5 – 3 11.5 – – – 12 4.5 12.5 – 5 – 8 2.5 34 6.5 –,0.7
V2-SP-ELABE-010,https://en.wikipedia.org/wiki/Opinion_polling_for_the_2027_French_presidential_election,wikipedia_excel_v2,Elabe,,,2025-10-30,2025-10-31,2025-10-31,1501.0,unknown,unknown,unknown,first_round,Hypothèse Marine Le Pen / Raphaël Glucksmann / Bruno Retailleau,Raphaël Glucksmann,PP,centre_gauche,11.5,,,,,,,1.5 – 3 11.5 – – – 12 4.5 12.5 – 5 – 8 2.5 34 6.5 –,0.7
V2-SP-ELABE-010,https://en.wikipedia.org/wiki/Opinion_polling_for_the_2027_French_presidential_election,wikipedia_excel_v2,Elabe,,,2025-10-30,2025-10-31,2025-10-31,1501.0,unknown,unknown,unknown,first_round,Hypothèse Marine Le Pen / Raphaël Glucksmann / Bruno Retailleau,Bruno Retailleau,LR,right,12.0,,,,,,,1.5 – 3 11.5 – – – 12 4.5 12.5 – 5 – 8 2.5 34 6.5 –,0.7
V2-SP-ELABE-010,https://en.wikipedia.org/wiki/Opinion_polling_for_the_2027_French_presidential_election,wikipedia_excel_v2,Elabe,,,2025-10-30,2025-10-31,2025-10-31,1501.0,unknown,unknown,unknown,first_round,Hypothèse Marine Le Pen / Raphaël Glucksmann / Bruno Retailleau,Nicolas Dupont-Aignan,DLF,sovereigntist_right,4.5,,,,,,,1.5 – 3 11.5 – – – 12 4.5 12.5 – 5 – 8 2.5 34 6.5 –,0.7
V2-SP-ELABE-010,https://en.wikipedia.org/wiki/Opinion_polling_for_the_2027_French_presidential_election,wikipedia_excel_v2,Elabe,,,2025-10-30,2025-10-31,2025-10-31,1501.0,unknown,unknown,unknown,first_round,Hypothèse Marine Le Pen / Raphaël Glucksmann / Bruno Retailleau,Marine Le Pen,RN,nationalist_right,12.5,,,,,,,1.5 – 3 11.5 – – – 12 4.5 12.5 – 5 – 8 2.5 34 6.5 –,0.7
V2-SP-HARRIS-INTERACTIVE-011,https://en.wikipedia.org/wiki/Opinion_polling_for_the_2027_French_presidential_election,wikipedia_excel_v2,Harris Interactive,,,2025-10-07,2025-10-07,2025-10-07,1124.0,unknown,unknown,unknown,first_round,Hypothèse Éric Zemmour,Arlette Arthaud,LO,far_left,1.0,,,,,,,1 – 3 14 – – – 12 3 – 16 – – 10 1 34 – 6,0.7
V2-SP-HARRIS-INTERACTIVE-011,https://en.wikipedia.org/wiki/Opinion_polling_for_the_2027_French_presidential_election,wikipedia_excel_v2,Harris Interactive,,,2025-10-07,2025-10-07,2025-10-07,1124.0,unknown,unknown,unknown,first_round,Hypothèse Éric Zemmour,Jean-Luc Mélenchon,LFI,left,3.0,,,,,,,1 – 3 14 – – – 12 3 – 16 – – 10 1 34 – 6,0.7
V2-SP-HARRIS-INTERACTIVE-011,https://en.wikipedia.org/wiki/Opinion_polling_for_the_2027_French_presidential_election,wikipedia_excel_v2,Harris Interactive,,,2025-10-07,2025-10-07,2025-10-07,1124.0,unknown,unknown,unknown,first_round,Hypothèse Éric Zemmour,Raphaël Glucksmann,PP,centre_gauche,14.0,,,,,,,1 – 3 14 – – – 12 3 – 16 – – 10 1 34 – 6,0.7
V2-SP-HARRIS-INTERACTIVE-011,https://en.wikipedia.org/wiki/Opinion_polling_for_the_2027_French_presidential_election,wikipedia_excel_v2,Harris Interactive,,,2025-10-07,2025-10-07,2025-10-07,1124.0,unknown,unknown,unknown,first_round,Hypothèse Éric Zemmour,Bruno Retailleau,LR,right,12.0,,,,,,,1 – 3 14 – – – 12 3 – 16 – – 10 1 34 – 6,0.7
V2-SP-HARRIS-INTERACTIVE-011,https://en.wikipedia.org/wiki/Opinion_polling_for_the_2027_French_presidential_election,wikipedia_excel_v2,Harris Interactive,,,2025-10-07,2025-10-07,2025-10-07,1124.0,unknown,unknown,unknown,first_round,Hypothèse Éric Zemmour,Nicolas Dupont-Aignan,DLF,sovereigntist_right,3.0,,,,,,,1 – 3 14 – – – 12 3 – 16 – – 10 1 34 – 6,0.7
V2-SP-HARRIS-INTERACTIVE-011,https://en.wikipedia.org/wiki/Opinion_polling_for_the_2027_French_presidential_election,wikipedia_excel_v2,Harris Interactive,,,2025-10-07,2025-10-07,2025-10-07,1124.0,unknown,unknown,unknown,first_round,Hypothèse Éric Zemmour,Éric Zemmour,REC,far_right,16.0,,,,,,,1 – 3 14 – – – 12 3 – 16 – – 10 1 34 – 6,0.7
V2-SP-HARRIS-INTERACTIVE-012,https://en.wikipedia.org/wiki/Opinion_polling_for_the_2027_French_presidential_election,wikipedia_excel_v2,Harris Interactive,,,2025-10-07,2025-10-07,2025-10-07,1124.0,unknown,unknown,unknown,first_round,Hypothèse Marine Le Pen,Arlette Arthaud,LO,far_left,1.0,,,,,,,1 – 3 14 – – – 14 3 12 – – – 11 2 34 – 6,0.7
V2-SP-HARRIS-INTERACTIVE-012,https://en.wikipedia.org/wiki/Opinion_polling_for_the_2027_French_presidential_election,wikipedia_excel_v2,Harris Interactive,,,2025-10-07,2025-10-07,2025-10-07,1124.0,unknown,unknown,unknown,first_round,Hypothèse Marine Le Pen,Jean-Luc Mélenchon,LFI,left,3.0,,,,,,,1 – 3 14 – – – 14 3 12 – – – 11 2 34 – 6,0.7
V2-SP-HARRIS-INTERACTIVE-012,https://en.wikipedia.org/wiki/Opinion_polling_for_the_2027_French_presidential_election,wikipedia_excel_v2,Harris Interactive,,,2025-10-07,2025-10-07,2025-10-07,1124.0,unknown,unknown,unknown,first_round,Hypothèse Marine Le Pen,Raphaël Glucksmann,PP,centre_gauche,14.0,,,,,,,1 – 3 14 – – – 14 3 12 – – – 11 2 34 – 6,0.7
V2-SP-HARRIS-INTERACTIVE-012,https://en.wikipedia.org/wiki/Opinion_polling_for_the_2027_French_presidential_election,wikipedia_excel_v2,Harris Interactive,,,2025-10-07,2025-10-07,2025-10-07,1124.0,unknown,unknown,unknown,first_round,Hypothèse Marine Le Pen,Bruno Retailleau,LR,right,14.0,,,,,,,1 – 3 14 – – – 14 3 12 – – – 11 2 34 – 6,0.7
V2-SP-HARRIS-INTERACTIVE-012,https://en.wikipedia.org/wiki/Opinion_polling_for_the_2027_French_presidential_election,wikipedia_excel_v2,Harris Interactive,,,2025-10-07,2025-10-07,2025-10-07,1124.0,unknown,unknown,unknown,first_round,Hypothèse Marine Le Pen,Nicolas Dupont-Aignan,DLF,sovereigntist_right,3.0,,,,,,,1 – 3 14 – – – 14 3 12 – – – 11 2 34 – 6,0.7
V2-SP-HARRIS-INTERACTIVE-012,https://en.wikipedia.org/wiki/Opinion_polling_for_the_2027_French_presidential_election,wikipedia_excel_v2,Harris Interactive,,,2025-10-07,2025-10-07,2025-10-07,1124.0,unknown,unknown,unknown,first_round,Hypothèse Marine Le Pen,Marine Le Pen,RN,nationalist_right,12.0,,,,,,,1 – 3 14 – – – 14 3 12 – – – 11 2 34 – 6,0.7
V2-SP-CLUSTER17-013,https://en.wikipedia.org/wiki/Opinion_polling_for_the_2027_French_presidential_election,wikipedia_excel_v2,Cluster17,,,2025-09-30,2025-09-30,2025-09-30,1534.0,unknown,unknown,unknown,first_round,Hypothèse Marine Le Pen / Raphaël Glucksmann,Arlette Arthaud,LO,far_left,1.5,,,,,,,1.5 – 3 15 – – – 15 – 12 – – – 14 3.5 30.5 – 5.5,0.7
V2-SP-CLUSTER17-013,https://en.wikipedia.org/wiki/Opinion_polling_for_the_2027_French_presidential_election,wikipedia_excel_v2,Cluster17,,,2025-09-30,2025-09-30,2025-09-30,1534.0,unknown,unknown,unknown,first_round,Hypothèse Marine Le Pen / Raphaël Glucksmann,Jean-Luc Mélenchon,LFI,left,3.0,,,,,,,1.5 – 3 15 – – – 15 – 12 – – – 14 3.5 30.5 – 5.5,0.7
V2-SP-CLUSTER17-013,https://en.wikipedia.org/wiki/Opinion_polling_for_the_2027_French_presidential_election,wikipedia_excel_v2,Cluster17,,,2025-09-30,2025-09-30,2025-09-30,1534.0,unknown,unknown,unknown,first_round,Hypothèse Marine Le Pen / Raphaël Glucksmann,Raphaël Glucksmann,PP,centre_gauche,15.0,,,,,,,1.5 – 3 15 – – – 15 – 12 – – – 14 3.5 30.5 – 5.5,0.7
V2-SP-CLUSTER17-013,https://en.wikipedia.org/wiki/Opinion_polling_for_the_2027_French_presidential_election,wikipedia_excel_v2,Cluster17,,,2025-09-30,2025-09-30,2025-09-30,1534.0,unknown,unknown,unknown,first_round,Hypothèse Marine Le Pen / Raphaël Glucksmann,Bruno Retailleau,LR,right,15.0,,,,,,,1.5 – 3 15 – – – 15 – 12 – – – 14 3.5 30.5 – 5.5,0.7
V2-SP-CLUSTER17-013,https://en.wikipedia.org/wiki/Opinion_polling_for_the_2027_French_presidential_election,wikipedia_excel_v2,Cluster17,,,2025-09-30,2025-09-30,2025-09-30,1534.0,unknown,unknown,unknown,first_round,Hypothèse Marine Le Pen / Raphaël Glucksmann,Marine Le Pen,RN,nationalist_right,12.0,,,,,,,1.5 – 3 15 – – – 15 – 12 – – – 14 3.5 30.5 – 5.5,0.7
V2-SP-IFOP-014,https://en.wikipedia.org/wiki/Opinion_polling_for_the_2027_French_presidential_election,wikipedia_excel_v2,Ifop,,,2025-09-24,2025-09-25,2025-09-25,1210.0,unknown,unknown,unknown,first_round,Hypothèse Raphaël Glucksmann,Arlette Arthaud,LO,far_left,1.0,,,,,,,1 – 3 12 – – – 15 – – 16 5 – 9 2 33 – 4,0.7
V2-SP-IFOP-014,https://en.wikipedia.org/wiki/Opinion_polling_for_the_2027_French_presidential_election,wikipedia_excel_v2,Ifop,,,2025-09-24,2025-09-25,2025-09-25,1210.0,unknown,unknown,unknown,first_round,Hypothèse Raphaël Glucksmann,Jean-Luc Mélenchon,LFI,left,3.0,,,,,,,1 – 3 12 – – – 15 – – 16 5 – 9 2 33 – 4,0.7
V2-SP-IFOP-014,https://en.wikipedia.org/wiki/Opinion_polling_for_the_2027_French_presidential_election,wikipedia_excel_v2,Ifop,,,2025-09-24,2025-09-25,2025-09-25,1210.0,unknown,unknown,unknown,first_round,Hypothèse Raphaël Glucksmann,Raphaël Glucksmann,PP,centre_gauche,12.0,,,,,,,1 – 3 12 – – – 15 – – 16 5 – 9 2 33 – 4,0.7
V2-SP-IFOP-014,https://en.wikipedia.org/wiki/Opinion_polling_for_the_2027_French_presidential_election,wikipedia_excel_v2,Ifop,,,2025-09-24,2025-09-25,2025-09-25,1210.0,unknown,unknown,unknown,first_round,Hypothèse Raphaël Glucksmann,Bruno Retailleau,LR,right,15.0,,,,,,,1 – 3 12 – – – 15 – – 16 5 – 9 2 33 – 4,0.7
V2-SP-IFOP-014,https://en.wikipedia.org/wiki/Opinion_polling_for_the_2027_French_presidential_election,wikipedia_excel_v2,Ifop,,,2025-09-24,2025-09-25,2025-09-25,1210.0,unknown,unknown,unknown,first_round,Hypothèse Raphaël Glucksmann,Éric Zemmour,REC,far_right,16.0,,,,,,,1 – 3 12 – – – 15 – – 16 5 – 9 2 33 – 4,0.7
V2-SP-IFOP-015,https://en.wikipedia.org/wiki/Opinion_polling_for_the_2027_French_presidential_election,wikipedia_excel_v2,Ifop,,,2025-05-19,2025-05-20,2025-05-20,1114.0,unknown,unknown,unknown,first_round,Hypothèse Gabriel Attal / Raphaël Glucksmann,Arlette Arthaud,LO,far_left,1.0,,,,,,,1 – 3 13.5 – 4.5 – – 5 – 21 – – 16 2 31 – 3,0.7
V2-SP-IFOP-015,https://en.wikipedia.org/wiki/Opinion_polling_for_the_2027_French_presidential_election,wikipedia_excel_v2,Ifop,,,2025-05-19,2025-05-20,2025-05-20,1114.0,unknown,unknown,unknown,first_round,Hypothèse Gabriel Attal / Raphaël Glucksmann,Jean-Luc Mélenchon,LFI,left,3.0,,,,,,,1 – 3 13.5 – 4.5 – – 5 – 21 – – 16 2 31 – 3,0.7
V2-SP-IFOP-015,https://en.wikipedia.org/wiki/Opinion_polling_for_the_2027_French_presidential_election,wikipedia_excel_v2,Ifop,,,2025-05-19,2025-05-20,2025-05-20,1114.0,unknown,unknown,unknown,first_round,Hypothèse Gabriel Attal / Raphaël Glucksmann,Raphaël Glucksmann,PP,centre_gauche,13.5,,,,,,,1 – 3 13.5 – 4.5 – – 5 – 21 – – 16 2 31 – 3,0.7
V2-SP-IFOP-015,https://en.wikipedia.org/wiki/Opinion_polling_for_the_2027_French_presidential_election,wikipedia_excel_v2,Ifop,,,2025-05-19,2025-05-20,2025-05-20,1114.0,unknown,unknown,unknown,first_round,Hypothèse Gabriel Attal / Raphaël Glucksmann,Gabriel Attal,RE,centre,4.5,,,,,,,1 – 3 13.5 – 4.5 – – 5 – 21 – – 16 2 31 – 3,0.7
V2-SP-IFOP-015,https://en.wikipedia.org/wiki/Opinion_polling_for_the_2027_French_presidential_election,wikipedia_excel_v2,Ifop,,,2025-05-19,2025-05-20,2025-05-20,1114.0,unknown,unknown,unknown,first_round,Hypothèse Gabriel Attal / Raphaël Glucksmann,Nicolas Dupont-Aignan,DLF,sovereigntist_right,5.0,,,,,,,1 – 3 13.5 – 4.5 – – 5 – 21 – – 16 2 31 – 3,0.7
V2-SP-IFOP-015,https://en.wikipedia.org/wiki/Opinion_polling_for_the_2027_French_presidential_election,wikipedia_excel_v2,Ifop,,,2025-05-19,2025-05-20,2025-05-20,1114.0,unknown,unknown,unknown,first_round,Hypothèse Gabriel Attal / Raphaël Glucksmann,Éric Zemmour,REC,far_right,21.0,,,,,,,1 – 3 13.5 – 4.5 – – 5 – 21 – – 16 2 31 – 3,0.7
V2-SP-HARRIS-INTERACTIVE-016,https://en.wikipedia.org/wiki/Opinion_polling_for_the_2027_French_presidential_election,wikipedia_excel_v2,Harris Interactive,,,2025-05-19,2025-05-19,2025-05-19,1071.0,unknown,unknown,unknown,first_round,Hypothèse Nicolas Dupont-Aignan / Éric Zemmour,Arlette Arthaud,LO,far_left,1.0,,,,,,,1 – 3 14 – – – 10 3 – 21 – – 12 – 31 – 5,0.7
V2-SP-HARRIS-INTERACTIVE-016,https://en.wikipedia.org/wiki/Opinion_polling_for_the_2027_French_presidential_election,wikipedia_excel_v2,Harris Interactive,,,2025-05-19,2025-05-19,2025-05-19,1071.0,unknown,unknown,unknown,first_round,Hypothèse Nicolas Dupont-Aignan / Éric Zemmour,Jean-Luc Mélenchon,LFI,left,3.0,,,,,,,1 – 3 14 – – – 10 3 – 21 – – 12 – 31 – 5,0.7
V2-SP-HARRIS-INTERACTIVE-016,https://en.wikipedia.org/wiki/Opinion_polling_for_the_2027_French_presidential_election,wikipedia_excel_v2,Harris Interactive,,,2025-05-19,2025-05-19,2025-05-19,1071.0,unknown,unknown,unknown,first_round,Hypothèse Nicolas Dupont-Aignan / Éric Zemmour,Raphaël Glucksmann,PP,centre_gauche,14.0,,,,,,,1 – 3 14 – – – 10 3 – 21 – – 12 – 31 – 5,0.7
V2-SP-HARRIS-INTERACTIVE-016,https://en.wikipedia.org/wiki/Opinion_polling_for_the_2027_French_presidential_election,wikipedia_excel_v2,Harris Interactive,,,2025-05-19,2025-05-19,2025-05-19,1071.0,unknown,unknown,unknown,first_round,Hypothèse Nicolas Dupont-Aignan / Éric Zemmour,Bruno Retailleau,LR,right,10.0,,,,,,,1 – 3 14 – – – 10 3 – 21 – – 12 – 31 – 5,0.7
V2-SP-HARRIS-INTERACTIVE-016,https://en.wikipedia.org/wiki/Opinion_polling_for_the_2027_French_presidential_election,wikipedia_excel_v2,Harris Interactive,,,2025-05-19,2025-05-19,2025-05-19,1071.0,unknown,unknown,unknown,first_round,Hypothèse Nicolas Dupont-Aignan / Éric Zemmour,Nicolas Dupont-Aignan,DLF,sovereigntist_right,3.0,,,,,,,1 – 3 14 – – – 10 3 – 21 – – 12 – 31 – 5,0.7
V2-SP-HARRIS-INTERACTIVE-016,https://en.wikipedia.org/wiki/Opinion_polling_for_the_2027_French_presidential_election,wikipedia_excel_v2,Harris Interactive,,,2025-05-19,2025-05-19,2025-05-19,1071.0,unknown,unknown,unknown,first_round,Hypothèse Nicolas Dupont-Aignan / Éric Zemmour,Éric Zemmour,REC,far_right,21.0,,,,,,,1 – 3 14 – – – 10 3 – 21 – – 12 – 31 – 5,0.7
V2-SP-HARRIS-INTERACTIVE-017,https://en.wikipedia.org/wiki/Opinion_polling_for_the_2027_French_presidential_election,wikipedia_excel_v2,Harris Interactive,,,2025-05-19,2025-05-19,2025-05-19,1071.0,unknown,unknown,unknown,first_round,Hypothèse Marine Le Pen / Nicolas Dupont-Aignan,Arlette Arthaud,LO,far_left,1.0,,,,,,,1 – 3 15 – – – 11 3 15 – – – 16 – 31 – 5,0.7
V2-SP-HARRIS-INTERACTIVE-017,https://en.wikipedia.org/wiki/Opinion_polling_for_the_2027_French_presidential_election,wikipedia_excel_v2,Harris Interactive,,,2025-05-19,2025-05-19,2025-05-19,1071.0,unknown,unknown,unknown,first_round,Hypothèse Marine Le Pen / Nicolas Dupont-Aignan,Jean-Luc Mélenchon,LFI,left,3.0,,,,,,,1 – 3 15 – – – 11 3 15 – – – 16 – 31 – 5,0.7
V2-SP-HARRIS-INTERACTIVE-017,https://en.wikipedia.org/wiki/Opinion_polling_for_the_2027_French_presidential_election,wikipedia_excel_v2,Harris Interactive,,,2025-05-19,2025-05-19,2025-05-19,1071.0,unknown,unknown,unknown,first_round,Hypothèse Marine Le Pen / Nicolas Dupont-Aignan,Raphaël Glucksmann,PP,centre_gauche,15.0,,,,,,,1 – 3 15 – – – 11 3 15 – – – 16 – 31 – 5,0.7
V2-SP-HARRIS-INTERACTIVE-017,https://en.wikipedia.org/wiki/Opinion_polling_for_the_2027_French_presidential_election,wikipedia_excel_v2,Harris Interactive,,,2025-05-19,2025-05-19,2025-05-19,1071.0,unknown,unknown,unknown,first_round,Hypothèse Marine Le Pen / Nicolas Dupont-Aignan,Bruno Retailleau,LR,right,11.0,,,,,,,1 – 3 15 – – – 11 3 15 – – – 16 – 31 – 5,0.7
V2-SP-HARRIS-INTERACTIVE-017,https://en.wikipedia.org/wiki/Opinion_polling_for_the_2027_French_presidential_election,wikipedia_excel_v2,Harris Interactive,,,2025-05-19,2025-05-19,2025-05-19,1071.0,unknown,unknown,unknown,first_round,Hypothèse Marine Le Pen / Nicolas Dupont-Aignan,Nicolas Dupont-Aignan,DLF,sovereigntist_right,3.0,,,,,,,1 – 3 15 – – – 11 3 15 – – – 16 – 31 – 5,0.7
V2-SP-HARRIS-INTERACTIVE-017,https://en.wikipedia.org/wiki/Opinion_polling_for_the_2027_French_presidential_election,wikipedia_excel_v2,Harris Interactive,,,2025-05-19,2025-05-19,2025-05-19,1071.0,unknown,unknown,unknown,first_round,Hypothèse Marine Le Pen / Nicolas Dupont-Aignan,Marine Le Pen,RN,nationalist_right,15.0,,,,,,,1 – 3 15 – – – 11 3 15 – – – 16 – 31 – 5,0.7
V2-SP-ODOXA-018,https://en.wikipedia.org/wiki/Opinion_polling_for_the_2027_French_presidential_election,wikipedia_excel_v2,Odoxa,,,2025-04-23,2025-04-24,2025-04-24,1005.0,unknown,unknown,unknown,first_round,Scénario Jean-Luc Mélenchon / Raphaël Glucksmann / Bruno Retailleau,Arlette Arthaud,LO,far_left,1.0,,,,,,,1 2 3 12 – – – 11.5 3 – 20.5 – – 10 2 32 – 3,0.7
V2-SP-ODOXA-018,https://en.wikipedia.org/wiki/Opinion_polling_for_the_2027_French_presidential_election,wikipedia_excel_v2,Odoxa,,,2025-04-23,2025-04-24,2025-04-24,1005.0,unknown,unknown,unknown,first_round,Scénario Jean-Luc Mélenchon / Raphaël Glucksmann / Bruno Retailleau,Fabien Roussel,PCF,left,2.0,,,,,,,1 2 3 12 – – – 11.5 3 – 20.5 – – 10 2 32 – 3,0.7
V2-SP-ODOXA-018,https://en.wikipedia.org/wiki/Opinion_polling_for_the_2027_French_presidential_election,wikipedia_excel_v2,Odoxa,,,2025-04-23,2025-04-24,2025-04-24,1005.0,unknown,unknown,unknown,first_round,Scénario Jean-Luc Mélenchon / Raphaël Glucksmann / Bruno Retailleau,Jean-Luc Mélenchon,LFI,left,3.0,,,,,,,1 2 3 12 – – – 11.5 3 – 20.5 – – 10 2 32 – 3,0.7
V2-SP-ODOXA-018,https://en.wikipedia.org/wiki/Opinion_polling_for_the_2027_French_presidential_election,wikipedia_excel_v2,Odoxa,,,2025-04-23,2025-04-24,2025-04-24,1005.0,unknown,unknown,unknown,first_round,Scénario Jean-Luc Mélenchon / Raphaël Glucksmann / Bruno Retailleau,Raphaël Glucksmann,PP,centre_gauche,12.0,,,,,,,1 2 3 12 – – – 11.5 3 – 20.5 – – 10 2 32 – 3,0.7
V2-SP-ODOXA-018,https://en.wikipedia.org/wiki/Opinion_polling_for_the_2027_French_presidential_election,wikipedia_excel_v2,Odoxa,,,2025-04-23,2025-04-24,2025-04-24,1005.0,unknown,unknown,unknown,first_round,Scénario Jean-Luc Mélenchon / Raphaël Glucksmann / Bruno Retailleau,Bruno Retailleau,LR,right,11.5,,,,,,,1 2 3 12 – – – 11.5 3 – 20.5 – – 10 2 32 – 3,0.7
V2-SP-ODOXA-018,https://en.wikipedia.org/wiki/Opinion_polling_for_the_2027_French_presidential_election,wikipedia_excel_v2,Odoxa,,,2025-04-23,2025-04-24,2025-04-24,1005.0,unknown,unknown,unknown,first_round,Scénario Jean-Luc Mélenchon / Raphaël Glucksmann / Bruno Retailleau,Nicolas Dupont-Aignan,DLF,sovereigntist_right,3.0,,,,,,,1 2 3 12 – – – 11.5 3 – 20.5 – – 10 2 32 – 3,0.7
V2-SP-ODOXA-018,https://en.wikipedia.org/wiki/Opinion_polling_for_the_2027_French_presidential_election,wikipedia_excel_v2,Odoxa,,,2025-04-23,2025-04-24,2025-04-24,1005.0,unknown,unknown,unknown,first_round,Scénario Jean-Luc Mélenchon / Raphaël Glucksmann / Bruno Retailleau,Éric Zemmour,REC,far_right,20.5,,,,,,,1 2 3 12 – – – 11.5 3 – 20.5 – – 10 2 32 – 3,0.7
V2-SP-IFOP/HEXAGONE-019,https://en.wikipedia.org/wiki/Opinion_polling_for_the_2027_French_presidential_election,wikipedia_excel_v2,Ifop/Hexagone,,,2025-04-11,2025-04-18,2025-04-18,9128.0,unknown,unknown,unknown,first_round,Hypothèse Raphaël Glucksmann / Bruno Retailleau / Marine Tondelier,Arlette Arthaud,LO,far_left,0.5,,,,,,,0.5 – 2 10 5.5 – – 10 – – 21 – – 9 2 32 – 4,0.7
V2-SP-IFOP/HEXAGONE-019,https://en.wikipedia.org/wiki/Opinion_polling_for_the_2027_French_presidential_election,wikipedia_excel_v2,Ifop/Hexagone,,,2025-04-11,2025-04-18,2025-04-18,9128.0,unknown,unknown,unknown,first_round,Hypothèse Raphaël Glucksmann / Bruno Retailleau / Marine Tondelier,Jean-Luc Mélenchon,LFI,left,2.0,,,,,,,0.5 – 2 10 5.5 – – 10 – – 21 – – 9 2 32 – 4,0.7
V2-SP-IFOP/HEXAGONE-019,https://en.wikipedia.org/wiki/Opinion_polling_for_the_2027_French_presidential_election,wikipedia_excel_v2,Ifop/Hexagone,,,2025-04-11,2025-04-18,2025-04-18,9128.0,unknown,unknown,unknown,first_round,Hypothèse Raphaël Glucksmann / Bruno Retailleau / Marine Tondelier,Raphaël Glucksmann,PP,centre_gauche,10.0,,,,,,,0.5 – 2 10 5.5 – – 10 – – 21 – – 9 2 32 – 4,0.7
V2-SP-IFOP/HEXAGONE-019,https://en.wikipedia.org/wiki/Opinion_polling_for_the_2027_French_presidential_election,wikipedia_excel_v2,Ifop/Hexagone,,,2025-04-11,2025-04-18,2025-04-18,9128.0,unknown,unknown,unknown,first_round,Hypothèse Raphaël Glucksmann / Bruno Retailleau / Marine Tondelier,Marine Tondelier,LE,écologistes,5.5,,,,,,,0.5 – 2 10 5.5 – – 10 – – 21 – – 9 2 32 – 4,0.7
V2-SP-IFOP/HEXAGONE-019,https://en.wikipedia.org/wiki/Opinion_polling_for_the_2027_French_presidential_election,wikipedia_excel_v2,Ifop/Hexagone,,,2025-04-11,2025-04-18,2025-04-18,9128.0,unknown,unknown,unknown,first_round,Hypothèse Raphaël Glucksmann / Bruno Retailleau / Marine Tondelier,Bruno Retailleau,LR,right,10.0,,,,,,,0.5 – 2 10 5.5 – – 10 – – 21 – – 9 2 32 – 4,0.7
V2-SP-IFOP/HEXAGONE-019,https://en.wikipedia.org/wiki/Opinion_polling_for_the_2027_French_presidential_election,wikipedia_excel_v2,Ifop/Hexagone,,,2025-04-11,2025-04-18,2025-04-18,9128.0,unknown,unknown,unknown,first_round,Hypothèse Raphaël Glucksmann / Bruno Retailleau / Marine Tondelier,Éric Zemmour,REC,far_right,21.0,,,,,,,0.5 – 2 10 5.5 – – 10 – – 21 – – 9 2 32 – 4,0.7
V2-SP-ELABE-020,https://en.wikipedia.org/wiki/Opinion_polling_for_the_2027_French_presidential_election,wikipedia_excel_v2,Elabe,,,2025-04-02,2025-04-04,2025-04-04,1413.0,unknown,unknown,unknown,first_round,Hypothèse Gabriel Attal / Raphaël Glucksmann / Éric Zemmour,Arlette Arthaud,LO,far_left,1.0,,,,,,,1 2 6 10 – 5.5 – – 5.5 – 23.5 – – 8 3 32 – 3.5,0.7
V2-SP-ELABE-020,https://en.wikipedia.org/wiki/Opinion_polling_for_the_2027_French_presidential_election,wikipedia_excel_v2,Elabe,,,2025-04-02,2025-04-04,2025-04-04,1413.0,unknown,unknown,unknown,first_round,Hypothèse Gabriel Attal / Raphaël Glucksmann / Éric Zemmour,Fabien Roussel,PCF,left,2.0,,,,,,,1 2 6 10 – 5.5 – – 5.5 – 23.5 – – 8 3 32 – 3.5,0.7
V2-SP-ELABE-020,https://en.wikipedia.org/wiki/Opinion_polling_for_the_2027_French_presidential_election,wikipedia_excel_v2,Elabe,,,2025-04-02,2025-04-04,2025-04-04,1413.0,unknown,unknown,unknown,first_round,Hypothèse Gabriel Attal / Raphaël Glucksmann / Éric Zemmour,Jean-Luc Mélenchon,LFI,left,6.0,,,,,,,1 2 6 10 – 5.5 – – 5.5 – 23.5 – – 8 3 32 – 3.5,0.7
V2-SP-ELABE-020,https://en.wikipedia.org/wiki/Opinion_polling_for_the_2027_French_presidential_election,wikipedia_excel_v2,Elabe,,,2025-04-02,2025-04-04,2025-04-04,1413.0,unknown,unknown,unknown,first_round,Hypothèse Gabriel Attal / Raphaël Glucksmann / Éric Zemmour,Raphaël Glucksmann,PP,centre_gauche,10.0,,,,,,,1 2 6 10 – 5.5 – – 5.5 – 23.5 – – 8 3 32 – 3.5,0.7
V2-SP-ELABE-020,https://en.wikipedia.org/wiki/Opinion_polling_for_the_2027_French_presidential_election,wikipedia_excel_v2,Elabe,,,2025-04-02,2025-04-04,2025-04-04,1413.0,unknown,unknown,unknown,first_round,Hypothèse Gabriel Attal / Raphaël Glucksmann / Éric Zemmour,Gabriel Attal,RE,centre,5.5,,,,,,,1 2 6 10 – 5.5 – – 5.5 – 23.5 – – 8 3 32 – 3.5,0.7
V2-SP-ELABE-020,https://en.wikipedia.org/wiki/Opinion_polling_for_the_2027_French_presidential_election,wikipedia_excel_v2,Elabe,,,2025-04-02,2025-04-04,2025-04-04,1413.0,unknown,unknown,unknown,first_round,Hypothèse Gabriel Attal / Raphaël Glucksmann / Éric Zemmour,Nicolas Dupont-Aignan,DLF,sovereigntist_right,5.5,,,,,,,1 2 6 10 – 5.5 – – 5.5 – 23.5 – – 8 3 32 – 3.5,0.7
V2-SP-ELABE-020,https://en.wikipedia.org/wiki/Opinion_polling_for_the_2027_French_presidential_election,wikipedia_excel_v2,Elabe,,,2025-04-02,2025-04-04,2025-04-04,1413.0,unknown,unknown,unknown,first_round,Hypothèse Gabriel Attal / Raphaël Glucksmann / Éric Zemmour,Éric Zemmour,REC,far_right,23.5,,,,,,,1 2 6 10 – 5.5 – – 5.5 – 23.5 – – 8 3 32 – 3.5,0.7
V2-SP-ELABE-021,https://en.wikipedia.org/wiki/Opinion_polling_for_the_2027_French_presidential_election,wikipedia_excel_v2,Elabe,,,2025-04-02,2025-04-04,2025-04-04,1413.0,unknown,unknown,unknown,first_round,Hypothèse Raphaël Glucksmann / Bruno Retailleau / Éric Zemmour,Arlette Arthaud,LO,far_left,0.5,,,,,,,0.5 2 5 9.5 – – – 10.5 4 – 24 – 4.5 – 3 33.5 – 3.5,0.7
V2-SP-ELABE-021,https://en.wikipedia.org/wiki/Opinion_polling_for_the_2027_French_presidential_election,wikipedia_excel_v2,Elabe,,,2025-04-02,2025-04-04,2025-04-04,1413.0,unknown,unknown,unknown,first_round,Hypothèse Raphaël Glucksmann / Bruno Retailleau / Éric Zemmour,Fabien Roussel,PCF,left,2.0,,,,,,,0.5 2 5 9.5 – – – 10.5 4 – 24 – 4.5 – 3 33.5 – 3.5,0.7
V2-SP-ELABE-021,https://en.wikipedia.org/wiki/Opinion_polling_for_the_2027_French_presidential_election,wikipedia_excel_v2,Elabe,,,2025-04-02,2025-04-04,2025-04-04,1413.0,unknown,unknown,unknown,first_round,Hypothèse Raphaël Glucksmann / Bruno Retailleau / Éric Zemmour,Jean-Luc Mélenchon,LFI,left,5.0,,,,,,,0.5 2 5 9.5 – – – 10.5 4 – 24 – 4.5 – 3 33.5 – 3.5,0.7
V2-SP-ELABE-021,https://en.wikipedia.org/wiki/Opinion_polling_for_the_2027_French_presidential_election,wikipedia_excel_v2,Elabe,,,2025-04-02,2025-04-04,2025-04-04,1413.0,unknown,unknown,unknown,first_round,Hypothèse Raphaël Glucksmann / Bruno Retailleau / Éric Zemmour,Raphaël Glucksmann,PP,centre_gauche,9.5,,,,,,,0.5 2 5 9.5 – – – 10.5 4 – 24 – 4.5 – 3 33.5 – 3.5,0.7
V2-SP-ELABE-021,https://en.wikipedia.org/wiki/Opinion_polling_for_the_2027_French_presidential_election,wikipedia_excel_v2,Elabe,,,2025-04-02,2025-04-04,2025-04-04,1413.0,unknown,unknown,unknown,first_round,Hypothèse Raphaël Glucksmann / Bruno Retailleau / Éric Zemmour,Bruno Retailleau,LR,right,10.5,,,,,,,0.5 2 5 9.5 – – – 10.5 4 – 24 – 4.5 – 3 33.5 – 3.5,0.7
V2-SP-ELABE-021,https://en.wikipedia.org/wiki/Opinion_polling_for_the_2027_French_presidential_election,wikipedia_excel_v2,Elabe,,,2025-04-02,2025-04-04,2025-04-04,1413.0,unknown,unknown,unknown,first_round,Hypothèse Raphaël Glucksmann / Bruno Retailleau / Éric Zemmour,Nicolas Dupont-Aignan,DLF,sovereigntist_right,4.0,,,,,,,0.5 2 5 9.5 – – – 10.5 4 – 24 – 4.5 – 3 33.5 – 3.5,0.7
V2-SP-ELABE-021,https://en.wikipedia.org/wiki/Opinion_polling_for_the_2027_French_presidential_election,wikipedia_excel_v2,Elabe,,,2025-04-02,2025-04-04,2025-04-04,1413.0,unknown,unknown,unknown,first_round,Hypothèse Raphaël Glucksmann / Bruno Retailleau / Éric Zemmour,Éric Zemmour,REC,far_right,24.0,,,,,,,0.5 2 5 9.5 – – – 10.5 4 – 24 – 4.5 – 3 33.5 – 3.5,0.7
V2-SP-ELABE-022,https://en.wikipedia.org/wiki/Opinion_polling_for_the_2027_French_presidential_election,wikipedia_excel_v2,Elabe,,,2025-04-02,2025-04-04,2025-04-04,1413.0,unknown,unknown,unknown,first_round,Hypothèse Gabriel Attal / Marine Le Pen / Raphaël Glucksmann,Arlette Arthaud,LO,far_left,1.0,,,,,,,1 2 5.5 11 – 4 – – 6 18 – – – 10 3 36 – 3.5,0.7
V2-SP-ELABE-022,https://en.wikipedia.org/wiki/Opinion_polling_for_the_2027_French_presidential_election,wikipedia_excel_v2,Elabe,,,2025-04-02,2025-04-04,2025-04-04,1413.0,unknown,unknown,unknown,first_round,Hypothèse Gabriel Attal / Marine Le Pen / Raphaël Glucksmann,Fabien Roussel,PCF,left,2.0,,,,,,,1 2 5.5 11 – 4 – – 6 18 – – – 10 3 36 – 3.5,0.7
V2-SP-ELABE-022,https://en.wikipedia.org/wiki/Opinion_polling_for_the_2027_French_presidential_election,wikipedia_excel_v2,Elabe,,,2025-04-02,2025-04-04,2025-04-04,1413.0,unknown,unknown,unknown,first_round,Hypothèse Gabriel Attal / Marine Le Pen / Raphaël Glucksmann,Jean-Luc Mélenchon,LFI,left,5.5,,,,,,,1 2 5.5 11 – 4 – – 6 18 – – – 10 3 36 – 3.5,0.7
V2-SP-ELABE-022,https://en.wikipedia.org/wiki/Opinion_polling_for_the_2027_French_presidential_election,wikipedia_excel_v2,Elabe,,,2025-04-02,2025-04-04,2025-04-04,1413.0,unknown,unknown,unknown,first_round,Hypothèse Gabriel Attal / Marine Le Pen / Raphaël Glucksmann,Raphaël Glucksmann,PP,centre_gauche,11.0,,,,,,,1 2 5.5 11 – 4 – – 6 18 – – – 10 3 36 – 3.5,0.7
V2-SP-ELABE-022,https://en.wikipedia.org/wiki/Opinion_polling_for_the_2027_French_presidential_election,wikipedia_excel_v2,Elabe,,,2025-04-02,2025-04-04,2025-04-04,1413.0,unknown,unknown,unknown,first_round,Hypothèse Gabriel Attal / Marine Le Pen / Raphaël Glucksmann,Gabriel Attal,RE,centre,4.0,,,,,,,1 2 5.5 11 – 4 – – 6 18 – – – 10 3 36 – 3.5,0.7
V2-SP-ELABE-022,https://en.wikipedia.org/wiki/Opinion_polling_for_the_2027_French_presidential_election,wikipedia_excel_v2,Elabe,,,2025-04-02,2025-04-04,2025-04-04,1413.0,unknown,unknown,unknown,first_round,Hypothèse Gabriel Attal / Marine Le Pen / Raphaël Glucksmann,Nicolas Dupont-Aignan,DLF,sovereigntist_right,6.0,,,,,,,1 2 5.5 11 – 4 – – 6 18 – – – 10 3 36 – 3.5,0.7
V2-SP-ELABE-022,https://en.wikipedia.org/wiki/Opinion_polling_for_the_2027_French_presidential_election,wikipedia_excel_v2,Elabe,,,2025-04-02,2025-04-04,2025-04-04,1413.0,unknown,unknown,unknown,first_round,Hypothèse Gabriel Attal / Marine Le Pen / Raphaël Glucksmann,Marine Le Pen,RN,nationalist_right,18.0,,,,,,,1 2 5.5 11 – 4 – – 6 18 – – – 10 3 36 – 3.5,0.7
