circo_key,dept_code,dept_label,circo_code,circo_label,candidate_name,candidate_key,party_label,nuance,force_label,analysis_force_label,first_round_votes,first_round_percent,voix,share_exprimes_t2,wikipedia_url,votes_valides_t1,votes_valides_t2,votes_valides_pct_t1,votes_valides_pct_t2,votes_blancs_t1,votes_blancs_t2,votes_blancs_pct_t1,votes_blancs_pct_t2,votes_nuls_t1,votes_nuls_t2,votes_nuls_pct_t1,votes_nuls_pct_t2,total_t1,total_t2,total_pct_t1,total_pct_t2,abstention_t1,abstention_t2,abstention_pct_t1,abstention_pct_t2,inscrits_participation_t1,inscrits_participation_t2,participation_pct_t1,participation_pct_t2,rank_t2
01-101,01,Ain,101,1ère circonscription,Xavier Breton,xavier breton,LR (UDC),LR,Les Républicains,Les Républicains,14495.0,23.96,33889.0,56.48,https://fr.wikipedia.org/wiki/%C3%89lections_l%C3%A9gislatives_de_2024_dans_l%27Ain,60495.0,60005.0,97.84,96.3,929,1797.0,1.5,2.88,406.0,509.0,0.66,0.82,61830,62311.0,100.0,100.0,25013,24543.0,28.8,28.26,86843,86854.0,71.2,71.74,1
01-101,01,Ain,101,1ère circonscription,Christophe Maître,christophe maitre,RN,RN,Rassemblement national,Rassemblement national,23819.0,39.37,26116.0,43.52,https://fr.wikipedia.org/wiki/%C3%89lections_l%C3%A9gislatives_de_2024_dans_l%27Ain,60495.0,60005.0,97.84,96.3,929,1797.0,1.5,2.88,406.0,509.0,0.66,0.82,61830,62311.0,100.0,100.0,25013,24543.0,28.8,28.26,86843,86854.0,71.2,71.74,2
01-102,01,Ain,102,2ème circonscription,Romain Daubié,romain daubie,MoDem (ENS),ENS,Ensemble,Ensemble,17414.0,24.21,38973.0,55.09,https://fr.wikipedia.org/wiki/%C3%89lections_l%C3%A9gislatives_de_2024_dans_l%27Ain,71918.0,70739.0,97.93,96.14,1198,2298.0,1.63,3.12,321.0,542.0,0.44,0.74,73437,73579.0,100.0,100.0,28437,28326.0,27.91,27.8,101874,101905.0,72.09,72.2,1
01-102,01,Ain,102,2ème circonscription,Andréa Kotarac,andrea kotarac,RN,RN,Rassemblement national,Rassemblement national,28189.0,39.2,31766.0,44.91,https://fr.wikipedia.org/wiki/%C3%89lections_l%C3%A9gislatives_de_2024_dans_l%27Ain,71918.0,70739.0,97.93,96.14,1198,2298.0,1.63,3.12,321.0,542.0,0.44,0.74,73437,73579.0,100.0,100.0,28437,28326.0,27.91,27.8,101874,101905.0,72.09,72.2,2
01-103,01,Ain,103,3ème circonscription,Olga Givernet,olga givernet,RE (ENS),ENS,Ensemble,Ensemble,17420.0,32.43,32958.0,63.0,https://fr.wikipedia.org/wiki/%C3%89lections_l%C3%A9gislatives_de_2024_dans_l%27Ain,53720.0,52317.0,97.74,95.69,860,1856.0,1.56,3.39,381.0,499.0,0.69,0.91,54961,54672.0,100.0,100.0,29169,29496.0,34.67,35.04,84130,84168.0,65.33,64.96,1
01-103,01,Ain,103,3ème circonscription,Karine Dubarry,karine dubarry,RN,RN,Rassemblement national,Rassemblement national,17252.0,32.11,19359.0,37.0,https://fr.wikipedia.org/wiki/%C3%89lections_l%C3%A9gislatives_de_2024_dans_l%27Ain,53720.0,52317.0,97.74,95.69,860,1856.0,1.56,3.39,381.0,499.0,0.69,0.91,54961,54672.0,100.0,100.0,29169,29496.0,34.67,35.04,84130,84168.0,65.33,64.96,2
01-104,01,Ain,104,4ème circonscription,Jérôme Buisson,jerome buisson,RN,RN,Rassemblement national,Rassemblement national,30221.0,46.01,33186.0,51.35,https://fr.wikipedia.org/wiki/%C3%89lections_l%C3%A9gislatives_de_2024_dans_l%27Ain,65687.0,64623.0,97.2,95.4,1361,2419.0,2.01,3.57,532.0,697.0,0.79,1.03,67580,67739.0,100.0,100.0,28539,28394.0,29.69,29.54,96119,96133.0,70.31,70.46,1
01-104,01,Ain,104,4ème circonscription,Christophe Coquelet,christophe coquelet,HOR (ENS),ENS,Ensemble,Ensemble,14367.0,21.87,31437.0,48.65,https://fr.wikipedia.org/wiki/%C3%89lections_l%C3%A9gislatives_de_2024_dans_l%27Ain,65687.0,64623.0,97.2,95.4,1361,2419.0,2.01,3.57,532.0,697.0,0.79,1.03,67580,67739.0,100.0,100.0,28539,28394.0,29.69,29.54,96119,96133.0,70.31,70.46,2
01-105,01,Ain,105,5ème circonscription,Marc Chavent[28],marc chavent 28,RÀD (RN),UXD,Union de l'extrême droite,Union de l'extrême droite,20161.0,39.12,27040.0,57.53,https://fr.wikipedia.org/wiki/%C3%89lections_l%C3%A9gislatives_de_2024_dans_l%27Ain,51532.0,47004.0,97.28,88.88,978,4683.0,1.85,8.85,463.0,1200.0,0.87,2.27,52973,52887.0,100.0,100.0,24927,25032.0,32.0,32.13,77900,77919.0,68.0,67.87,1
01-105,01,Ain,105,5ème circonscription,Florence Pisani,florence pisani,LFI (NFP),UG,LFI / NFP,LFI / NFP,12542.0,24.34,19964.0,42.47,https://fr.wikipedia.org/wiki/%C3%89lections_l%C3%A9gislatives_de_2024_dans_l%27Ain,51532.0,47004.0,97.28,88.88,978,4683.0,1.85,8.85,463.0,1200.0,0.87,2.27,52973,52887.0,100.0,100.0,24927,25032.0,32.0,32.13,77900,77919.0,68.0,67.87,2
02-201,02,Aisne,201,1ère circonscription,Julien Dive,julien dive,LR (UDC),LR,Les Républicains,Les Républicains,16288.0,35.66,22933.0,50.58,https://fr.wikipedia.org/wiki/%C3%89lections_l%C3%A9gislatives_de_2024_dans_l%27Aisne,45675.0,45342.0,97.82,97.26,716,888.0,1.53,1.9,303.0,390.0,0.65,0.84,46694,46620.0,100.0,100.0,26471,26561.0,36.18,36.29,73165,73181.0,63.82,63.71,1
02-201,02,Aisne,201,1ère circonscription,Philippe Torre,philippe torre,CNIP (RN),RN,Rassemblement national,Rassemblement national,21496.0,47.06,22409.0,49.42,https://fr.wikipedia.org/wiki/%C3%89lections_l%C3%A9gislatives_de_2024_dans_l%27Aisne,45675.0,45342.0,97.82,97.26,716,888.0,1.53,1.9,303.0,390.0,0.65,0.84,46694,46620.0,100.0,100.0,26471,26561.0,36.18,36.29,73165,73181.0,63.82,63.71,2
03-301,03,Allier,301,1ère circonscription,Yannick Monnet,yannick monnet,PCF (NFP),UG,PCF / NFP,PCF / NFP,17043.0,28.84,28411.0,50.51,https://fr.wikipedia.org/wiki/%C3%89lections_l%C3%A9gislatives_de_2024_dans_l%27Allier,59100.0,56250.0,96.48,91.23,1185,3864.0,1.93,6.27,974.0,1544.0,1.59,2.5,61259,61658.0,100.0,100.0,27288,26895.0,30.82,30.37,88547,88553.0,69.18,69.63,1
03-301,03,Allier,301,1ère circonscription,Anne-Marie Thès,anne marie thes,RN,RN,Rassemblement national,Rassemblement national,22816.0,38.61,27839.0,49.49,https://fr.wikipedia.org/wiki/%C3%89lections_l%C3%A9gislatives_de_2024_dans_l%27Allier,59100.0,56250.0,96.48,91.23,1185,3864.0,1.93,6.27,974.0,1544.0,1.59,2.5,61259,61658.0,100.0,100.0,27288,26895.0,30.82,30.37,88547,88553.0,69.18,69.63,2
03-302,03,Allier,302,2ème circonscription,Jorys Bovet,jorys bovet,RN,RN,Rassemblement national,Rassemblement national,17810.0,34.33,22990.0,43.27,https://fr.wikipedia.org/wiki/%C3%89lections_l%C3%A9gislatives_de_2024_dans_l%27Allier,51881.0,53134.0,95.46,96.53,1409,1277.0,2.59,2.32,1056.0,631.0,1.94,1.15,54346,55042.0,100.0,100.0,25531,24832.0,31.96,31.09,79877,79874.0,68.04,68.91,1
03-302,03,Allier,302,2ème circonscription,Romain Lefebvre,romain lefebvre,LR (UDC),LR,Les Républicains,Les Républicains,10204.0,19.67,15526.0,29.22,https://fr.wikipedia.org/wiki/%C3%89lections_l%C3%A9gislatives_de_2024_dans_l%27Allier,51881.0,53134.0,95.46,96.53,1409,1277.0,2.59,2.32,1056.0,631.0,1.94,1.15,54346,55042.0,100.0,100.0,25531,24832.0,31.96,31.09,79877,79874.0,68.04,68.91,2
03-302,03,Allier,302,2ème circonscription,Louise Héritier,louise heritier,LFI (NFP),UG,LFI / NFP,LFI / NFP,12482.0,24.06,14618.0,27.51,https://fr.wikipedia.org/wiki/%C3%89lections_l%C3%A9gislatives_de_2024_dans_l%27Allier,51881.0,53134.0,95.46,96.53,1409,1277.0,2.59,2.32,1056.0,631.0,1.94,1.15,54346,55042.0,100.0,100.0,25531,24832.0,31.96,31.09,79877,79874.0,68.04,68.91,3
03-303,03,Allier,303,3ème circonscription,Nicolas Ray,nicolas ray,LR (UDC),LR,Les Républicains,Les Républicains,21464.0,40.05,31075.0,59.07,https://fr.wikipedia.org/wiki/%C3%89lections_l%C3%A9gislatives_de_2024_dans_l%27Allier,53592.0,52603.0,96.89,95.28,1011,1883.0,1.83,3.41,709.0,722.0,1.28,1.31,55312,55208.0,100.0,100.0,24756,24894.0,30.92,31.08,80068,80102.0,69.08,68.92,1
03-303,03,Allier,303,3ème circonscription,Rémy Queney,remy queney,RN,RN,Rassemblement national,Rassemblement national,20270.0,37.82,21528.0,40.93,https://fr.wikipedia.org/wiki/%C3%89lections_l%C3%A9gislatives_de_2024_dans_l%27Allier,53592.0,52603.0,96.89,95.28,1011,1883.0,1.83,3.41,709.0,722.0,1.28,1.31,55312,55208.0,100.0,100.0,24756,24894.0,30.92,31.08,80068,80102.0,69.08,68.92,2
04-401,04,Alpes de Haute-Provence,401,1ère circonscription,Christian Girard,christian girard,RN,RN,Rassemblement national,Rassemblement national,18616.0,44.3,21536.0,54.19,https://fr.wikipedia.org/wiki/%C3%89lections_l%C3%A9gislatives_de_2024_dans_les_Alpes-de-Haute-Provence,42026.0,39742.0,97.1,91.34,875,2804.0,2.02,6.44,378.0,964.0,0.87,2.22,43279,43510.0,100.0,100.0,18194,17962.0,29.6,29.22,61473,61472.0,70.4,70.78,1
04-401,04,Alpes de Haute-Provence,401,1ère circonscription,Félix Blanc,felix blanc,LÉ (NFP),UG,Autre NFP,Autre NFP,11457.0,27.26,18206.0,45.81,https://fr.wikipedia.org/wiki/%C3%89lections_l%C3%A9gislatives_de_2024_dans_les_Alpes-de-Haute-Provence,42026.0,39742.0,97.1,91.34,875,2804.0,2.02,6.44,378.0,964.0,0.87,2.22,43279,43510.0,100.0,100.0,18194,17962.0,29.6,29.22,61473,61472.0,70.4,70.78,2
04-402,04,Alpes de Haute-Provence,402,2ème circonscription,Sophie Vaginay-Ricourt[19],sophie vaginay ricourt 19,RAD (RN),UXD,Union de l'extrême droite,Union de l'extrême droite,18314.0,40.89,21655.0,50.97,https://fr.wikipedia.org/wiki/%C3%89lections_l%C3%A9gislatives_de_2024_dans_les_Alpes-de-Haute-Provence,44785.0,42489.0,96.19,90.6,1295,3464.0,2.78,7.39,480.0,944.0,1.03,2.01,46560,46897.0,100.0,100.0,20111,19777.0,30.16,29.66,66671,66674.0,69.84,70.34,1
04-402,04,Alpes de Haute-Provence,402,2ème circonscription,Léo Walter,leo walter,LFI (NFP),UG,LFI / NFP,LFI / NFP,14774.0,32.99,20834.0,49.03,https://fr.wikipedia.org/wiki/%C3%89lections_l%C3%A9gislatives_de_2024_dans_les_Alpes-de-Haute-Provence,44785.0,42489.0,96.19,90.6,1295,3464.0,2.78,7.39,480.0,944.0,1.03,2.01,46560,46897.0,100.0,100.0,20111,19777.0,30.16,29.66,66671,66674.0,69.84,70.34,2
05-501,05,Hautes-Alpes,501,1ère circonscription,Marie-José Allemand,marie jose allemand,PS (NFP),UG,Autre NFP,Autre NFP,12568.0,30.47,20242.0,51.64,https://fr.wikipedia.org/wiki/%C3%89lections_l%C3%A9gislatives_de_2024_dans_les_Hautes-Alpes,41247.0,39197.0,97.01,91.37,833,2778.0,1.96,6.47,440.0,936.0,1.03,2.34,42520,42911.0,100.0,100.0,17527,17146.0,29.19,28.55,60047,60057.0,70.81,71.45,1
05-501,05,Hautes-Alpes,501,1ère circonscription,Jérôme Sainte-Marie,jerome sainte marie,RN,RN,Rassemblement national,Rassemblement national,15774.0,38.24,18955.0,48.36,https://fr.wikipedia.org/wiki/%C3%89lections_l%C3%A9gislatives_de_2024_dans_les_Hautes-Alpes,41247.0,39197.0,97.01,91.37,833,2778.0,1.96,6.47,440.0,936.0,1.03,2.34,42520,42911.0,100.0,100.0,17527,17146.0,29.19,28.55,60047,60057.0,70.81,71.45,2
05-502,05,Hautes-Alpes,502,2ème circonscription,Valérie Rossi,valerie rossi,PS (NFP),UG,Autre NFP,Autre NFP,12661.0,32.7,20501.0,56.32,https://fr.wikipedia.org/wiki/%C3%89lections_l%C3%A9gislatives_de_2024_dans_les_Hautes-Alpes,38714.0,36403.0,97.48,91.07,704,2793.0,1.77,6.99,298.0,775.0,0.75,1.94,39716,39971.0,100.0,100.0,14801,14559.0,27.15,26.7,54517,54530.0,72.85,73.3,1
05-502,05,Hautes-Alpes,502,2ème circonscription,Louis Albrand,louis albrand,RN,RN,Rassemblement national,Rassemblement national,13115.0,33.88,15902.0,43.68,https://fr.wikipedia.org/wiki/%C3%89lections_l%C3%A9gislatives_de_2024_dans_les_Hautes-Alpes,38714.0,36403.0,97.48,91.07,704,2793.0,1.77,6.99,298.0,775.0,0.75,1.94,39716,39971.0,100.0,100.0,14801,14559.0,27.15,26.7,54517,54530.0,72.85,73.3,2
06-601,06,Alpes-Maritimes,601,1ère circonscription,Éric Ciotti,eric ciotti,RAD (RN),UXD,Union de l'extrême droite,Union de l'extrême droite,20809.0,41.04,22585.0,45.14,https://fr.wikipedia.org/wiki/%C3%89lections_l%C3%A9gislatives_de_2024_dans_les_Alpes-Maritimes,50709.0,50036.0,98.01,97.72,667,839.0,1.29,1.64,362.0,327.0,0.7,0.64,51738,51202.0,100.0,100.0,30141,30681.0,36.81,37.47,81879,81883.0,63.19,62.53,1
06-601,06,Alpes-Maritimes,601,1ère circonscription,Olivier Salerno,olivier salerno,LFI (NFP),UG,LFI / NFP,LFI / NFP,13499.0,26.62,16077.0,32.13,https://fr.wikipedia.org/wiki/%C3%89lections_l%C3%A9gislatives_de_2024_dans_les_Alpes-Maritimes,50709.0,50036.0,98.01,97.72,667,839.0,1.29,1.64,362.0,327.0,0.7,0.64,51738,51202.0,100.0,100.0,30141,30681.0,36.81,37.47,81879,81883.0,63.19,62.53,2
06-601,06,Alpes-Maritimes,601,1ère circonscription,Graig Monetti,graig monetti,HOR (ENS),ENS,Ensemble,Ensemble,11558.0,22.79,11374.0,22.73,https://fr.wikipedia.org/wiki/%C3%89lections_l%C3%A9gislatives_de_2024_dans_les_Alpes-Maritimes,50709.0,50036.0,98.01,97.72,667,839.0,1.29,1.64,362.0,327.0,0.7,0.64,51738,51202.0,100.0,100.0,30141,30681.0,36.81,37.47,81879,81883.0,63.19,62.53,3
06-602,06,Alpes-Maritimes,602,2ème circonscription,Lionel Tivoli,lionel tivoli,RN,RN,Rassemblement national,Rassemblement national,28676.0,48.08,33273.0,63.78,https://fr.wikipedia.org/wiki/%C3%89lections_l%C3%A9gislatives_de_2024_dans_les_Alpes-Maritimes,59641.0,52166.0,97.66,88.68,996,5480.0,1.63,9.32,430.0,1176.0,0.7,2.0,61067,58822.0,100.0,100.0,29314,31589.0,32.43,34.94,90381,90411.0,67.57,65.06,1
06-602,06,Alpes-Maritimes,602,2ème circonscription,Leïla Tonnerre,leila tonnerre,LFI (NFP),UG,LFI / NFP,LFI / NFP,11339.0,19.01,18893.0,36.22,https://fr.wikipedia.org/wiki/%C3%89lections_l%C3%A9gislatives_de_2024_dans_les_Alpes-Maritimes,59641.0,52166.0,97.66,88.68,996,5480.0,1.63,9.32,430.0,1176.0,0.7,2.0,61067,58822.0,100.0,100.0,29314,31589.0,32.43,34.94,90381,90411.0,67.57,65.06,2
06-603,06,Alpes-Maritimes,603,3ème circonscription,Bernard Chaix,bernard chaix,RAD (RN),UXD,Union de l'extrême droite,Union de l'extrême droite,23983.0,41.47,28884.0,53.71,https://fr.wikipedia.org/wiki/%C3%89lections_l%C3%A9gislatives_de_2024_dans_les_Alpes-Maritimes,57837.0,53781.0,98.01,93.57,763,2904.0,1.29,5.05,412.0,794.0,0.7,1.38,59012,57479.0,100.0,100.0,32712,34249.0,35.66,37.34,91724,91728.0,64.34,62.66,1
06-603,06,Alpes-Maritimes,603,3ème circonscription,Laure Quignard,laure quignard,PS (NFP),UG,Autre NFP,Autre NFP,15754.0,27.24,24897.0,46.29,https://fr.wikipedia.org/wiki/%C3%89lections_l%C3%A9gislatives_de_2024_dans_les_Alpes-Maritimes,57837.0,53781.0,98.01,93.57,763,2904.0,1.29,5.05,412.0,794.0,0.7,1.38,59012,57479.0,100.0,100.0,32712,34249.0,35.66,37.34,91724,91728.0,64.34,62.66,2
06-604,06,Alpes-Maritimes,604,4ème circonscription,Éric Pauget,eric pauget,LR (UDC),LR,Les Républicains,Les Républicains,16389.0,24.88,37955.0,58.73,https://fr.wikipedia.org/wiki/%C3%89lections_l%C3%A9gislatives_de_2024_dans_les_Alpes-Maritimes,65866.0,64627.0,98.47,97.28,761,1534.0,1.14,2.31,261.0,276.0,0.39,0.42,66888,66437.0,100.0,100.0,29396,29851.0,30.53,31.0,96284,96288.0,69.47,69.0,1
06-604,06,Alpes-Maritimes,604,4ème circonscription,Thierry Ferrand,thierry ferrand,RN,RN,Rassemblement national,Rassemblement national,23921.0,36.32,26672.0,41.27,https://fr.wikipedia.org/wiki/%C3%89lections_l%C3%A9gislatives_de_2024_dans_les_Alpes-Maritimes,65866.0,64627.0,98.47,97.28,761,1534.0,1.14,2.31,261.0,276.0,0.39,0.42,66888,66437.0,100.0,100.0,29396,29851.0,30.53,31.0,96284,96288.0,69.47,69.0,2
06-605,06,Alpes-Maritimes,605,5ème circonscription,Alexandra Martin[31],alexandra martin 31,LR - NÉ (UDC),LR,Les Républicains,Les Républicains,15284.0,28.39,28012.0,52.57,https://fr.wikipedia.org/wiki/%C3%89lections_l%C3%A9gislatives_de_2024_dans_les_Alpes-Maritimes,53836.0,53290.0,98.47,97.89,581,906.0,1.06,1.66,257.0,240.0,0.47,0.44,54674,54436.0,100.0,100.0,29740,29965.0,35.23,35.5,84414,84401.0,64.77,64.5,1
06-605,06,Alpes-Maritimes,605,5ème circonscription,Dorette Landerer,dorette landerer,RN,RN,Rassemblement national,Rassemblement national,23010.0,42.74,25278.0,47.43,https://fr.wikipedia.org/wiki/%C3%89lections_l%C3%A9gislatives_de_2024_dans_les_Alpes-Maritimes,53836.0,53290.0,98.47,97.89,581,906.0,1.06,1.66,257.0,240.0,0.47,0.44,54674,54436.0,100.0,100.0,29740,29965.0,35.23,35.5,84414,84401.0,64.77,64.5,2
06-606,06,Alpes-Maritimes,606,6ème circonscription,Michèle Tabarot,michele tabarot,LR (UDC),LR,Les Républicains,Les Républicains,18334.0,33.84,28407.0,52.99,https://fr.wikipedia.org/wiki/%C3%89lections_l%C3%A9gislatives_de_2024_dans_les_Alpes-Maritimes,54178.0,53613.0,98.33,97.03,684,1301.0,1.24,2.35,237.0,338.0,0.43,0.61,55099,55252.0,100.0,100.0,27287,27152.0,33.12,32.95,82386,82404.0,66.88,67.05,1
06-606,06,Alpes-Maritimes,606,6ème circonscription,Franck Galbert,franck galbert,RN,RN,Rassemblement national,Rassemblement national,22921.0,42.31,25206.0,47.01,https://fr.wikipedia.org/wiki/%C3%89lections_l%C3%A9gislatives_de_2024_dans_les_Alpes-Maritimes,54178.0,53613.0,98.33,97.03,684,1301.0,1.24,2.35,237.0,338.0,0.43,0.61,55099,55252.0,100.0,100.0,27287,27152.0,33.12,32.95,82386,82404.0,66.88,67.05,2
07-701,07,Ardèche,701,1ère circonscription,Hervé Saulignac,herve saulignac,PS (NFP),UG,Autre NFP,Autre NFP,20809.0,38.24,28303.0,52.68,https://fr.wikipedia.org/wiki/%C3%89lections_l%C3%A9gislatives_de_2024_dans_l%27Ard%C3%A8che,54412.0,53722.0,97.18,94.34,1072,2308.0,1.91,4.05,507.0,918.0,0.91,1.61,55991,56948.0,100.0,100.0,23605,22648.0,29.66,28.45,79596,79596.0,70.34,71.55,1
07-701,07,Ardèche,701,1ère circonscription,Céline Porquet,celine porquet,RN,RN,Rassemblement national,Rassemblement national,21736.0,39.95,25419.0,47.32,https://fr.wikipedia.org/wiki/%C3%89lections_l%C3%A9gislatives_de_2024_dans_l%27Ard%C3%A8che,54412.0,53722.0,97.18,94.34,1072,2308.0,1.91,4.05,507.0,918.0,0.91,1.61,55991,56948.0,100.0,100.0,23605,22648.0,29.66,28.45,79596,79596.0,70.34,71.55,2
07-702,07,Ardèche,702,2ème circonscription,"Vincent Trébuchet[37],[38]",vincent trebuchet 37 38,RAD (RN),UXD,Union de l'extrême droite,Union de l'extrême droite,24417.0,35.75,33926.0,52.76,https://fr.wikipedia.org/wiki/%C3%89lections_l%C3%A9gislatives_de_2024_dans_l%27Ard%C3%A8che,68290.0,64298.0,97.0,91.03,1420,4868.0,2.02,6.89,694.0,1464.0,0.99,2.07,70404,70630.0,100.0,100.0,26734,26521.0,27.52,27.3,97138,97151.0,72.48,72.7,1
07-702,07,Ardèche,702,2ème circonscription,Michèle Victory,michele victory,PS (NFP),UG,Autre NFP,Autre NFP,17051.0,24.97,30372.0,47.24,https://fr.wikipedia.org/wiki/%C3%89lections_l%C3%A9gislatives_de_2024_dans_l%27Ard%C3%A8che,68290.0,64298.0,97.0,91.03,1420,4868.0,2.02,6.89,694.0,1464.0,0.99,2.07,70404,70630.0,100.0,100.0,26734,26521.0,27.52,27.3,97138,97151.0,72.48,72.7,2
07-703,07,Ardèche,703,3ème circonscription,"Fabrice Brun[11],[12]",fabrice brun 11 12,SE (UDC),DVD,Divers droite,Divers droite,15194.0,26.48,20414.0,34.65,https://fr.wikipedia.org/wiki/%C3%89lections_l%C3%A9gislatives_de_2024_dans_l%27Ard%C3%A8che,57371.0,58918.0,97.76,98.13,845,789.0,1.44,1.31,471.0,335.0,0.8,0.56,58687,60042.0,100.0,100.0,22335,20969.0,27.57,25.88,81022,81011.0,72.43,74.12,1
07-703,07,Ardèche,703,3ème circonscription,Cyrille Grangier,cyrille grangier,RN,RN,Rassemblement national,Rassemblement national,18328.0,31.95,20379.0,34.59,https://fr.wikipedia.org/wiki/%C3%89lections_l%C3%A9gislatives_de_2024_dans_l%27Ard%C3%A8che,57371.0,58918.0,97.76,98.13,845,789.0,1.44,1.31,471.0,335.0,0.8,0.56,58687,60042.0,100.0,100.0,22335,20969.0,27.57,25.88,81022,81011.0,72.43,74.12,2
07-703,07,Ardèche,703,3ème circonscription,Florence Pallot,florence pallot,LFI (NFP),UG,LFI / NFP,LFI / NFP,16239.0,28.31,18125.0,30.76,https://fr.wikipedia.org/wiki/%C3%89lections_l%C3%A9gislatives_de_2024_dans_l%27Ard%C3%A8che,57371.0,58918.0,97.76,98.13,845,789.0,1.44,1.31,471.0,335.0,0.8,0.56,58687,60042.0,100.0,100.0,22335,20969.0,27.57,25.88,81022,81011.0,72.43,74.12,3
08-801,08,Ardennes,801,1ère circonscription,Flavien Termet,flavien termet,RN,RN,Rassemblement national,Rassemblement national,17817.0,38.33,24184.0,52.99,https://fr.wikipedia.org/wiki/%C3%89lections_l%C3%A9gislatives_de_2024_dans_les_Ardennes,46480.0,45642.0,97.75,95.69,660,1524.0,1.39,3.2,411.0,533.0,0.86,1.12,47551,47699.0,100.0,100.0,23113,22968.0,32.71,32.5,70664,70667.0,67.29,67.5,1
08-801,08,Ardennes,801,1ère circonscription,Lionel Vuibert[16],lionel vuibert 16,Agir (ENS),ENS,Ensemble,Ensemble,12157.0,26.16,21458.0,47.01,https://fr.wikipedia.org/wiki/%C3%89lections_l%C3%A9gislatives_de_2024_dans_les_Ardennes,46480.0,45642.0,97.75,95.69,660,1524.0,1.39,3.2,411.0,533.0,0.86,1.12,47551,47699.0,100.0,100.0,23113,22968.0,32.71,32.5,70664,70667.0,67.29,67.5,2
08-802,08,Ardennes,802,2ème circonscription,Pierre Cordier,pierre cordier,app. LR (UDC),DVD,Divers droite,Divers droite,11147.0,30.15,20415.0,55.63,https://fr.wikipedia.org/wiki/%C3%89lections_l%C3%A9gislatives_de_2024_dans_les_Ardennes,36971.0,36695.0,98.41,96.89,375,853.0,1.0,2.25,223.0,326.0,0.59,0.86,37569,37874.0,100.0,100.0,22712,22401.0,37.68,37.16,60281,60275.0,62.32,62.84,1
08-802,08,Ardennes,802,2ème circonscription,Pauline Mester,pauline mester,RN,RN,Rassemblement national,Rassemblement national,15097.0,40.83,16280.0,44.37,https://fr.wikipedia.org/wiki/%C3%89lections_l%C3%A9gislatives_de_2024_dans_les_Ardennes,36971.0,36695.0,98.41,96.89,375,853.0,1.0,2.25,223.0,326.0,0.59,0.86,37569,37874.0,100.0,100.0,22712,22401.0,37.68,37.16,60281,60275.0,62.32,62.84,2
08-803,08,Ardennes,803,3ème circonscription,Jean-Luc Warsmann,jean luc warsmann,app. UDI (UDC),DVD,Divers droite,Divers droite,15362.0,43.56,19506.0,54.44,https://fr.wikipedia.org/wiki/%C3%89lections_l%C3%A9gislatives_de_2024_dans_les_Ardennes,35263.0,35827.0,98.31,97.9,349,519.0,0.97,1.42,258.0,250.0,0.72,0.68,35870,36596.0,100.0,100.0,18614,17895.0,34.16,32.84,54484,54491.0,65.84,67.16,1
08-803,08,Ardennes,803,3ème circonscription,Isabelle Roger,isabelle roger,RN,RN,Rassemblement national,Rassemblement national,15296.0,43.38,16321.0,45.56,https://fr.wikipedia.org/wiki/%C3%89lections_l%C3%A9gislatives_de_2024_dans_les_Ardennes,35263.0,35827.0,98.31,97.9,349,519.0,0.97,1.42,258.0,250.0,0.72,0.68,35870,36596.0,100.0,100.0,18614,17895.0,34.16,32.84,54484,54491.0,65.84,67.16,2
09-901,09,Ariège,901,1ère circonscription,Laurent Panifous[16],laurent panifous 16,app. PS (NFP)[c],UG,Autre NFP,Autre NFP,19911.0,48.25,23608.0,57.07,https://fr.wikipedia.org/wiki/%C3%89lections_l%C3%A9gislatives_de_2024_dans_l%27Ari%C3%A8ge,41268.0,41368.0,94.89,94.85,1475,1477.0,3.39,3.39,746.0,767.0,1.72,1.76,43489,43612.0,100.0,100.0,18562,18450.0,29.91,29.73,62051,62062.0,70.09,70.27,1
09-901,09,Ariège,901,1ère circonscription,Michèle Alozy,michele alozy,RN,RN,Rassemblement national,Rassemblement national,16678.0,40.41,17760.0,42.93,https://fr.wikipedia.org/wiki/%C3%89lections_l%C3%A9gislatives_de_2024_dans_l%27Ari%C3%A8ge,41268.0,41368.0,94.89,94.85,1475,1477.0,3.39,3.39,746.0,767.0,1.72,1.76,43489,43612.0,100.0,100.0,18562,18450.0,29.91,29.73,62051,62062.0,70.09,70.27,2
10-1001,10,Aube,1001,1ère circonscription,Valérie Bazin-Malgras,valerie bazin malgras,LR (UDC),LR,Les Républicains,Les Républicains,13902.0,27.93,25420.0,52.17,https://fr.wikipedia.org/wiki/%C3%89lections_l%C3%A9gislatives_de_2024_dans_l%27Aube,49780.0,48726.0,97.72,96.94,708,1152.0,1.39,2.29,451.0,385.0,0.89,0.77,50939,50263.0,100.0,100.0,23037,23714.0,31.14,32.06,73976,73977.0,68.86,67.94,1
10-1001,10,Aube,1001,1ère circonscription,Albéric Ferrand,alberic ferrand,RN,RN,Rassemblement national,Rassemblement national,22316.0,44.83,23306.0,47.83,https://fr.wikipedia.org/wiki/%C3%89lections_l%C3%A9gislatives_de_2024_dans_l%27Aube,49780.0,48726.0,97.72,96.94,708,1152.0,1.39,2.29,451.0,385.0,0.89,0.77,50939,50263.0,100.0,100.0,23037,23714.0,31.14,32.06,73976,73977.0,68.86,67.94,2
10-1002,10,Aube,1002,2ème circonscription,Angélique Ranc,angelique ranc,RN,RN,Rassemblement national,Rassemblement national,18084.0,43.33,20600.0,52.52,https://fr.wikipedia.org/wiki/%C3%89lections_l%C3%A9gislatives_de_2024_dans_l%27Aube,41731.0,39224.0,98.03,93.08,531,2234.0,1.25,5.3,309.0,682.0,0.73,1.62,42571,42140.0,100.0,100.0,22892,23354.0,34.97,35.66,65463,65494.0,65.03,64.34,1
10-1002,10,Aube,1002,2ème circonscription,Olivier Girardin,olivier girardin,PS (NFP),UG,Autre NFP,Autre NFP,10178.0,24.39,18624.0,47.48,https://fr.wikipedia.org/wiki/%C3%89lections_l%C3%A9gislatives_de_2024_dans_l%27Aube,41731.0,39224.0,98.03,93.08,531,2234.0,1.25,5.3,309.0,682.0,0.73,1.62,42571,42140.0,100.0,100.0,22892,23354.0,34.97,35.66,65463,65494.0,65.03,64.34,2
11-1101,11,Aude,1101,1ère circonscription,Christophe Barthès,christophe barthes,RN,RN,Rassemblement national,Rassemblement national,32916.0,49.33,37049.0,61.44,https://fr.wikipedia.org/wiki/%C3%89lections_l%C3%A9gislatives_de_2024_dans_l%27Aude,66725.0,60300.0,96.05,87.84,1755,6076.0,2.53,8.85,988.0,2269.0,1.42,3.31,69468,68645.0,100.0,100.0,29752,30587.0,29.99,30.82,99220,99232.0,70.01,69.18,1
11-1101,11,Aude,1101,1ère circonscription,Philippe Poutou,philippe poutou,NPA-A (NFP),UG,Autre NFP,Autre NFP,12475.0,18.7,23251.0,38.56,https://fr.wikipedia.org/wiki/%C3%89lections_l%C3%A9gislatives_de_2024_dans_l%27Aude,66725.0,60300.0,96.05,87.84,1755,6076.0,2.53,8.85,988.0,2269.0,1.42,3.31,69468,68645.0,100.0,100.0,29752,30587.0,29.99,30.82,99220,99232.0,70.01,69.18,2
11-1102,11,Aude,1102,2ème circonscription,Frédéric Falcon,frederic falcon,RN,RN,Rassemblement national,Rassemblement national,29212.0,48.12,33573.0,58.22,https://fr.wikipedia.org/wiki/%C3%89lections_l%C3%A9gislatives_de_2024_dans_l%27Aude,60702.0,57665.0,96.47,91.37,1312,3952.0,2.09,6.26,910.0,1492.0,1.45,2.36,62924,63109.0,100.0,100.0,29908,29737.0,32.22,32.03,92832,92846.0,67.78,67.97,1
11-1102,11,Aude,1102,2ème circonscription,Viviane Thivent,viviane thivent,LÉ (NFP),UG,Autre NFP,Autre NFP,15795.0,26.02,24092.0,41.78,https://fr.wikipedia.org/wiki/%C3%89lections_l%C3%A9gislatives_de_2024_dans_l%27Aude,60702.0,57665.0,96.47,91.37,1312,3952.0,2.09,6.26,910.0,1492.0,1.45,2.36,62924,63109.0,100.0,100.0,29908,29737.0,32.22,32.03,92832,92846.0,67.78,67.97,2
11-1103,11,Aude,1103,3ème circonscription,Julien Rancoule,julien rancoule,RN,RN,Rassemblement national,Rassemblement national,27946.0,44.7,31514.0,52.07,https://fr.wikipedia.org/wiki/%C3%89lections_l%C3%A9gislatives_de_2024_dans_l%27Aude,62516.0,60518.0,96.53,92.84,1327,3245.0,2.05,4.98,922.0,1419.0,1.42,2.18,64765,65182.0,100.0,100.0,25094,24670.0,27.93,27.46,89859,89852.0,72.07,72.54,1
11-1103,11,Aude,1103,3ème circonscription,Philippe Andrieu,philippe andrieu,PS (NFP),UG,Autre NFP,Autre NFP,20426.0,32.67,29004.0,47.93,https://fr.wikipedia.org/wiki/%C3%89lections_l%C3%A9gislatives_de_2024_dans_l%27Aude,62516.0,60518.0,96.53,92.84,1327,3245.0,2.05,4.98,922.0,1419.0,1.42,2.18,64765,65182.0,100.0,100.0,25094,24670.0,27.93,27.46,89859,89852.0,72.07,72.54,2
12-1201,12,Aveyron,1201,1ère circonscription,Stéphane Mazars,stephane mazars,RE (ENS),ENS,Ensemble,Ensemble,24349.0,43.58,34706.0,65.17,https://fr.wikipedia.org/wiki/%C3%89lections_l%C3%A9gislatives_de_2024_dans_l%27Aveyron,55866.0,53254.0,96.69,94.06,1310,2397.0,2.27,4.23,602.0,966.0,1.04,1.71,57778,56617.0,100.0,100.0,20567,21734.0,26.25,27.74,78345,78351.0,73.75,72.26,1
12-1201,12,Aveyron,1201,1ère circonscription,Jean-Philippe Chartier,jean philippe chartier,RN,RN,Rassemblement national,Rassemblement national,17586.0,31.48,18548.0,34.83,https://fr.wikipedia.org/wiki/%C3%89lections_l%C3%A9gislatives_de_2024_dans_l%27Aveyron,55866.0,53254.0,96.69,94.06,1310,2397.0,2.27,4.23,602.0,966.0,1.04,1.71,57778,56617.0,100.0,100.0,20567,21734.0,26.25,27.74,78345,78351.0,73.75,72.26,2
12-1202,12,Aveyron,1202,2ème circonscription,Laurent Alexandre,laurent alexandre,LFI (NFP),UG,LFI / NFP,LFI / NFP,15738.0,32.73,24084.0,55.69,https://fr.wikipedia.org/wiki/%C3%89lections_l%C3%A9gislatives_de_2024_dans_l%27Aveyron,48087.0,43243.0,95.67,86.42,1393,4593.0,2.77,9.18,786.0,2200.0,1.56,4.4,50266,50036.0,100.0,100.0,17951,18185.0,26.31,26.66,68217,68221.0,73.69,73.34,1
12-1202,12,Aveyron,1202,2ème circonscription,Marie-Christine Parolin,marie christine parolin,RN,RN,Rassemblement national,Rassemblement national,15923.0,33.11,19159.0,44.31,https://fr.wikipedia.org/wiki/%C3%89lections_l%C3%A9gislatives_de_2024_dans_l%27Aveyron,48087.0,43243.0,95.67,86.42,1393,4593.0,2.77,9.18,786.0,2200.0,1.56,4.4,50266,50036.0,100.0,100.0,17951,18185.0,26.31,26.66,68217,68221.0,73.69,73.34,2
12-1203,12,Aveyron,1203,3ème circonscription,Jean-François Rousset,jean francois rousset,RE (ENS),ENS,Ensemble,Ensemble,16514.0,32.45,29696.0,60.29,https://fr.wikipedia.org/wiki/%C3%89lections_l%C3%A9gislatives_de_2024_dans_l%27Aveyron,50891.0,49257.0,95.7,92.91,1481,2573.0,2.79,4.85,804.0,1185.0,1.51,2.24,53176,53015.0,100.0,100.0,19095,19253.0,26.42,26.64,72271,72268.0,73.58,73.36,1
12-1203,12,Aveyron,1203,3ème circonscription,Pierre-Antoine Fèvre,pierre antoine fevre,RAD (RN),UXD,Union de l'extrême droite,Union de l'extrême droite,18044.0,35.46,19561.0,39.71,https://fr.wikipedia.org/wiki/%C3%89lections_l%C3%A9gislatives_de_2024_dans_l%27Aveyron,50891.0,49257.0,95.7,92.91,1481,2573.0,2.79,4.85,804.0,1185.0,1.51,2.24,53176,53015.0,100.0,100.0,19095,19253.0,26.42,26.64,72271,72268.0,73.58,73.36,2
13-1301,13,Bouches-du-Rhône,1301,1ère circonscription,Suffrages exprimés,suffrages exprimes,Suffrages exprimés,SUFFRAGES EXPRIMÉS,SUFFRAGES EXPRIMÉS,SUFFRAGES EXPRIMÉS,53312.0,97.7,50671.0,93.8,https://fr.wikipedia.org/wiki/%C3%89lections_l%C3%A9gislatives_de_2024_dans_les_Bouches-du-Rh%C3%B4ne,,,,,927,2688.0,1.7,4.98,327.0,660.0,0.6,1.22,54566,54019.0,100.0,100.0,28226,28797.0,34.09,34.77,82792,82816.0,65.91,65.23,1
13-1301,13,Bouches-du-Rhône,1301,1ère circonscription,Monique Griseti,monique griseti,RN,RN,Rassemblement national,Rassemblement national,24276.0,45.54,28304.0,55.86,https://fr.wikipedia.org/wiki/%C3%89lections_l%C3%A9gislatives_de_2024_dans_les_Bouches-du-Rh%C3%B4ne,,,,,927,2688.0,1.7,4.98,327.0,660.0,0.6,1.22,54566,54019.0,100.0,100.0,28226,28797.0,34.09,34.77,82792,82816.0,65.91,65.23,2
13-1301,13,Bouches-du-Rhône,1301,1ère circonscription,Pascaline Lécorché,pascaline lecorche,PP (NFP),UG,Autre NFP,Autre NFP,14340.0,26.9,22367.0,44.14,https://fr.wikipedia.org/wiki/%C3%89lections_l%C3%A9gislatives_de_2024_dans_les_Bouches-du-Rh%C3%B4ne,,,,,927,2688.0,1.7,4.98,327.0,660.0,0.6,1.22,54566,54019.0,100.0,100.0,28226,28797.0,34.09,34.77,82792,82816.0,65.91,65.23,3
13-1302,13,Bouches-du-Rhône,1302,2ème circonscription,Suffrages exprimés,suffrages exprimes,Suffrages exprimés,SUFFRAGES EXPRIMÉS,SUFFRAGES EXPRIMÉS,SUFFRAGES EXPRIMÉS,58752.0,98.63,53466.0,92.55,https://fr.wikipedia.org/wiki/%C3%89lections_l%C3%A9gislatives_de_2024_dans_les_Bouches-du-Rh%C3%B4ne,,,,,585,3617.0,0.98,6.26,230.0,684.0,0.39,1.18,59567,57767.0,100.0,100.0,24873,26694.0,29.46,31.61,84440,84461.0,70.54,68.39,1
13-1302,13,Bouches-du-Rhône,1302,2ème circonscription,Laurent Lhardit,laurent lhardit,PS (NFP),UG,Autre NFP,Autre NFP,16740.0,28.49,28677.0,53.64,https://fr.wikipedia.org/wiki/%C3%89lections_l%C3%A9gislatives_de_2024_dans_les_Bouches-du-Rh%C3%B4ne,,,,,585,3617.0,0.98,6.26,230.0,684.0,0.39,1.18,59567,57767.0,100.0,100.0,24873,26694.0,29.46,31.61,84440,84461.0,70.54,68.39,2
13-1302,13,Bouches-du-Rhône,1302,2ème circonscription,Olivier Rioult,olivier rioult,RN,RN,Rassemblement national,Rassemblement national,18836.0,32.06,24789.0,46.36,https://fr.wikipedia.org/wiki/%C3%89lections_l%C3%A9gislatives_de_2024_dans_les_Bouches-du-Rh%C3%B4ne,,,,,585,3617.0,0.98,6.26,230.0,684.0,0.39,1.18,59567,57767.0,100.0,100.0,24873,26694.0,29.46,31.61,84440,84461.0,70.54,68.39,3
13-1303,13,Bouches-du-Rhône,1303,3ème circonscription,Suffrages exprimés,suffrages exprimes,Suffrages exprimés,SUFFRAGES EXPRIMÉS,SUFFRAGES EXPRIMÉS,SUFFRAGES EXPRIMÉS,46643.0,97.6,44903.0,94.7,https://fr.wikipedia.org/wiki/%C3%89lections_l%C3%A9gislatives_de_2024_dans_les_Bouches-du-Rh%C3%B4ne,,,,,817,1982.0,1.71,4.18,331.0,531.0,0.69,1.12,47791,47416.0,100.0,100.0,30047,30467.0,38.6,39.12,77838,77883.0,61.4,60.88,1
13-1303,13,Bouches-du-Rhône,1303,3ème circonscription,Gisèle Lelouis,gisele lelouis,RN,RN,Rassemblement national,Rassemblement national,19938.0,42.75,22869.0,50.93,https://fr.wikipedia.org/wiki/%C3%89lections_l%C3%A9gislatives_de_2024_dans_les_Bouches-du-Rh%C3%B4ne,,,,,817,1982.0,1.71,4.18,331.0,531.0,0.69,1.12,47791,47416.0,100.0,100.0,30047,30467.0,38.6,39.12,77838,77883.0,61.4,60.88,2
13-1303,13,Bouches-du-Rhône,1303,3ème circonscription,Amine Kessaci,amine kessaci,LÉ (NFP),UG,Autre NFP,Autre NFP,16642.0,35.68,22034.0,49.07,https://fr.wikipedia.org/wiki/%C3%89lections_l%C3%A9gislatives_de_2024_dans_les_Bouches-du-Rh%C3%B4ne,,,,,817,1982.0,1.71,4.18,331.0,531.0,0.69,1.12,47791,47416.0,100.0,100.0,30047,30467.0,38.6,39.12,77838,77883.0,61.4,60.88,3
13-1304,13,Bouches-du-Rhône,1304,4ème circonscription,Suffrages exprimés,suffrages exprimes,Suffrages exprimés,SUFFRAGES EXPRIMÉS,SUFFRAGES EXPRIMÉS,SUFFRAGES EXPRIMÉS,50206.0,98.49,45925.0,93.53,https://fr.wikipedia.org/wiki/%C3%89lections_l%C3%A9gislatives_de_2024_dans_les_Bouches-du-Rh%C3%B4ne,,,,,472,2543.0,0.93,5.18,297.0,634.0,0.58,1.29,50975,49102.0,100.0,100.0,24486,26389.0,32.45,34.96,75461,75491.0,67.55,65.04,1
13-1304,13,Bouches-du-Rhône,1304,4ème circonscription,Hendrik Davi[31],hendrik davi 31,GES[d],DVG,Divers gauche,Divers gauche,12271.0,24.44,30287.0,65.95,https://fr.wikipedia.org/wiki/%C3%89lections_l%C3%A9gislatives_de_2024_dans_les_Bouches-du-Rh%C3%B4ne,,,,,472,2543.0,0.93,5.18,297.0,634.0,0.58,1.29,50975,49102.0,100.0,100.0,24486,26389.0,32.45,34.96,75461,75491.0,67.55,65.04,2
13-1304,13,Bouches-du-Rhône,1304,4ème circonscription,Franck Liquori,franck liquori,RN,RN,Rassemblement national,Rassemblement national,12938.0,25.77,15638.0,34.05,https://fr.wikipedia.org/wiki/%C3%89lections_l%C3%A9gislatives_de_2024_dans_les_Bouches-du-Rh%C3%B4ne,,,,,472,2543.0,0.93,5.18,297.0,634.0,0.58,1.29,50975,49102.0,100.0,100.0,24486,26389.0,32.45,34.96,75461,75491.0,67.55,65.04,3
13-1305,13,Bouches-du-Rhône,1305,5ème circonscription,Suffrages exprimés,suffrages exprimes,Suffrages exprimés,SUFFRAGES EXPRIMÉS,SUFFRAGES EXPRIMÉS,SUFFRAGES EXPRIMÉS,50037.0,97.97,47282.0,93.67,https://fr.wikipedia.org/wiki/%C3%89lections_l%C3%A9gislatives_de_2024_dans_les_Bouches-du-Rh%C3%B4ne,,,,,757,2594.0,1.48,5.14,278.0,603.0,0.54,1.19,51072,50479.0,100.0,100.0,28613,29236.0,35.61,36.68,79685,79715.0,64.09,63.32,1
13-1305,13,Bouches-du-Rhône,1305,5ème circonscription,"Olivier Fayssat[38],[39]",olivier fayssat 38 39,RAD (RN),UXD,Union de l'extrême droite,Union de l'extrême droite,19151.0,38.27,24745.0,52.33,https://fr.wikipedia.org/wiki/%C3%89lections_l%C3%A9gislatives_de_2024_dans_les_Bouches-du-Rh%C3%B4ne,,,,,757,2594.0,1.48,5.14,278.0,603.0,0.54,1.19,51072,50479.0,100.0,100.0,28613,29236.0,35.61,36.68,79685,79715.0,64.09,63.32,2
13-1305,13,Bouches-du-Rhône,1305,5ème circonscription,Christine Juste,christine juste,LÉ (NFP),UG,Autre NFP,Autre NFP,14119.0,28.22,22537.0,47.67,https://fr.wikipedia.org/wiki/%C3%89lections_l%C3%A9gislatives_de_2024_dans_les_Bouches-du-Rh%C3%B4ne,,,,,757,2594.0,1.48,5.14,278.0,603.0,0.54,1.19,51072,50479.0,100.0,100.0,28613,29236.0,35.61,36.68,79685,79715.0,64.09,63.32,3
13-1306,13,Bouches-du-Rhône,1306,6ème circonscription,Suffrages exprimés,suffrages exprimes,Suffrages exprimés,SUFFRAGES EXPRIMÉS,SUFFRAGES EXPRIMÉS,SUFFRAGES EXPRIMÉS,69434.0,98.01,68209.0,96.07,https://fr.wikipedia.org/wiki/%C3%89lections_l%C3%A9gislatives_de_2024_dans_les_Bouches-du-Rh%C3%B4ne,,,,,897,2049.0,1.27,2.89,516.0,743.0,0.73,1.05,70847,71001.0,100.0,100.0,32836,32694.0,31.67,31.53,103683,103695.0,68.33,68.47,1
13-1306,13,Bouches-du-Rhône,1306,6ème circonscription,Romain Tonussi,romain tonussi,RN,RN,Rassemblement national,Rassemblement national,30987.0,44.63,34269.0,50.24,https://fr.wikipedia.org/wiki/%C3%89lections_l%C3%A9gislatives_de_2024_dans_les_Bouches-du-Rh%C3%B4ne,,,,,897,2049.0,1.27,2.89,516.0,743.0,0.73,1.05,70847,71001.0,100.0,100.0,32836,32694.0,31.67,31.53,103683,103695.0,68.33,68.47,2
13-1306,13,Bouches-du-Rhône,1306,6ème circonscription,Jean-Marc Zulesi,jean marc zulesi,RE (ENS),ENS,Ensemble,Ensemble,18563.0,26.73,33940.0,49.76,https://fr.wikipedia.org/wiki/%C3%89lections_l%C3%A9gislatives_de_2024_dans_les_Bouches-du-Rh%C3%B4ne,,,,,897,2049.0,1.27,2.89,516.0,743.0,0.73,1.05,70847,71001.0,100.0,100.0,32836,32694.0,31.67,31.53,103683,103695.0,68.33,68.47,3
13-1307,13,Bouches-du-Rhône,1307,7ème circonscription,Suffrages exprimés,suffrages exprimes,Suffrages exprimés,SUFFRAGES EXPRIMÉS,SUFFRAGES EXPRIMÉS,SUFFRAGES EXPRIMÉS,66786.0,97.91,62118.0,92.33,https://fr.wikipedia.org/wiki/%C3%89lections_l%C3%A9gislatives_de_2024_dans_les_Bouches-du-Rh%C3%B4ne,,,,,985,4073.0,1.44,6.05,438.0,1090.0,0.64,1.62,68209,67281.0,100.0,100.0,33224,34168.0,32.75,33.68,101433,101449.0,67.25,66.32,1
13-1307,13,Bouches-du-Rhône,1307,7ème circonscription,Joëlle Mélin,joelle melin,RN,RN,Rassemblement national,Rassemblement national,30188.0,45.2,36052.0,58.04,https://fr.wikipedia.org/wiki/%C3%89lections_l%C3%A9gislatives_de_2024_dans_les_Bouches-du-Rh%C3%B4ne,,,,,985,4073.0,1.44,6.05,438.0,1090.0,0.64,1.62,68209,67281.0,100.0,100.0,33224,34168.0,32.75,33.68,101433,101449.0,67.25,66.32,2
13-1307,13,Bouches-du-Rhône,1307,7ème circonscription,Bernard Ougourlou-Oglou,bernard ougourlou oglou,PS (NFP),UG,Autre NFP,Autre NFP,15867.0,23.76,26066.0,41.96,https://fr.wikipedia.org/wiki/%C3%89lections_l%C3%A9gislatives_de_2024_dans_les_Bouches-du-Rh%C3%B4ne,,,,,985,4073.0,1.44,6.05,438.0,1090.0,0.64,1.62,68209,67281.0,100.0,100.0,33224,34168.0,32.75,33.68,101433,101449.0,67.25,66.32,3
13-1308,13,Bouches-du-Rhône,1308,8ème circonscription,Suffrages exprimés,suffrages exprimes,Suffrages exprimés,SUFFRAGES EXPRIMÉS,SUFFRAGES EXPRIMÉS,SUFFRAGES EXPRIMÉS,77149.0,97.58,74332.0,95.21,https://fr.wikipedia.org/wiki/%C3%89lections_l%C3%A9gislatives_de_2024_dans_les_Bouches-du-Rh%C3%B4ne,,,,,1286,2782.0,1.63,3.56,625.0,958.0,0.79,1.23,79060,78072.0,100.0,100.0,31704,32711.0,28.62,29.53,110764,110783.0,71.38,70.47,1
13-1308,13,Bouches-du-Rhône,1308,8ème circonscription,José Gonzalez,jose gonzalez,RN,RN,Rassemblement national,Rassemblement national,37672.0,48.83,41372.0,55.66,https://fr.wikipedia.org/wiki/%C3%89lections_l%C3%A9gislatives_de_2024_dans_les_Bouches-du-Rh%C3%B4ne,,,,,1286,2782.0,1.63,3.56,625.0,958.0,0.79,1.23,79060,78072.0,100.0,100.0,31704,32711.0,28.62,29.53,110764,110783.0,71.38,70.47,2
13-1308,13,Bouches-du-Rhône,1308,8ème circonscription,Véronique Bourcet-Giner,veronique bourcet giner,MoDem (ENS),ENS,Ensemble,Ensemble,16619.0,21.54,32960.0,44.34,https://fr.wikipedia.org/wiki/%C3%89lections_l%C3%A9gislatives_de_2024_dans_les_Bouches-du-Rh%C3%B4ne,,,,,1286,2782.0,1.63,3.56,625.0,958.0,0.79,1.23,79060,78072.0,100.0,100.0,31704,32711.0,28.62,29.53,110764,110783.0,71.38,70.47,3
13-1309,13,Bouches-du-Rhône,1309,9ème circonscription,Suffrages exprimés,suffrages exprimes,Suffrages exprimés,SUFFRAGES EXPRIMÉS,SUFFRAGES EXPRIMÉS,SUFFRAGES EXPRIMÉS,63095.0,97.67,58869.0,92.19,https://fr.wikipedia.org/wiki/%C3%89lections_l%C3%A9gislatives_de_2024_dans_les_Bouches-du-Rh%C3%B4ne,,,,,1111,4084.0,1.72,6.4,392.0,905.0,0.61,1.42,64598,63858.0,100.0,100.0,29051,29799.0,31.02,31.82,93649,93657.0,68.98,68.18,1
13-1309,13,Bouches-du-Rhône,1309,9ème circonscription,Marc Pena[57],marc pena 57,app. PS (NFP),UG,Autre NFP,Autre NFP,17374.0,27.54,29570.0,50.23,https://fr.wikipedia.org/wiki/%C3%89lections_l%C3%A9gislatives_de_2024_dans_les_Bouches-du-Rh%C3%B4ne,,,,,1111,4084.0,1.72,6.4,392.0,905.0,0.61,1.42,64598,63858.0,100.0,100.0,29051,29799.0,31.02,31.82,93649,93657.0,68.98,68.18,2
13-1309,13,Bouches-du-Rhône,1309,9ème circonscription,Hervé Fabre-Aubrespy[56],herve fabre aubrespy 56,LAF (RN),RN,Rassemblement national,Rassemblement national,24524.0,38.87,29299.0,49.77,https://fr.wikipedia.org/wiki/%C3%89lections_l%C3%A9gislatives_de_2024_dans_les_Bouches-du-Rh%C3%B4ne,,,,,1111,4084.0,1.72,6.4,392.0,905.0,0.61,1.42,64598,63858.0,100.0,100.0,29051,29799.0,31.02,31.82,93649,93657.0,68.98,68.18,3
13-1310,13,Bouches-du-Rhône,1310,10ème circonscription,Suffrages exprimés,suffrages exprimes,Suffrages exprimés,SUFFRAGES EXPRIMÉS,SUFFRAGES EXPRIMÉS,SUFFRAGES EXPRIMÉS,58717.0,96.63,58791.0,94.9,https://fr.wikipedia.org/wiki/%C3%89lections_l%C3%A9gislatives_de_2024_dans_les_Bouches-du-Rh%C3%B4ne,,,,,1332,2249.0,2.19,3.63,714.0,910.0,1.18,1.47,60763,61950.0,100.0,100.0,34075,32878.0,35.93,34.67,94838,94828.0,64.07,65.33,1
13-1310,13,Bouches-du-Rhône,1310,10ème circonscription,Emmanuel Fouquart,emmanuel fouquart,RN,RN,Rassemblement national,Rassemblement national,27908.0,47.53,31084.0,52.87,https://fr.wikipedia.org/wiki/%C3%89lections_l%C3%A9gislatives_de_2024_dans_les_Bouches-du-Rh%C3%B4ne,,,,,1332,2249.0,2.19,3.63,714.0,910.0,1.18,1.47,60763,61950.0,100.0,100.0,34075,32878.0,35.93,34.67,94838,94828.0,64.07,65.33,2
13-1310,13,Bouches-du-Rhône,1310,10ème circonscription,Pierre Dharréville,pierre dharreville,PCF (NFP),UG,PCF / NFP,PCF / NFP,21147.0,36.02,27707.0,47.13,https://fr.wikipedia.org/wiki/%C3%89lections_l%C3%A9gislatives_de_2024_dans_les_Bouches-du-Rh%C3%B4ne,,,,,1332,2249.0,2.19,3.63,714.0,910.0,1.18,1.47,60763,61950.0,100.0,100.0,34075,32878.0,35.93,34.67,94838,94828.0,64.07,65.33,3
13-1311,13,Bouches-du-Rhône,1311,11ème circonscription,Suffrages exprimés,suffrages exprimes,Suffrages exprimés,SUFFRAGES EXPRIMÉS,SUFFRAGES EXPRIMÉS,SUFFRAGES EXPRIMÉS,68670.0,97.78,69455.0,97.88,https://fr.wikipedia.org/wiki/%C3%89lections_l%C3%A9gislatives_de_2024_dans_les_Bouches-du-Rh%C3%B4ne,,,,,1118,1116.0,1.59,1.57,439.0,389.0,0.63,0.55,70227,70960.0,100.0,100.0,29759,29035.0,29.76,29.04,99986,99995.0,70.24,70.96,1
13-1311,13,Bouches-du-Rhône,1311,11ème circonscription,"Gérault Verny[70],[39]",gerault verny 70 39,RAD (RN),UXD,Union de l'extrême droite,Union de l'extrême droite,21734.0,31.65,25880.0,37.26,https://fr.wikipedia.org/wiki/%C3%89lections_l%C3%A9gislatives_de_2024_dans_les_Bouches-du-Rh%C3%B4ne,,,,,1118,1116.0,1.59,1.57,439.0,389.0,0.63,0.55,70227,70960.0,100.0,100.0,29759,29035.0,29.76,29.04,99986,99995.0,70.24,70.96,2
13-1311,13,Bouches-du-Rhône,1311,11ème circonscription,Jean-David Ciot,jean david ciot,PS (NFP),UG,Autre NFP,Autre NFP,20242.0,29.48,25022.0,36.03,https://fr.wikipedia.org/wiki/%C3%89lections_l%C3%A9gislatives_de_2024_dans_les_Bouches-du-Rh%C3%B4ne,,,,,1118,1116.0,1.59,1.57,439.0,389.0,0.63,0.55,70227,70960.0,100.0,100.0,29759,29035.0,29.76,29.04,99986,99995.0,70.24,70.96,3
13-1311,13,Bouches-du-Rhône,1311,11ème circonscription,Anne-Laurence Petel,anne laurence petel,RE (ENS),ENS,Ensemble,Ensemble,19853.0,28.91,18553.0,26.71,https://fr.wikipedia.org/wiki/%C3%89lections_l%C3%A9gislatives_de_2024_dans_les_Bouches-du-Rh%C3%B4ne,,,,,1118,1116.0,1.59,1.57,439.0,389.0,0.63,0.55,70227,70960.0,100.0,100.0,29759,29035.0,29.76,29.04,99986,99995.0,70.24,70.96,4
13-1312,13,Bouches-du-Rhône,1312,12ème circonscription,Suffrages exprimés,suffrages exprimes,Suffrages exprimés,SUFFRAGES EXPRIMÉS,SUFFRAGES EXPRIMÉS,SUFFRAGES EXPRIMÉS,75769.0,96.98,67113.0,87.86,https://fr.wikipedia.org/wiki/%C3%89lections_l%C3%A9gislatives_de_2024_dans_les_Bouches-du-Rh%C3%B4ne,,,,,1726,7270.0,2.21,9.52,634.0,2007.0,0.81,2.63,78129,76390.0,100.0,100.0,32577,34335.0,29.43,31.01,110706,110725.0,70.57,68.99,1
13-1312,13,Bouches-du-Rhône,1312,12ème circonscription,Romain Baubry,romain baubry,RN,RN,Rassemblement national,Rassemblement national,37493.0,49.48,43745.0,65.18,https://fr.wikipedia.org/wiki/%C3%89lections_l%C3%A9gislatives_de_2024_dans_les_Bouches-du-Rh%C3%B4ne,,,,,1726,7270.0,2.21,9.52,634.0,2007.0,0.81,2.63,78129,76390.0,100.0,100.0,32577,34335.0,29.43,31.01,110706,110725.0,70.57,68.99,2
13-1312,13,Bouches-du-Rhône,1312,12ème circonscription,Wassila Aïdarous,wassila aidarous,LFI (NFP),UG,LFI / NFP,LFI / NFP,15314.0,20.21,23368.0,34.82,https://fr.wikipedia.org/wiki/%C3%89lections_l%C3%A9gislatives_de_2024_dans_les_Bouches-du-Rh%C3%B4ne,,,,,1726,7270.0,2.21,9.52,634.0,2007.0,0.81,2.63,78129,76390.0,100.0,100.0,32577,34335.0,29.43,31.01,110706,110725.0,70.57,68.99,3
13-1313,13,Bouches-du-Rhône,1313,13ème circonscription,Suffrages exprimés,suffrages exprimes,Suffrages exprimés,SUFFRAGES EXPRIMÉS,SUFFRAGES EXPRIMÉS,SUFFRAGES EXPRIMÉS,59805.0,97.15,57655.0,92.74,https://fr.wikipedia.org/wiki/%C3%89lections_l%C3%A9gislatives_de_2024_dans_les_Bouches-du-Rh%C3%B4ne,,,,,1088,3283.0,1.77,5.28,667.0,1233.0,1.08,1.98,61560,62171.0,100.0,100.0,30124,29536.0,32.86,32.21,91684,91707.0,67.14,67.79,1
13-1313,13,Bouches-du-Rhône,1313,13ème circonscription,Emmanuel Taché,emmanuel tache,RN,RN,Rassemblement national,Rassemblement national,28179.0,47.12,32359.0,56.13,https://fr.wikipedia.org/wiki/%C3%89lections_l%C3%A9gislatives_de_2024_dans_les_Bouches-du-Rh%C3%B4ne,,,,,1088,3283.0,1.77,5.28,667.0,1233.0,1.08,1.98,61560,62171.0,100.0,100.0,30124,29536.0,32.86,32.21,91684,91707.0,67.14,67.79,2
13-1313,13,Bouches-du-Rhône,1313,13ème circonscription,Nicolas Koukas,nicolas koukas,PCF (NFP),UG,PCF / NFP,PCF / NFP,17896.0,29.92,25296.0,43.87,https://fr.wikipedia.org/wiki/%C3%89lections_l%C3%A9gislatives_de_2024_dans_les_Bouches-du-Rh%C3%B4ne,,,,,1088,3283.0,1.77,5.28,667.0,1233.0,1.08,1.98,61560,62171.0,100.0,100.0,30124,29536.0,32.86,32.21,91684,91707.0,67.14,67.79,3
14-1401,14,Calvados,1401,1ère circonscription,Joël Bruneau[16],joel bruneau 16,app. LR (UDC),DVD,Divers droite,Divers droite,22596.0,43.11,28691.0,59.87,https://fr.wikipedia.org/wiki/%C3%89lections_l%C3%A9gislatives_de_2024_dans_le_Calvados,52418.0,47920.0,98.02,93.93,663,2342.0,1.24,4.59,397.0,756.0,0.74,1.48,53478,51018.0,100.0,100.0,19818,22274.0,27.04,30.39,73296,73292.0,72.96,69.61,1
14-1401,14,Calvados,1401,1ère circonscription,Emma Fourreau,emma fourreau,LFI (NFP),UG,LFI / NFP,LFI / NFP,18250.0,34.82,19229.0,40.13,https://fr.wikipedia.org/wiki/%C3%89lections_l%C3%A9gislatives_de_2024_dans_le_Calvados,52418.0,47920.0,98.02,93.93,663,2342.0,1.24,4.59,397.0,756.0,0.74,1.48,53478,51018.0,100.0,100.0,19818,22274.0,27.04,30.39,73296,73292.0,72.96,69.61,2
14-1402,14,Calvados,1402,2ème circonscription,Arthur Delaporte,arthur delaporte,PS (NFP),UG,Autre NFP,Autre NFP,19662.0,42.34,29761.0,68.28,https://fr.wikipedia.org/wiki/%C3%89lections_l%C3%A9gislatives_de_2024_dans_le_Calvados,46436.0,43584.0,97.89,92.68,626,2387.0,1.32,5.08,376.0,1053.0,0.79,2.24,47438,47024.0,100.0,100.0,21574,22005.0,31.26,31.88,69012,69029.0,68.74,68.12,1
14-1402,14,Calvados,1402,2ème circonscription,Josseline Liban,josseline liban,RN,RN,Rassemblement national,Rassemblement national,11999.0,25.84,13823.0,31.72,https://fr.wikipedia.org/wiki/%C3%89lections_l%C3%A9gislatives_de_2024_dans_le_Calvados,46436.0,43584.0,97.89,92.68,626,2387.0,1.32,5.08,376.0,1053.0,0.79,2.24,47438,47024.0,100.0,100.0,21574,22005.0,31.26,31.88,69012,69029.0,68.74,68.12,2
14-1403,14,Calvados,1403,3ème circonscription,Jérémie Patrier-Leitus,jeremie patrier leitus,HOR (ENS),ENS,Ensemble,Ensemble,19144.0,36.46,28545.0,54.78,https://fr.wikipedia.org/wiki/%C3%89lections_l%C3%A9gislatives_de_2024_dans_le_Calvados,52502.0,52107.0,97.4,96.13,939,1497.0,1.74,2.76,462.0,602.0,0.86,1.11,53903,54206.0,100.0,100.0,26062,25766.0,32.59,32.22,79965,79972.0,67.41,67.78,1
14-1403,14,Calvados,1403,3ème circonscription,Édouard Fauvage[20],edouard fauvage 20,RN,RN,Rassemblement national,Rassemblement national,21575.0,41.09,23562.0,45.22,https://fr.wikipedia.org/wiki/%C3%89lections_l%C3%A9gislatives_de_2024_dans_le_Calvados,52502.0,52107.0,97.4,96.13,939,1497.0,1.74,2.76,462.0,602.0,0.86,1.11,53903,54206.0,100.0,100.0,26062,25766.0,32.59,32.22,79965,79972.0,67.41,67.78,2
14-1404,14,Calvados,1404,4ème circonscription,Christophe Blanchet,christophe blanchet,MoDem (ENS),ENS,Ensemble,Ensemble,23622.0,32.8,41893.0,59.42,https://fr.wikipedia.org/wiki/%C3%89lections_l%C3%A9gislatives_de_2024_dans_le_Calvados,72013.0,70503.0,97.97,95.86,1000,2237.0,1.36,3.04,492.0,811.0,0.67,1.1,73505,73551.0,100.0,100.0,31369,31316.0,29.91,29.86,104874,104867.0,70.09,70.14,1
14-1404,14,Calvados,1404,4ème circonscription,Chantal Henry,chantal henry,RN,RN,Rassemblement national,Rassemblement national,24230.0,33.65,28610.0,40.58,https://fr.wikipedia.org/wiki/%C3%89lections_l%C3%A9gislatives_de_2024_dans_le_Calvados,72013.0,70503.0,97.97,95.86,1000,2237.0,1.36,3.04,492.0,811.0,0.67,1.1,73505,73551.0,100.0,100.0,31369,31316.0,29.91,29.86,104874,104867.0,70.09,70.14,2
14-1405,14,Calvados,1405,5ème circonscription,Bertrand Bouyx,bertrand bouyx,HOR (ENS),ENS,Ensemble,Ensemble,16208.0,24.59,39408.0,61.68,https://fr.wikipedia.org/wiki/%C3%89lections_l%C3%A9gislatives_de_2024_dans_le_Calvados,65913.0,63894.0,97.91,95.27,952,2402.0,1.41,3.58,453.0,769.0,0.67,1.15,67318,67065.0,100.0,100.0,25628,25885.0,27.57,27.85,92946,92950.0,72.43,72.15,1
14-1405,14,Calvados,1405,5ème circonscription,Philippe Chapron,philippe chapron,RN,RN,Rassemblement national,Rassemblement national,21001.0,31.86,24486.0,38.32,https://fr.wikipedia.org/wiki/%C3%89lections_l%C3%A9gislatives_de_2024_dans_le_Calvados,65913.0,63894.0,97.91,95.27,952,2402.0,1.41,3.58,453.0,769.0,0.67,1.15,67318,67065.0,100.0,100.0,25628,25885.0,27.57,27.85,92946,92950.0,72.43,72.15,2
14-1406,14,Calvados,1406,6ème circonscription,Élisabeth Borne[26],elisabeth borne 26,RE - TdP (ENS),ENS,Ensemble,Ensemble,19213.0,28.93,35962.0,56.36,https://fr.wikipedia.org/wiki/%C3%89lections_l%C3%A9gislatives_de_2024_dans_le_Calvados,66402.0,63813.0,96.66,93.09,1589,3388.0,2.31,4.94,708.0,1350.0,1.03,1.97,68699,68551.0,100.0,100.0,27634,27806.0,28.69,28.86,96333,96357.0,71.31,71.14,1
14-1406,14,Calvados,1406,6ème circonscription,Nicolas Calbrix,nicolas calbrix,RN,RN,Rassemblement national,Rassemblement national,24077.0,36.26,27851.0,43.64,https://fr.wikipedia.org/wiki/%C3%89lections_l%C3%A9gislatives_de_2024_dans_le_Calvados,66402.0,63813.0,96.66,93.09,1589,3388.0,2.31,4.94,708.0,1350.0,1.03,1.97,68699,68551.0,100.0,100.0,27634,27806.0,28.69,28.86,96333,96357.0,71.31,71.14,2
15-1501,15,Cantal,1501,1ère circonscription,Vincent Descœur[16],vincent descoeur 16,SE (UDC),DVD,Divers droite,Divers droite,16615.0,37.66,28330.0,65.89,https://fr.wikipedia.org/wiki/%C3%89lections_l%C3%A9gislatives_de_2024_dans_le_Cantal,44114.0,42998.0,97.24,95.39,744,1384.0,1.64,3.07,509.0,694.0,1.12,1.54,45367,45076.0,100.0,100.0,16947,17245.0,27.2,27.67,62314,62321.0,72.8,72.33,1
15-1501,15,Cantal,1501,1ère circonscription,Dorothée Gallais,dorothee gallais,RN,RN,Rassemblement national,Rassemblement national,13361.0,30.29,14668.0,34.11,https://fr.wikipedia.org/wiki/%C3%89lections_l%C3%A9gislatives_de_2024_dans_le_Cantal,44114.0,42998.0,97.24,95.39,744,1384.0,1.64,3.07,509.0,694.0,1.12,1.54,45367,45076.0,100.0,100.0,16947,17245.0,27.2,27.67,62314,62321.0,72.8,72.33,2
15-1502,15,Cantal,1502,2ème circonscription,Jean-Yves Bony[19],jean yves bony 19,LR[b] (UDC),DVD,Divers droite,Divers droite,12383.0,34.29,21585.0,60.71,https://fr.wikipedia.org/wiki/%C3%89lections_l%C3%A9gislatives_de_2024_dans_le_Cantal,36110.0,35552.0,97.39,95.41,592,1204.0,1.6,3.23,376.0,506.0,1.01,1.36,37078,37262.0,100.0,100.0,15232,15045.0,29.12,28.76,52310,52307.0,70.88,71.24,1
15-1502,15,Cantal,1502,2ème circonscription,Gilles Lacroix,gilles lacroix,RN,RN,Rassemblement national,Rassemblement national,11923.0,33.02,13967.0,39.29,https://fr.wikipedia.org/wiki/%C3%89lections_l%C3%A9gislatives_de_2024_dans_le_Cantal,36110.0,35552.0,97.39,95.41,592,1204.0,1.6,3.23,376.0,506.0,1.01,1.36,37078,37262.0,100.0,100.0,15232,15045.0,29.12,28.76,52310,52307.0,70.88,71.24,2
16-1601,16,Charente,1601,1ère circonscription,François Cormier-Bouligeon,francois cormier bouligeon,RE (ENS),ENS,Ensemble,Ensemble,14961.0,33.01,25595.0,56.82,https://fr.wikipedia.org/wiki/%C3%89lections_l%C3%A9gislatives_de_2024_dans_le_Cher,45322.0,45047.0,96.52,94.62,1326,2108.0,2.82,4.43,306.0,452.0,0.65,0.95,46954,47607.0,100.0,100.0,23447,22784.0,33.3,32.37,70401,70391.0,66.7,67.63,1
16-1601,16,Charente,1601,1ère circonscription,Ugo Iannuzzi,ugo iannuzzi,RN,RN,Rassemblement national,Rassemblement national,18100.0,39.94,19452.0,43.18,https://fr.wikipedia.org/wiki/%C3%89lections_l%C3%A9gislatives_de_2024_dans_le_Cher,45322.0,45047.0,96.52,94.62,1326,2108.0,2.82,4.43,306.0,452.0,0.65,0.95,46954,47607.0,100.0,100.0,23447,22784.0,33.3,32.37,70401,70391.0,66.7,67.63,2
16-1602,16,Charente,1602,2ème circonscription,Nicolas Sansu,nicolas sansu,PCF (NFP),UG,PCF / NFP,PCF / NFP,12621.0,29.68,20739.0,50.63,https://fr.wikipedia.org/wiki/%C3%89lections_l%C3%A9gislatives_de_2024_dans_le_Cher,42517.0,40959.0,96.64,91.63,949,2795.0,2.16,6.25,530.0,945.0,1.2,2.11,43996,44699.0,100.0,100.0,24480,23782.0,35.75,34.73,68476,68481.0,64.25,65.27,1
16-1602,16,Charente,1602,2ème circonscription,Bastian Duenas,bastian duenas,RN,RN,Rassemblement national,Rassemblement national,17246.0,40.56,20220.0,49.37,https://fr.wikipedia.org/wiki/%C3%89lections_l%C3%A9gislatives_de_2024_dans_le_Cher,42517.0,40959.0,96.64,91.63,949,2795.0,2.16,6.25,530.0,945.0,1.2,2.11,43996,44699.0,100.0,100.0,24480,23782.0,35.75,34.73,68476,68481.0,64.25,65.27,2
16-1603,16,Charente,1603,3ème circonscription,Loïc Kervran,loic kervran,HOR (ENS),ENS,Ensemble,Ensemble,16991.0,31.2,28602.0,52.79,https://fr.wikipedia.org/wiki/%C3%89lections_l%C3%A9gislatives_de_2024_dans_le_Cher,54461.0,54180.0,97.03,95.59,1215,1883.0,2.16,3.32,450.0,619.0,0.8,1.09,56126,56682.0,100.0,100.0,27519,26984.0,32.9,32.25,83645,83666.0,67.1,67.75,1
16-1603,16,Charente,1603,3ème circonscription,Pierre Gentillet,pierre gentillet,app. RN,RN,Rassemblement national,Rassemblement national,23501.0,43.15,25578.0,47.21,https://fr.wikipedia.org/wiki/%C3%89lections_l%C3%A9gislatives_de_2024_dans_le_Cher,54461.0,54180.0,97.03,95.59,1215,1883.0,2.16,3.32,450.0,619.0,0.8,1.09,56126,56682.0,100.0,100.0,27519,26984.0,32.9,32.25,83645,83666.0,67.1,67.75,2
17-1701,17,Charente-Maritime,1701,1ère circonscription,François Cormier-Bouligeon,francois cormier bouligeon,RE (ENS),ENS,Ensemble,Ensemble,14961.0,33.01,25595.0,56.82,https://fr.wikipedia.org/wiki/%C3%89lections_l%C3%A9gislatives_de_2024_dans_le_Cher,45322.0,45047.0,96.52,94.62,1326,2108.0,2.82,4.43,306.0,452.0,0.65,0.95,46954,47607.0,100.0,100.0,23447,22784.0,33.3,32.37,70401,70391.0,66.7,67.63,1
17-1701,17,Charente-Maritime,1701,1ère circonscription,Ugo Iannuzzi,ugo iannuzzi,RN,RN,Rassemblement national,Rassemblement national,18100.0,39.94,19452.0,43.18,https://fr.wikipedia.org/wiki/%C3%89lections_l%C3%A9gislatives_de_2024_dans_le_Cher,45322.0,45047.0,96.52,94.62,1326,2108.0,2.82,4.43,306.0,452.0,0.65,0.95,46954,47607.0,100.0,100.0,23447,22784.0,33.3,32.37,70401,70391.0,66.7,67.63,2
17-1702,17,Charente-Maritime,1702,2ème circonscription,Nicolas Sansu,nicolas sansu,PCF (NFP),UG,PCF / NFP,PCF / NFP,12621.0,29.68,20739.0,50.63,https://fr.wikipedia.org/wiki/%C3%89lections_l%C3%A9gislatives_de_2024_dans_le_Cher,42517.0,40959.0,96.64,91.63,949,2795.0,2.16,6.25,530.0,945.0,1.2,2.11,43996,44699.0,100.0,100.0,24480,23782.0,35.75,34.73,68476,68481.0,64.25,65.27,1
17-1702,17,Charente-Maritime,1702,2ème circonscription,Bastian Duenas,bastian duenas,RN,RN,Rassemblement national,Rassemblement national,17246.0,40.56,20220.0,49.37,https://fr.wikipedia.org/wiki/%C3%89lections_l%C3%A9gislatives_de_2024_dans_le_Cher,42517.0,40959.0,96.64,91.63,949,2795.0,2.16,6.25,530.0,945.0,1.2,2.11,43996,44699.0,100.0,100.0,24480,23782.0,35.75,34.73,68476,68481.0,64.25,65.27,2
17-1703,17,Charente-Maritime,1703,3ème circonscription,Loïc Kervran,loic kervran,HOR (ENS),ENS,Ensemble,Ensemble,16991.0,31.2,28602.0,52.79,https://fr.wikipedia.org/wiki/%C3%89lections_l%C3%A9gislatives_de_2024_dans_le_Cher,54461.0,54180.0,97.03,95.59,1215,1883.0,2.16,3.32,450.0,619.0,0.8,1.09,56126,56682.0,100.0,100.0,27519,26984.0,32.9,32.25,83645,83666.0,67.1,67.75,1
17-1703,17,Charente-Maritime,1703,3ème circonscription,Pierre Gentillet,pierre gentillet,app. RN,RN,Rassemblement national,Rassemblement national,23501.0,43.15,25578.0,47.21,https://fr.wikipedia.org/wiki/%C3%89lections_l%C3%A9gislatives_de_2024_dans_le_Cher,54461.0,54180.0,97.03,95.59,1215,1883.0,2.16,3.32,450.0,619.0,0.8,1.09,56126,56682.0,100.0,100.0,27519,26984.0,32.9,32.25,83645,83666.0,67.1,67.75,2
18-1801,18,Cher,1801,1ère circonscription,François Cormier-Bouligeon,francois cormier bouligeon,RE (ENS),ENS,Ensemble,Ensemble,14961.0,33.01,25595.0,56.82,https://fr.wikipedia.org/wiki/%C3%89lections_l%C3%A9gislatives_de_2024_dans_le_Cher,45322.0,45047.0,96.52,94.62,1326,2108.0,2.82,4.43,306.0,452.0,0.65,0.95,46954,47607.0,100.0,100.0,23447,22784.0,33.3,32.37,70401,70391.0,66.7,67.63,1
18-1801,18,Cher,1801,1ère circonscription,Ugo Iannuzzi,ugo iannuzzi,RN,RN,Rassemblement national,Rassemblement national,18100.0,39.94,19452.0,43.18,https://fr.wikipedia.org/wiki/%C3%89lections_l%C3%A9gislatives_de_2024_dans_le_Cher,45322.0,45047.0,96.52,94.62,1326,2108.0,2.82,4.43,306.0,452.0,0.65,0.95,46954,47607.0,100.0,100.0,23447,22784.0,33.3,32.37,70401,70391.0,66.7,67.63,2
18-1802,18,Cher,1802,2ème circonscription,Nicolas Sansu,nicolas sansu,PCF (NFP),UG,PCF / NFP,PCF / NFP,12621.0,29.68,20739.0,50.63,https://fr.wikipedia.org/wiki/%C3%89lections_l%C3%A9gislatives_de_2024_dans_le_Cher,42517.0,40959.0,96.64,91.63,949,2795.0,2.16,6.25,530.0,945.0,1.2,2.11,43996,44699.0,100.0,100.0,24480,23782.0,35.75,34.73,68476,68481.0,64.25,65.27,1
18-1802,18,Cher,1802,2ème circonscription,Bastian Duenas,bastian duenas,RN,RN,Rassemblement national,Rassemblement national,17246.0,40.56,20220.0,49.37,https://fr.wikipedia.org/wiki/%C3%89lections_l%C3%A9gislatives_de_2024_dans_le_Cher,42517.0,40959.0,96.64,91.63,949,2795.0,2.16,6.25,530.0,945.0,1.2,2.11,43996,44699.0,100.0,100.0,24480,23782.0,35.75,34.73,68476,68481.0,64.25,65.27,2
18-1803,18,Cher,1803,3ème circonscription,Loïc Kervran,loic kervran,HOR (ENS),ENS,Ensemble,Ensemble,16991.0,31.2,28602.0,52.79,https://fr.wikipedia.org/wiki/%C3%89lections_l%C3%A9gislatives_de_2024_dans_le_Cher,54461.0,54180.0,97.03,95.59,1215,1883.0,2.16,3.32,450.0,619.0,0.8,1.09,56126,56682.0,100.0,100.0,27519,26984.0,32.9,32.25,83645,83666.0,67.1,67.75,1
18-1803,18,Cher,1803,3ème circonscription,Pierre Gentillet,pierre gentillet,app. RN,RN,Rassemblement national,Rassemblement national,23501.0,43.15,25578.0,47.21,https://fr.wikipedia.org/wiki/%C3%89lections_l%C3%A9gislatives_de_2024_dans_le_Cher,54461.0,54180.0,97.03,95.59,1215,1883.0,2.16,3.32,450.0,619.0,0.8,1.09,56126,56682.0,100.0,100.0,27519,26984.0,32.9,32.25,83645,83666.0,67.1,67.75,2
19-1901,19,Corrèze,1901,1ère circonscription,Suffrages exprimés,suffrages exprimes,Suffrages exprimés,SUFFRAGES EXPRIMÉS,SUFFRAGES EXPRIMÉS,SUFFRAGES EXPRIMÉS,50333.0,98.22,50386.0,97.34,https://fr.wikipedia.org/wiki/%C3%89lections_l%C3%A9gislatives_de_2024_dans_la_C%C3%B4te-d%27Or,,,,,657,1081.0,1.28,2.09,255.0,298.0,0.5,0.58,51245,51765.0,100.0,100.0,19250,18746.0,27.31,26.59,70495,70511.0,72.69,73.41,1
19-1901,19,Corrèze,1901,1ère circonscription,Océane Godard,oceane godard,PS (NFP),UG,Autre NFP,Autre NFP,14679.0,29.16,18716.0,37.15,https://fr.wikipedia.org/wiki/%C3%89lections_l%C3%A9gislatives_de_2024_dans_la_C%C3%B4te-d%27Or,,,,,657,1081.0,1.28,2.09,255.0,298.0,0.5,0.58,51245,51765.0,100.0,100.0,19250,18746.0,27.31,26.59,70495,70511.0,72.69,73.41,2
19-1901,19,Corrèze,1901,1ère circonscription,Didier Martin,didier martin,RE (ENS),ENS,Ensemble,Ensemble,13830.0,27.48,17314.0,34.36,https://fr.wikipedia.org/wiki/%C3%89lections_l%C3%A9gislatives_de_2024_dans_la_C%C3%B4te-d%27Or,,,,,657,1081.0,1.28,2.09,255.0,298.0,0.5,0.58,51245,51765.0,100.0,100.0,19250,18746.0,27.31,26.59,70495,70511.0,72.69,73.41,3
19-1901,19,Corrèze,1901,1ère circonscription,Cyline Humblot-Cornille,cyline humblot cornille,RN,RN,Rassemblement national,Rassemblement national,12969.0,25.77,14356.0,28.49,https://fr.wikipedia.org/wiki/%C3%89lections_l%C3%A9gislatives_de_2024_dans_la_C%C3%B4te-d%27Or,,,,,657,1081.0,1.28,2.09,255.0,298.0,0.5,0.58,51245,51765.0,100.0,100.0,19250,18746.0,27.31,26.59,70495,70511.0,72.69,73.41,4
19-1902,19,Corrèze,1902,2ème circonscription,Suffrages exprimés,suffrages exprimes,Suffrages exprimés,SUFFRAGES EXPRIMÉS,SUFFRAGES EXPRIMÉS,SUFFRAGES EXPRIMÉS,49598.0,97.99,45680.0,90.66,https://fr.wikipedia.org/wiki/%C3%89lections_l%C3%A9gislatives_de_2024_dans_la_C%C3%B4te-d%27Or,,,,,767,3758.0,1.52,7.46,248.0,949.0,0.49,1.88,50613,50387.0,100.0,100.0,21398,21645.0,29.71,30.05,72011,72032.0,70.29,69.95,1
19-1902,19,Corrèze,1902,2ème circonscription,Catherine Hervieu,catherine hervieu,LÉ (NFP),UG,Autre NFP,Autre NFP,13723.0,27.67,24496.0,53.63,https://fr.wikipedia.org/wiki/%C3%89lections_l%C3%A9gislatives_de_2024_dans_la_C%C3%B4te-d%27Or,,,,,767,3758.0,1.52,7.46,248.0,949.0,0.49,1.88,50613,50387.0,100.0,100.0,21398,21645.0,29.71,30.05,72011,72032.0,70.29,69.95,2
19-1902,19,Corrèze,1902,2ème circonscription,Tatiana Guyenot,tatiana guyenot,RN,RN,Rassemblement national,Rassemblement national,17181.0,34.64,21184.0,46.37,https://fr.wikipedia.org/wiki/%C3%89lections_l%C3%A9gislatives_de_2024_dans_la_C%C3%B4te-d%27Or,,,,,767,3758.0,1.52,7.46,248.0,949.0,0.49,1.88,50613,50387.0,100.0,100.0,21398,21645.0,29.71,30.05,72011,72032.0,70.29,69.95,3
19-1903,19,Corrèze,1903,3ème circonscription,Suffrages exprimés,suffrages exprimes,Suffrages exprimés,SUFFRAGES EXPRIMÉS,SUFFRAGES EXPRIMÉS,SUFFRAGES EXPRIMÉS,49113.0,97.53,46199.0,91.33,https://fr.wikipedia.org/wiki/%C3%89lections_l%C3%A9gislatives_de_2024_dans_la_C%C3%B4te-d%27Or,,,,,927,3566.0,1.84,7.05,319.0,821.0,0.63,1.62,50359,50586.0,100.0,100.0,22067,21866.0,30.47,30.18,72426,72452.0,69.53,69.82,1
19-1903,19,Corrèze,1903,3ème circonscription,Pierre Pribetich,pierre pribetich,PS (NFP),UG,Autre NFP,Autre NFP,14532.0,29.59,24554.0,53.15,https://fr.wikipedia.org/wiki/%C3%89lections_l%C3%A9gislatives_de_2024_dans_la_C%C3%B4te-d%27Or,,,,,927,3566.0,1.84,7.05,319.0,821.0,0.63,1.62,50359,50586.0,100.0,100.0,22067,21866.0,30.47,30.18,72426,72452.0,69.53,69.82,2
19-1903,19,Corrèze,1903,3ème circonscription,Thierry Coudert[22],thierry coudert 22,RAD (RN),UXD,Union de l'extrême droite,Union de l'extrême droite,17405.0,35.44,21645.0,46.85,https://fr.wikipedia.org/wiki/%C3%89lections_l%C3%A9gislatives_de_2024_dans_la_C%C3%B4te-d%27Or,,,,,927,3566.0,1.84,7.05,319.0,821.0,0.63,1.62,50359,50586.0,100.0,100.0,22067,21866.0,30.47,30.18,72426,72452.0,69.53,69.82,3
19-1904,19,Corrèze,1904,4ème circonscription,Suffrages exprimés,suffrages exprimes,Suffrages exprimés,SUFFRAGES EXPRIMÉS,SUFFRAGES EXPRIMÉS,SUFFRAGES EXPRIMÉS,46968.0,96.99,46659.0,95.62,https://fr.wikipedia.org/wiki/%C3%89lections_l%C3%A9gislatives_de_2024_dans_la_C%C3%B4te-d%27Or,,,,,1083,1665.0,2.24,3.41,374.0,474.0,0.77,0.97,48425,48798.0,100.0,100.0,19022,18654.0,28.2,27.66,67447,67452.0,71.8,72.34,1
19-1904,19,Corrèze,1904,4ème circonscription,Hubert Brigand[25],hubert brigand 25,LR (UDC)[b],LR,Les Républicains,Les Républicains,16531.0,35.2,25179.0,53.96,https://fr.wikipedia.org/wiki/%C3%89lections_l%C3%A9gislatives_de_2024_dans_la_C%C3%B4te-d%27Or,,,,,1083,1665.0,2.24,3.41,374.0,474.0,0.77,0.97,48425,48798.0,100.0,100.0,19022,18654.0,28.2,27.66,67447,67452.0,71.8,72.34,2
19-1904,19,Corrèze,1904,4ème circonscription,Sophie Dumont,sophie dumont,RN,RN,Rassemblement national,Rassemblement national,19881.0,42.33,21480.0,46.04,https://fr.wikipedia.org/wiki/%C3%89lections_l%C3%A9gislatives_de_2024_dans_la_C%C3%B4te-d%27Or,,,,,1083,1665.0,2.24,3.41,374.0,474.0,0.77,0.97,48425,48798.0,100.0,100.0,19022,18654.0,28.2,27.66,67447,67452.0,71.8,72.34,3
19-1905,19,Corrèze,1905,5ème circonscription,Suffrages exprimés,suffrages exprimes,Suffrages exprimés,SUFFRAGES EXPRIMÉS,SUFFRAGES EXPRIMÉS,SUFFRAGES EXPRIMÉS,58520.0,96.69,57310.0,94.26,https://fr.wikipedia.org/wiki/%C3%89lections_l%C3%A9gislatives_de_2024_dans_la_C%C3%B4te-d%27Or,,,,,1464,2611.0,2.42,4.29,540.0,880.0,0.89,1.45,60524,60801.0,100.0,100.0,25052,24769.0,29.27,28.95,85576,85570.0,70.73,71.05,1
19-1905,19,Corrèze,1905,5ème circonscription,René Lioret,rene lioret,RN,RN,Rassemblement national,Rassemblement national,26514.0,45.31,28677.0,50.04,https://fr.wikipedia.org/wiki/%C3%89lections_l%C3%A9gislatives_de_2024_dans_la_C%C3%B4te-d%27Or,,,,,1464,2611.0,2.42,4.29,540.0,880.0,0.89,1.45,60524,60801.0,100.0,100.0,25052,24769.0,29.27,28.95,85576,85570.0,70.73,71.05,2
19-1905,19,Corrèze,1905,5ème circonscription,Didier Paris,didier paris,RE (ENS),ENS,Ensemble,Ensemble,18128.0,30.98,28633.0,49.96,https://fr.wikipedia.org/wiki/%C3%89lections_l%C3%A9gislatives_de_2024_dans_la_C%C3%B4te-d%27Or,,,,,1464,2611.0,2.42,4.29,540.0,880.0,0.89,1.45,60524,60801.0,100.0,100.0,25052,24769.0,29.27,28.95,85576,85570.0,70.73,71.05,3
2A-2A01,2A,Corse-du-Sud,2A01,1ère circonscription,Suffrages exprimés,suffrages exprimes,Suffrages exprimés,SUFFRAGES EXPRIMÉS,SUFFRAGES EXPRIMÉS,SUFFRAGES EXPRIMÉS,50333.0,98.22,50386.0,97.34,https://fr.wikipedia.org/wiki/%C3%89lections_l%C3%A9gislatives_de_2024_dans_la_C%C3%B4te-d%27Or,,,,,657,1081.0,1.28,2.09,255.0,298.0,0.5,0.58,51245,51765.0,100.0,100.0,19250,18746.0,27.31,26.59,70495,70511.0,72.69,73.41,1
2A-2A01,2A,Corse-du-Sud,2A01,1ère circonscription,Océane Godard,oceane godard,PS (NFP),UG,Autre NFP,Autre NFP,14679.0,29.16,18716.0,37.15,https://fr.wikipedia.org/wiki/%C3%89lections_l%C3%A9gislatives_de_2024_dans_la_C%C3%B4te-d%27Or,,,,,657,1081.0,1.28,2.09,255.0,298.0,0.5,0.58,51245,51765.0,100.0,100.0,19250,18746.0,27.31,26.59,70495,70511.0,72.69,73.41,2
2A-2A01,2A,Corse-du-Sud,2A01,1ère circonscription,Didier Martin,didier martin,RE (ENS),ENS,Ensemble,Ensemble,13830.0,27.48,17314.0,34.36,https://fr.wikipedia.org/wiki/%C3%89lections_l%C3%A9gislatives_de_2024_dans_la_C%C3%B4te-d%27Or,,,,,657,1081.0,1.28,2.09,255.0,298.0,0.5,0.58,51245,51765.0,100.0,100.0,19250,18746.0,27.31,26.59,70495,70511.0,72.69,73.41,3
2A-2A01,2A,Corse-du-Sud,2A01,1ère circonscription,Cyline Humblot-Cornille,cyline humblot cornille,RN,RN,Rassemblement national,Rassemblement national,12969.0,25.77,14356.0,28.49,https://fr.wikipedia.org/wiki/%C3%89lections_l%C3%A9gislatives_de_2024_dans_la_C%C3%B4te-d%27Or,,,,,657,1081.0,1.28,2.09,255.0,298.0,0.5,0.58,51245,51765.0,100.0,100.0,19250,18746.0,27.31,26.59,70495,70511.0,72.69,73.41,4
2A-2A02,2A,Corse-du-Sud,2A02,2ème circonscription,Suffrages exprimés,suffrages exprimes,Suffrages exprimés,SUFFRAGES EXPRIMÉS,SUFFRAGES EXPRIMÉS,SUFFRAGES EXPRIMÉS,49598.0,97.99,45680.0,90.66,https://fr.wikipedia.org/wiki/%C3%89lections_l%C3%A9gislatives_de_2024_dans_la_C%C3%B4te-d%27Or,,,,,767,3758.0,1.52,7.46,248.0,949.0,0.49,1.88,50613,50387.0,100.0,100.0,21398,21645.0,29.71,30.05,72011,72032.0,70.29,69.95,1
2A-2A02,2A,Corse-du-Sud,2A02,2ème circonscription,Catherine Hervieu,catherine hervieu,LÉ (NFP),UG,Autre NFP,Autre NFP,13723.0,27.67,24496.0,53.63,https://fr.wikipedia.org/wiki/%C3%89lections_l%C3%A9gislatives_de_2024_dans_la_C%C3%B4te-d%27Or,,,,,767,3758.0,1.52,7.46,248.0,949.0,0.49,1.88,50613,50387.0,100.0,100.0,21398,21645.0,29.71,30.05,72011,72032.0,70.29,69.95,2
2A-2A02,2A,Corse-du-Sud,2A02,2ème circonscription,Tatiana Guyenot,tatiana guyenot,RN,RN,Rassemblement national,Rassemblement national,17181.0,34.64,21184.0,46.37,https://fr.wikipedia.org/wiki/%C3%89lections_l%C3%A9gislatives_de_2024_dans_la_C%C3%B4te-d%27Or,,,,,767,3758.0,1.52,7.46,248.0,949.0,0.49,1.88,50613,50387.0,100.0,100.0,21398,21645.0,29.71,30.05,72011,72032.0,70.29,69.95,3
2A-2A03,2A,Corse-du-Sud,2A03,3ème circonscription,Suffrages exprimés,suffrages exprimes,Suffrages exprimés,SUFFRAGES EXPRIMÉS,SUFFRAGES EXPRIMÉS,SUFFRAGES EXPRIMÉS,49113.0,97.53,46199.0,91.33,https://fr.wikipedia.org/wiki/%C3%89lections_l%C3%A9gislatives_de_2024_dans_la_C%C3%B4te-d%27Or,,,,,927,3566.0,1.84,7.05,319.0,821.0,0.63,1.62,50359,50586.0,100.0,100.0,22067,21866.0,30.47,30.18,72426,72452.0,69.53,69.82,1
2A-2A03,2A,Corse-du-Sud,2A03,3ème circonscription,Pierre Pribetich,pierre pribetich,PS (NFP),UG,Autre NFP,Autre NFP,14532.0,29.59,24554.0,53.15,https://fr.wikipedia.org/wiki/%C3%89lections_l%C3%A9gislatives_de_2024_dans_la_C%C3%B4te-d%27Or,,,,,927,3566.0,1.84,7.05,319.0,821.0,0.63,1.62,50359,50586.0,100.0,100.0,22067,21866.0,30.47,30.18,72426,72452.0,69.53,69.82,2
2A-2A03,2A,Corse-du-Sud,2A03,3ème circonscription,Thierry Coudert[22],thierry coudert 22,RAD (RN),UXD,Union de l'extrême droite,Union de l'extrême droite,17405.0,35.44,21645.0,46.85,https://fr.wikipedia.org/wiki/%C3%89lections_l%C3%A9gislatives_de_2024_dans_la_C%C3%B4te-d%27Or,,,,,927,3566.0,1.84,7.05,319.0,821.0,0.63,1.62,50359,50586.0,100.0,100.0,22067,21866.0,30.47,30.18,72426,72452.0,69.53,69.82,3
2A-2A04,2A,Corse-du-Sud,2A04,4ème circonscription,Suffrages exprimés,suffrages exprimes,Suffrages exprimés,SUFFRAGES EXPRIMÉS,SUFFRAGES EXPRIMÉS,SUFFRAGES EXPRIMÉS,46968.0,96.99,46659.0,95.62,https://fr.wikipedia.org/wiki/%C3%89lections_l%C3%A9gislatives_de_2024_dans_la_C%C3%B4te-d%27Or,,,,,1083,1665.0,2.24,3.41,374.0,474.0,0.77,0.97,48425,48798.0,100.0,100.0,19022,18654.0,28.2,27.66,67447,67452.0,71.8,72.34,1
2A-2A04,2A,Corse-du-Sud,2A04,4ème circonscription,Hubert Brigand[25],hubert brigand 25,LR (UDC)[b],LR,Les Républicains,Les Républicains,16531.0,35.2,25179.0,53.96,https://fr.wikipedia.org/wiki/%C3%89lections_l%C3%A9gislatives_de_2024_dans_la_C%C3%B4te-d%27Or,,,,,1083,1665.0,2.24,3.41,374.0,474.0,0.77,0.97,48425,48798.0,100.0,100.0,19022,18654.0,28.2,27.66,67447,67452.0,71.8,72.34,2
2A-2A04,2A,Corse-du-Sud,2A04,4ème circonscription,Sophie Dumont,sophie dumont,RN,RN,Rassemblement national,Rassemblement national,19881.0,42.33,21480.0,46.04,https://fr.wikipedia.org/wiki/%C3%89lections_l%C3%A9gislatives_de_2024_dans_la_C%C3%B4te-d%27Or,,,,,1083,1665.0,2.24,3.41,374.0,474.0,0.77,0.97,48425,48798.0,100.0,100.0,19022,18654.0,28.2,27.66,67447,67452.0,71.8,72.34,3
2A-2A05,2A,Corse-du-Sud,2A05,5ème circonscription,Suffrages exprimés,suffrages exprimes,Suffrages exprimés,SUFFRAGES EXPRIMÉS,SUFFRAGES EXPRIMÉS,SUFFRAGES EXPRIMÉS,58520.0,96.69,57310.0,94.26,https://fr.wikipedia.org/wiki/%C3%89lections_l%C3%A9gislatives_de_2024_dans_la_C%C3%B4te-d%27Or,,,,,1464,2611.0,2.42,4.29,540.0,880.0,0.89,1.45,60524,60801.0,100.0,100.0,25052,24769.0,29.27,28.95,85576,85570.0,70.73,71.05,1
2A-2A05,2A,Corse-du-Sud,2A05,5ème circonscription,René Lioret,rene lioret,RN,RN,Rassemblement national,Rassemblement national,26514.0,45.31,28677.0,50.04,https://fr.wikipedia.org/wiki/%C3%89lections_l%C3%A9gislatives_de_2024_dans_la_C%C3%B4te-d%27Or,,,,,1464,2611.0,2.42,4.29,540.0,880.0,0.89,1.45,60524,60801.0,100.0,100.0,25052,24769.0,29.27,28.95,85576,85570.0,70.73,71.05,2
2A-2A05,2A,Corse-du-Sud,2A05,5ème circonscription,Didier Paris,didier paris,RE (ENS),ENS,Ensemble,Ensemble,18128.0,30.98,28633.0,49.96,https://fr.wikipedia.org/wiki/%C3%89lections_l%C3%A9gislatives_de_2024_dans_la_C%C3%B4te-d%27Or,,,,,1464,2611.0,2.42,4.29,540.0,880.0,0.89,1.45,60524,60801.0,100.0,100.0,25052,24769.0,29.27,28.95,85576,85570.0,70.73,71.05,3
2B-2B01,2B,Haute-Corse,2B01,1ère circonscription,Suffrages exprimés,suffrages exprimes,Suffrages exprimés,SUFFRAGES EXPRIMÉS,SUFFRAGES EXPRIMÉS,SUFFRAGES EXPRIMÉS,50333.0,98.22,50386.0,97.34,https://fr.wikipedia.org/wiki/%C3%89lections_l%C3%A9gislatives_de_2024_dans_la_C%C3%B4te-d%27Or,,,,,657,1081.0,1.28,2.09,255.0,298.0,0.5,0.58,51245,51765.0,100.0,100.0,19250,18746.0,27.31,26.59,70495,70511.0,72.69,73.41,1
2B-2B01,2B,Haute-Corse,2B01,1ère circonscription,Océane Godard,oceane godard,PS (NFP),UG,Autre NFP,Autre NFP,14679.0,29.16,18716.0,37.15,https://fr.wikipedia.org/wiki/%C3%89lections_l%C3%A9gislatives_de_2024_dans_la_C%C3%B4te-d%27Or,,,,,657,1081.0,1.28,2.09,255.0,298.0,0.5,0.58,51245,51765.0,100.0,100.0,19250,18746.0,27.31,26.59,70495,70511.0,72.69,73.41,2
2B-2B01,2B,Haute-Corse,2B01,1ère circonscription,Didier Martin,didier martin,RE (ENS),ENS,Ensemble,Ensemble,13830.0,27.48,17314.0,34.36,https://fr.wikipedia.org/wiki/%C3%89lections_l%C3%A9gislatives_de_2024_dans_la_C%C3%B4te-d%27Or,,,,,657,1081.0,1.28,2.09,255.0,298.0,0.5,0.58,51245,51765.0,100.0,100.0,19250,18746.0,27.31,26.59,70495,70511.0,72.69,73.41,3
2B-2B01,2B,Haute-Corse,2B01,1ère circonscription,Cyline Humblot-Cornille,cyline humblot cornille,RN,RN,Rassemblement national,Rassemblement national,12969.0,25.77,14356.0,28.49,https://fr.wikipedia.org/wiki/%C3%89lections_l%C3%A9gislatives_de_2024_dans_la_C%C3%B4te-d%27Or,,,,,657,1081.0,1.28,2.09,255.0,298.0,0.5,0.58,51245,51765.0,100.0,100.0,19250,18746.0,27.31,26.59,70495,70511.0,72.69,73.41,4
2B-2B02,2B,Haute-Corse,2B02,2ème circonscription,Suffrages exprimés,suffrages exprimes,Suffrages exprimés,SUFFRAGES EXPRIMÉS,SUFFRAGES EXPRIMÉS,SUFFRAGES EXPRIMÉS,49598.0,97.99,45680.0,90.66,https://fr.wikipedia.org/wiki/%C3%89lections_l%C3%A9gislatives_de_2024_dans_la_C%C3%B4te-d%27Or,,,,,767,3758.0,1.52,7.46,248.0,949.0,0.49,1.88,50613,50387.0,100.0,100.0,21398,21645.0,29.71,30.05,72011,72032.0,70.29,69.95,1
2B-2B02,2B,Haute-Corse,2B02,2ème circonscription,Catherine Hervieu,catherine hervieu,LÉ (NFP),UG,Autre NFP,Autre NFP,13723.0,27.67,24496.0,53.63,https://fr.wikipedia.org/wiki/%C3%89lections_l%C3%A9gislatives_de_2024_dans_la_C%C3%B4te-d%27Or,,,,,767,3758.0,1.52,7.46,248.0,949.0,0.49,1.88,50613,50387.0,100.0,100.0,21398,21645.0,29.71,30.05,72011,72032.0,70.29,69.95,2
2B-2B02,2B,Haute-Corse,2B02,2ème circonscription,Tatiana Guyenot,tatiana guyenot,RN,RN,Rassemblement national,Rassemblement national,17181.0,34.64,21184.0,46.37,https://fr.wikipedia.org/wiki/%C3%89lections_l%C3%A9gislatives_de_2024_dans_la_C%C3%B4te-d%27Or,,,,,767,3758.0,1.52,7.46,248.0,949.0,0.49,1.88,50613,50387.0,100.0,100.0,21398,21645.0,29.71,30.05,72011,72032.0,70.29,69.95,3
2B-2B03,2B,Haute-Corse,2B03,3ème circonscription,Suffrages exprimés,suffrages exprimes,Suffrages exprimés,SUFFRAGES EXPRIMÉS,SUFFRAGES EXPRIMÉS,SUFFRAGES EXPRIMÉS,49113.0,97.53,46199.0,91.33,https://fr.wikipedia.org/wiki/%C3%89lections_l%C3%A9gislatives_de_2024_dans_la_C%C3%B4te-d%27Or,,,,,927,3566.0,1.84,7.05,319.0,821.0,0.63,1.62,50359,50586.0,100.0,100.0,22067,21866.0,30.47,30.18,72426,72452.0,69.53,69.82,1
2B-2B03,2B,Haute-Corse,2B03,3ème circonscription,Pierre Pribetich,pierre pribetich,PS (NFP),UG,Autre NFP,Autre NFP,14532.0,29.59,24554.0,53.15,https://fr.wikipedia.org/wiki/%C3%89lections_l%C3%A9gislatives_de_2024_dans_la_C%C3%B4te-d%27Or,,,,,927,3566.0,1.84,7.05,319.0,821.0,0.63,1.62,50359,50586.0,100.0,100.0,22067,21866.0,30.47,30.18,72426,72452.0,69.53,69.82,2
2B-2B03,2B,Haute-Corse,2B03,3ème circonscription,Thierry Coudert[22],thierry coudert 22,RAD (RN),UXD,Union de l'extrême droite,Union de l'extrême droite,17405.0,35.44,21645.0,46.85,https://fr.wikipedia.org/wiki/%C3%89lections_l%C3%A9gislatives_de_2024_dans_la_C%C3%B4te-d%27Or,,,,,927,3566.0,1.84,7.05,319.0,821.0,0.63,1.62,50359,50586.0,100.0,100.0,22067,21866.0,30.47,30.18,72426,72452.0,69.53,69.82,3
2B-2B04,2B,Haute-Corse,2B04,4ème circonscription,Suffrages exprimés,suffrages exprimes,Suffrages exprimés,SUFFRAGES EXPRIMÉS,SUFFRAGES EXPRIMÉS,SUFFRAGES EXPRIMÉS,46968.0,96.99,46659.0,95.62,https://fr.wikipedia.org/wiki/%C3%89lections_l%C3%A9gislatives_de_2024_dans_la_C%C3%B4te-d%27Or,,,,,1083,1665.0,2.24,3.41,374.0,474.0,0.77,0.97,48425,48798.0,100.0,100.0,19022,18654.0,28.2,27.66,67447,67452.0,71.8,72.34,1
2B-2B04,2B,Haute-Corse,2B04,4ème circonscription,Hubert Brigand[25],hubert brigand 25,LR (UDC)[b],LR,Les Républicains,Les Républicains,16531.0,35.2,25179.0,53.96,https://fr.wikipedia.org/wiki/%C3%89lections_l%C3%A9gislatives_de_2024_dans_la_C%C3%B4te-d%27Or,,,,,1083,1665.0,2.24,3.41,374.0,474.0,0.77,0.97,48425,48798.0,100.0,100.0,19022,18654.0,28.2,27.66,67447,67452.0,71.8,72.34,2
2B-2B04,2B,Haute-Corse,2B04,4ème circonscription,Sophie Dumont,sophie dumont,RN,RN,Rassemblement national,Rassemblement national,19881.0,42.33,21480.0,46.04,https://fr.wikipedia.org/wiki/%C3%89lections_l%C3%A9gislatives_de_2024_dans_la_C%C3%B4te-d%27Or,,,,,1083,1665.0,2.24,3.41,374.0,474.0,0.77,0.97,48425,48798.0,100.0,100.0,19022,18654.0,28.2,27.66,67447,67452.0,71.8,72.34,3
2B-2B05,2B,Haute-Corse,2B05,5ème circonscription,Suffrages exprimés,suffrages exprimes,Suffrages exprimés,SUFFRAGES EXPRIMÉS,SUFFRAGES EXPRIMÉS,SUFFRAGES EXPRIMÉS,58520.0,96.69,57310.0,94.26,https://fr.wikipedia.org/wiki/%C3%89lections_l%C3%A9gislatives_de_2024_dans_la_C%C3%B4te-d%27Or,,,,,1464,2611.0,2.42,4.29,540.0,880.0,0.89,1.45,60524,60801.0,100.0,100.0,25052,24769.0,29.27,28.95,85576,85570.0,70.73,71.05,1
2B-2B05,2B,Haute-Corse,2B05,5ème circonscription,René Lioret,rene lioret,RN,RN,Rassemblement national,Rassemblement national,26514.0,45.31,28677.0,50.04,https://fr.wikipedia.org/wiki/%C3%89lections_l%C3%A9gislatives_de_2024_dans_la_C%C3%B4te-d%27Or,,,,,1464,2611.0,2.42,4.29,540.0,880.0,0.89,1.45,60524,60801.0,100.0,100.0,25052,24769.0,29.27,28.95,85576,85570.0,70.73,71.05,2
2B-2B05,2B,Haute-Corse,2B05,5ème circonscription,Didier Paris,didier paris,RE (ENS),ENS,Ensemble,Ensemble,18128.0,30.98,28633.0,49.96,https://fr.wikipedia.org/wiki/%C3%89lections_l%C3%A9gislatives_de_2024_dans_la_C%C3%B4te-d%27Or,,,,,1464,2611.0,2.42,4.29,540.0,880.0,0.89,1.45,60524,60801.0,100.0,100.0,25052,24769.0,29.27,28.95,85576,85570.0,70.73,71.05,3
21-2101,21,Côte-d'Or,2101,1ère circonscription,Suffrages exprimés,suffrages exprimes,Suffrages exprimés,SUFFRAGES EXPRIMÉS,SUFFRAGES EXPRIMÉS,SUFFRAGES EXPRIMÉS,50333.0,98.22,50386.0,97.34,https://fr.wikipedia.org/wiki/%C3%89lections_l%C3%A9gislatives_de_2024_dans_la_C%C3%B4te-d%27Or,,,,,657,1081.0,1.28,2.09,255.0,298.0,0.5,0.58,51245,51765.0,100.0,100.0,19250,18746.0,27.31,26.59,70495,70511.0,72.69,73.41,1
21-2101,21,Côte-d'Or,2101,1ère circonscription,Océane Godard,oceane godard,PS (NFP),UG,Autre NFP,Autre NFP,14679.0,29.16,18716.0,37.15,https://fr.wikipedia.org/wiki/%C3%89lections_l%C3%A9gislatives_de_2024_dans_la_C%C3%B4te-d%27Or,,,,,657,1081.0,1.28,2.09,255.0,298.0,0.5,0.58,51245,51765.0,100.0,100.0,19250,18746.0,27.31,26.59,70495,70511.0,72.69,73.41,2
21-2101,21,Côte-d'Or,2101,1ère circonscription,Didier Martin,didier martin,RE (ENS),ENS,Ensemble,Ensemble,13830.0,27.48,17314.0,34.36,https://fr.wikipedia.org/wiki/%C3%89lections_l%C3%A9gislatives_de_2024_dans_la_C%C3%B4te-d%27Or,,,,,657,1081.0,1.28,2.09,255.0,298.0,0.5,0.58,51245,51765.0,100.0,100.0,19250,18746.0,27.31,26.59,70495,70511.0,72.69,73.41,3
21-2101,21,Côte-d'Or,2101,1ère circonscription,Cyline Humblot-Cornille,cyline humblot cornille,RN,RN,Rassemblement national,Rassemblement national,12969.0,25.77,14356.0,28.49,https://fr.wikipedia.org/wiki/%C3%89lections_l%C3%A9gislatives_de_2024_dans_la_C%C3%B4te-d%27Or,,,,,657,1081.0,1.28,2.09,255.0,298.0,0.5,0.58,51245,51765.0,100.0,100.0,19250,18746.0,27.31,26.59,70495,70511.0,72.69,73.41,4
21-2102,21,Côte-d'Or,2102,2ème circonscription,Suffrages exprimés,suffrages exprimes,Suffrages exprimés,SUFFRAGES EXPRIMÉS,SUFFRAGES EXPRIMÉS,SUFFRAGES EXPRIMÉS,49598.0,97.99,45680.0,90.66,https://fr.wikipedia.org/wiki/%C3%89lections_l%C3%A9gislatives_de_2024_dans_la_C%C3%B4te-d%27Or,,,,,767,3758.0,1.52,7.46,248.0,949.0,0.49,1.88,50613,50387.0,100.0,100.0,21398,21645.0,29.71,30.05,72011,72032.0,70.29,69.95,1
21-2102,21,Côte-d'Or,2102,2ème circonscription,Catherine Hervieu,catherine hervieu,LÉ (NFP),UG,Autre NFP,Autre NFP,13723.0,27.67,24496.0,53.63,https://fr.wikipedia.org/wiki/%C3%89lections_l%C3%A9gislatives_de_2024_dans_la_C%C3%B4te-d%27Or,,,,,767,3758.0,1.52,7.46,248.0,949.0,0.49,1.88,50613,50387.0,100.0,100.0,21398,21645.0,29.71,30.05,72011,72032.0,70.29,69.95,2
21-2102,21,Côte-d'Or,2102,2ème circonscription,Tatiana Guyenot,tatiana guyenot,RN,RN,Rassemblement national,Rassemblement national,17181.0,34.64,21184.0,46.37,https://fr.wikipedia.org/wiki/%C3%89lections_l%C3%A9gislatives_de_2024_dans_la_C%C3%B4te-d%27Or,,,,,767,3758.0,1.52,7.46,248.0,949.0,0.49,1.88,50613,50387.0,100.0,100.0,21398,21645.0,29.71,30.05,72011,72032.0,70.29,69.95,3
21-2103,21,Côte-d'Or,2103,3ème circonscription,Suffrages exprimés,suffrages exprimes,Suffrages exprimés,SUFFRAGES EXPRIMÉS,SUFFRAGES EXPRIMÉS,SUFFRAGES EXPRIMÉS,49113.0,97.53,46199.0,91.33,https://fr.wikipedia.org/wiki/%C3%89lections_l%C3%A9gislatives_de_2024_dans_la_C%C3%B4te-d%27Or,,,,,927,3566.0,1.84,7.05,319.0,821.0,0.63,1.62,50359,50586.0,100.0,100.0,22067,21866.0,30.47,30.18,72426,72452.0,69.53,69.82,1
21-2103,21,Côte-d'Or,2103,3ème circonscription,Pierre Pribetich,pierre pribetich,PS (NFP),UG,Autre NFP,Autre NFP,14532.0,29.59,24554.0,53.15,https://fr.wikipedia.org/wiki/%C3%89lections_l%C3%A9gislatives_de_2024_dans_la_C%C3%B4te-d%27Or,,,,,927,3566.0,1.84,7.05,319.0,821.0,0.63,1.62,50359,50586.0,100.0,100.0,22067,21866.0,30.47,30.18,72426,72452.0,69.53,69.82,2
21-2103,21,Côte-d'Or,2103,3ème circonscription,Thierry Coudert[22],thierry coudert 22,RAD (RN),UXD,Union de l'extrême droite,Union de l'extrême droite,17405.0,35.44,21645.0,46.85,https://fr.wikipedia.org/wiki/%C3%89lections_l%C3%A9gislatives_de_2024_dans_la_C%C3%B4te-d%27Or,,,,,927,3566.0,1.84,7.05,319.0,821.0,0.63,1.62,50359,50586.0,100.0,100.0,22067,21866.0,30.47,30.18,72426,72452.0,69.53,69.82,3
21-2104,21,Côte-d'Or,2104,4ème circonscription,Suffrages exprimés,suffrages exprimes,Suffrages exprimés,SUFFRAGES EXPRIMÉS,SUFFRAGES EXPRIMÉS,SUFFRAGES EXPRIMÉS,46968.0,96.99,46659.0,95.62,https://fr.wikipedia.org/wiki/%C3%89lections_l%C3%A9gislatives_de_2024_dans_la_C%C3%B4te-d%27Or,,,,,1083,1665.0,2.24,3.41,374.0,474.0,0.77,0.97,48425,48798.0,100.0,100.0,19022,18654.0,28.2,27.66,67447,67452.0,71.8,72.34,1
21-2104,21,Côte-d'Or,2104,4ème circonscription,Hubert Brigand[25],hubert brigand 25,LR (UDC)[b],LR,Les Républicains,Les Républicains,16531.0,35.2,25179.0,53.96,https://fr.wikipedia.org/wiki/%C3%89lections_l%C3%A9gislatives_de_2024_dans_la_C%C3%B4te-d%27Or,,,,,1083,1665.0,2.24,3.41,374.0,474.0,0.77,0.97,48425,48798.0,100.0,100.0,19022,18654.0,28.2,27.66,67447,67452.0,71.8,72.34,2
21-2104,21,Côte-d'Or,2104,4ème circonscription,Sophie Dumont,sophie dumont,RN,RN,Rassemblement national,Rassemblement national,19881.0,42.33,21480.0,46.04,https://fr.wikipedia.org/wiki/%C3%89lections_l%C3%A9gislatives_de_2024_dans_la_C%C3%B4te-d%27Or,,,,,1083,1665.0,2.24,3.41,374.0,474.0,0.77,0.97,48425,48798.0,100.0,100.0,19022,18654.0,28.2,27.66,67447,67452.0,71.8,72.34,3
21-2105,21,Côte-d'Or,2105,5ème circonscription,Suffrages exprimés,suffrages exprimes,Suffrages exprimés,SUFFRAGES EXPRIMÉS,SUFFRAGES EXPRIMÉS,SUFFRAGES EXPRIMÉS,58520.0,96.69,57310.0,94.26,https://fr.wikipedia.org/wiki/%C3%89lections_l%C3%A9gislatives_de_2024_dans_la_C%C3%B4te-d%27Or,,,,,1464,2611.0,2.42,4.29,540.0,880.0,0.89,1.45,60524,60801.0,100.0,100.0,25052,24769.0,29.27,28.95,85576,85570.0,70.73,71.05,1
21-2105,21,Côte-d'Or,2105,5ème circonscription,René Lioret,rene lioret,RN,RN,Rassemblement national,Rassemblement national,26514.0,45.31,28677.0,50.04,https://fr.wikipedia.org/wiki/%C3%89lections_l%C3%A9gislatives_de_2024_dans_la_C%C3%B4te-d%27Or,,,,,1464,2611.0,2.42,4.29,540.0,880.0,0.89,1.45,60524,60801.0,100.0,100.0,25052,24769.0,29.27,28.95,85576,85570.0,70.73,71.05,2
21-2105,21,Côte-d'Or,2105,5ème circonscription,Didier Paris,didier paris,RE (ENS),ENS,Ensemble,Ensemble,18128.0,30.98,28633.0,49.96,https://fr.wikipedia.org/wiki/%C3%89lections_l%C3%A9gislatives_de_2024_dans_la_C%C3%B4te-d%27Or,,,,,1464,2611.0,2.42,4.29,540.0,880.0,0.89,1.45,60524,60801.0,100.0,100.0,25052,24769.0,29.27,28.95,85576,85570.0,70.73,71.05,3
22-2201,22,Côtes-d'Armor,2201,1ère circonscription,Mickaël Cosson,mickael cosson,MoDem (ENS),ENS,Ensemble,Ensemble,21614.0,32.96,27186.0,41.15,https://fr.wikipedia.org/wiki/%C3%89lections_l%C3%A9gislatives_de_2024_dans_les_C%C3%B4tes-d%27Armor,65580.0,65591.0,97.51,97.16,1142,1404.0,1.7,2.08,535.0,516.0,0.8,0.76,67257,67511.0,100.0,100.0,23382,23131.0,25.8,25.52,90639,90642.0,74.2,74.48,1
22-2201,22,Côtes-d'Armor,2201,1ère circonscription,Marion Gorgiard,marion gorgiard,LFI (NFP),UG,LFI / NFP,LFI / NFP,19926.0,30.38,20845.0,31.78,https://fr.wikipedia.org/wiki/%C3%89lections_l%C3%A9gislatives_de_2024_dans_les_C%C3%B4tes-d%27Armor,65580.0,65591.0,97.51,97.16,1142,1404.0,1.7,2.08,535.0,516.0,0.8,0.76,67257,67511.0,100.0,100.0,23382,23131.0,25.8,25.52,90639,90642.0,74.2,74.48,2
22-2201,22,Côtes-d'Armor,2201,1ère circonscription,Françoise Billaud,francoise billaud,RN,RN,Rassemblement national,Rassemblement national,16888.0,25.75,17560.0,26.77,https://fr.wikipedia.org/wiki/%C3%89lections_l%C3%A9gislatives_de_2024_dans_les_C%C3%B4tes-d%27Armor,65580.0,65591.0,97.51,97.16,1142,1404.0,1.7,2.08,535.0,516.0,0.8,0.76,67257,67511.0,100.0,100.0,23382,23131.0,25.8,25.52,90639,90642.0,74.2,74.48,3
22-2202,22,Côtes-d'Armor,2202,2ème circonscription,Hervé Berville,herve berville,RE (ENS),ENS,Ensemble,Ensemble,25730.0,33.61,47119.0,63.63,https://fr.wikipedia.org/wiki/%C3%89lections_l%C3%A9gislatives_de_2024_dans_les_C%C3%B4tes-d%27Armor,76563.0,74054.0,97.91,94.47,958,3090.0,1.23,3.94,676.0,1244.0,0.86,1.59,78197,78388.0,100.0,100.0,26320,26140.0,25.18,25.01,104517,104528.0,74.82,74.99,1
22-2202,22,Côtes-d'Armor,2202,2ème circonscription,Antoine Kieffer,antoine kieffer,RN,RN,Rassemblement national,Rassemblement national,23707.0,30.96,26935.0,36.37,https://fr.wikipedia.org/wiki/%C3%89lections_l%C3%A9gislatives_de_2024_dans_les_C%C3%B4tes-d%27Armor,76563.0,74054.0,97.91,94.47,958,3090.0,1.23,3.94,676.0,1244.0,0.86,1.59,78197,78388.0,100.0,100.0,26320,26140.0,25.18,25.01,104517,104528.0,74.82,74.99,2
22-2203,22,Côtes-d'Armor,2203,3ème circonscription,Corentin Le Fur,corentin le fur,LR (UDC),LR,Les Républicains,Les Républicains,20520.0,31.96,41619.0,67.97,https://fr.wikipedia.org/wiki/%C3%89lections_l%C3%A9gislatives_de_2024_dans_les_C%C3%B4tes-d%27Armor,64211.0,61235.0,97.9,94.26,795,2595.0,1.21,3.99,581.0,1131.0,0.89,1.74,65587,64961.0,100.0,100.0,23834,24461.0,26.65,27.35,89421,89422.0,73.35,72.65,1
22-2203,22,Côtes-d'Armor,2203,3ème circonscription,Odile de Mellon,odile de mellon,RN,RN,Rassemblement national,Rassemblement national,18345.0,28.57,19616.0,32.03,https://fr.wikipedia.org/wiki/%C3%89lections_l%C3%A9gislatives_de_2024_dans_les_C%C3%B4tes-d%27Armor,64211.0,61235.0,97.9,94.26,795,2595.0,1.21,3.99,581.0,1131.0,0.89,1.74,65587,64961.0,100.0,100.0,23834,24461.0,26.65,27.35,89421,89422.0,73.35,72.65,2
22-2204,22,Côtes-d'Armor,2204,4ème circonscription,Murielle Lepvraud,murielle lepvraud,LFI (NFP),UG,LFI / NFP,LFI / NFP,17826.0,31.03,28234.0,54.75,https://fr.wikipedia.org/wiki/%C3%89lections_l%C3%A9gislatives_de_2024_dans_les_C%C3%B4tes-d%27Armor,57440.0,51567.0,96.31,87.27,1441,5136.0,2.42,8.69,757.0,2385.0,1.27,4.04,59638,59088.0,100.0,100.0,21928,22473.0,26.88,27.55,81566,81561.0,73.12,72.45,1
22-2204,22,Côtes-d'Armor,2204,4ème circonscription,Noël Lude,noel lude,RN,RN,Rassemblement national,Rassemblement national,19700.0,34.3,23333.0,45.25,https://fr.wikipedia.org/wiki/%C3%89lections_l%C3%A9gislatives_de_2024_dans_les_C%C3%B4tes-d%27Armor,57440.0,51567.0,96.31,87.27,1441,5136.0,2.42,8.69,757.0,2385.0,1.27,4.04,59638,59088.0,100.0,100.0,21928,22473.0,26.88,27.55,81566,81561.0,73.12,72.45,2
22-2205,22,Côtes-d'Armor,2205,5ème circonscription,Éric Bothorel,eric bothorel,RE (ENS),ENS,Ensemble,Ensemble,29479.0,37.81,32463.0,41.21,https://fr.wikipedia.org/wiki/%C3%89lections_l%C3%A9gislatives_de_2024_dans_les_C%C3%B4tes-d%27Armor,77958.0,78767.0,96.59,97.04,1784,1725.0,2.21,2.13,971.0,679.0,1.2,0.84,80713,81171.0,100.0,100.0,27048,26586.0,25.1,24.67,107761,107757.0,74.9,75.33,1
22-2205,22,Côtes-d'Armor,2205,5ème circonscription,Marielle Lemaître,marielle lemaitre,LFI (NFP),UG,LFI / NFP,LFI / NFP,23858.0,30.6,23385.0,29.69,https://fr.wikipedia.org/wiki/%C3%89lections_l%C3%A9gislatives_de_2024_dans_les_C%C3%B4tes-d%27Armor,77958.0,78767.0,96.59,97.04,1784,1725.0,2.21,2.13,971.0,679.0,1.2,0.84,80713,81171.0,100.0,100.0,27048,26586.0,25.1,24.67,107761,107757.0,74.9,75.33,2
22-2205,22,Côtes-d'Armor,2205,5ème circonscription,Jean-Yves Le Boulanger,jean yves le boulanger,RN,RN,Rassemblement national,Rassemblement national,22668.0,29.08,22919.0,29.1,https://fr.wikipedia.org/wiki/%C3%89lections_l%C3%A9gislatives_de_2024_dans_les_C%C3%B4tes-d%27Armor,77958.0,78767.0,96.59,97.04,1784,1725.0,2.21,2.13,971.0,679.0,1.2,0.84,80713,81171.0,100.0,100.0,27048,26586.0,25.1,24.67,107761,107757.0,74.9,75.33,3
23-2301,23,Creuse,2301,1ère circonscription,Bartolomé Lenoir,bartolome lenoir,RÀD (RN),UXD,Union de l'extrême droite,Union de l'extrême droite,20403.0,33.35,23513.0,37.69,https://fr.wikipedia.org/wiki/%C3%89lections_l%C3%A9gislatives_de_2024_dans_la_Creuse,61182.0,62391.0,96.26,96.58,1468,1425.0,2.31,2.21,907.0,784.0,1.43,1.21,63557,64600.0,100.0,100.0,26423,25353.0,29.37,28.18,89980,89953.0,70.63,71.82,1
23-2301,23,Creuse,2301,1ère circonscription,Valérie Simonet[17],valerie simonet 17,NÉ - LR (UDC),DVD,Divers droite,Divers droite,13536.0,22.12,21757.0,34.87,https://fr.wikipedia.org/wiki/%C3%89lections_l%C3%A9gislatives_de_2024_dans_la_Creuse,61182.0,62391.0,96.26,96.58,1468,1425.0,2.31,2.21,907.0,784.0,1.43,1.21,63557,64600.0,100.0,100.0,26423,25353.0,29.37,28.18,89980,89953.0,70.63,71.82,2
23-2301,23,Creuse,2301,1ère circonscription,Catherine Couturier,catherine couturier,LFI (NFP),UG,LFI / NFP,LFI / NFP,14359.0,23.47,17121.0,27.44,https://fr.wikipedia.org/wiki/%C3%89lections_l%C3%A9gislatives_de_2024_dans_la_Creuse,61182.0,62391.0,96.26,96.58,1468,1425.0,2.31,2.21,907.0,784.0,1.43,1.21,63557,64600.0,100.0,100.0,26423,25353.0,29.37,28.18,89980,89953.0,70.63,71.82,3
24-2401,24,Dordogne,2401,1ère circonscription,Laurent Croizier,laurent croizier,MoDem (ENS),ENS,Ensemble,Ensemble,17475.0,33.52,19324.0,36.18,https://fr.wikipedia.org/wiki/%C3%89lections_l%C3%A9gislatives_de_2024_dans_le_Doubs,52132.0,53415.0,97.19,97.59,1096,966.0,2.04,1.76,414.0,354.0,0.77,0.65,53642,54735.0,100.0,100.0,22151,21061.0,29.23,27.79,75793,75796.0,70.77,72.21,1
24-2401,24,Dordogne,2401,1ère circonscription,Thomas Lutz,thomas lutz,RN,RN,Rassemblement national,Rassemblement national,16264.0,31.2,17261.0,32.31,https://fr.wikipedia.org/wiki/%C3%89lections_l%C3%A9gislatives_de_2024_dans_le_Doubs,52132.0,53415.0,97.19,97.59,1096,966.0,2.04,1.76,414.0,354.0,0.77,0.65,53642,54735.0,100.0,100.0,22151,21061.0,29.23,27.79,75793,75796.0,70.77,72.21,2
24-2401,24,Dordogne,2401,1ère circonscription,Séverine Véziès,severine vezies,LFI (NFP),UG,LFI / NFP,LFI / NFP,16555.0,31.76,16830.0,31.51,https://fr.wikipedia.org/wiki/%C3%89lections_l%C3%A9gislatives_de_2024_dans_le_Doubs,52132.0,53415.0,97.19,97.59,1096,966.0,2.04,1.76,414.0,354.0,0.77,0.65,53642,54735.0,100.0,100.0,22151,21061.0,29.23,27.79,75793,75796.0,70.77,72.21,3
24-2402,24,Dordogne,2402,2ème circonscription,Dominique Voynet,dominique voynet,LÉ (NFP),UG,Autre NFP,Autre NFP,19160.0,34.16,31053.0,59.95,https://fr.wikipedia.org/wiki/%C3%89lections_l%C3%A9gislatives_de_2024_dans_le_Doubs,56084.0,51802.0,97.79,90.19,858,4253.0,1.5,7.4,408.0,1380.0,0.71,2.4,57350,57435.0,100.0,100.0,21525,21459.0,27.29,27.2,78875,78894.0,72.71,72.8,1
24-2402,24,Dordogne,2402,2ème circonscription,Éric Fusis,eric fusis,RN,RN,Rassemblement national,Rassemblement national,16895.0,30.12,20749.0,40.05,https://fr.wikipedia.org/wiki/%C3%89lections_l%C3%A9gislatives_de_2024_dans_le_Doubs,56084.0,51802.0,97.79,90.19,858,4253.0,1.5,7.4,408.0,1380.0,0.71,2.4,57350,57435.0,100.0,100.0,21525,21459.0,27.29,27.2,78875,78894.0,72.71,72.8,2
24-2403,24,Dordogne,2403,3ème circonscription,Matthieu Bloch[20],matthieu bloch 20,RÀD (RN),UXD,Union de l'extrême droite,Union de l'extrême droite,18795.0,44.35,21543.0,50.76,https://fr.wikipedia.org/wiki/%C3%89lections_l%C3%A9gislatives_de_2024_dans_le_Doubs,42381.0,42444.0,95.84,94.89,1149,1691.0,2.6,3.78,692.0,596.0,1.56,1.33,44222,44731.0,100.0,100.0,20526,20020.0,31.7,30.92,64748,64751.0,68.3,69.08,1
24-2403,24,Dordogne,2403,3ème circonscription,Nicolas Pacquot,nicolas pacquot,RE (ENS),ENS,Ensemble,Ensemble,12806.0,30.22,20901.0,49.24,https://fr.wikipedia.org/wiki/%C3%89lections_l%C3%A9gislatives_de_2024_dans_le_Doubs,42381.0,42444.0,95.84,94.89,1149,1691.0,2.6,3.78,692.0,596.0,1.56,1.33,44222,44731.0,100.0,100.0,20526,20020.0,31.7,30.92,64748,64751.0,68.3,69.08,2
24-2404,24,Dordogne,2404,4ème circonscription,Géraldine Grangier,geraldine grangier,RN,RN,Rassemblement national,Rassemblement national,19863.0,47.62,22274.0,54.85,https://fr.wikipedia.org/wiki/%C3%89lections_l%C3%A9gislatives_de_2024_dans_le_Doubs,41712.0,40607.0,97.26,92.98,761,2128.0,1.77,4.87,413.0,939.0,0.96,2.15,42886,43674.0,100.0,100.0,22583,21810.0,34.49,33.31,65469,65484.0,65.51,66.69,1
24-2404,24,Dordogne,2404,4ème circonscription,Magali Duvernois,magali duvernois,PS (NFP),UG,Autre NFP,Autre NFP,11776.0,28.23,18333.0,45.15,https://fr.wikipedia.org/wiki/%C3%89lections_l%C3%A9gislatives_de_2024_dans_le_Doubs,41712.0,40607.0,97.26,92.98,761,2128.0,1.77,4.87,413.0,939.0,0.96,2.15,42886,43674.0,100.0,100.0,22583,21810.0,34.49,33.31,65469,65484.0,65.51,66.69,2
24-2405,24,Dordogne,2405,5ème circonscription,Annie Genevard,annie genevard,LR (UDC),LR,Les Républicains,Les Républicains,20356.0,35.2,35576.0,62.69,https://fr.wikipedia.org/wiki/%C3%89lections_l%C3%A9gislatives_de_2024_dans_le_Doubs,57831.0,56749.0,97.53,95.91,871,1712.0,1.47,2.89,591.0,708.0,1.0,1.2,59293,59169.0,100.0,100.0,25970,26104.0,30.46,30.61,85263,85273.0,69.54,69.39,1
24-2405,24,Dordogne,2405,5ème circonscription,Floriane Jeandenand,floriane jeandenand,RN,RN,Rassemblement national,Rassemblement national,19505.0,33.73,21173.0,37.31,https://fr.wikipedia.org/wiki/%C3%89lections_l%C3%A9gislatives_de_2024_dans_le_Doubs,57831.0,56749.0,97.53,95.91,871,1712.0,1.47,2.89,591.0,708.0,1.0,1.2,59293,59169.0,100.0,100.0,25970,26104.0,30.46,30.61,85263,85273.0,69.54,69.39,2
25-2501,25,Doubs,2501,1ère circonscription,Laurent Croizier,laurent croizier,MoDem (ENS),ENS,Ensemble,Ensemble,17475.0,33.52,19324.0,36.18,https://fr.wikipedia.org/wiki/%C3%89lections_l%C3%A9gislatives_de_2024_dans_le_Doubs,52132.0,53415.0,97.19,97.59,1096,966.0,2.04,1.76,414.0,354.0,0.77,0.65,53642,54735.0,100.0,100.0,22151,21061.0,29.23,27.79,75793,75796.0,70.77,72.21,1
25-2501,25,Doubs,2501,1ère circonscription,Thomas Lutz,thomas lutz,RN,RN,Rassemblement national,Rassemblement national,16264.0,31.2,17261.0,32.31,https://fr.wikipedia.org/wiki/%C3%89lections_l%C3%A9gislatives_de_2024_dans_le_Doubs,52132.0,53415.0,97.19,97.59,1096,966.0,2.04,1.76,414.0,354.0,0.77,0.65,53642,54735.0,100.0,100.0,22151,21061.0,29.23,27.79,75793,75796.0,70.77,72.21,2
25-2501,25,Doubs,2501,1ère circonscription,Séverine Véziès,severine vezies,LFI (NFP),UG,LFI / NFP,LFI / NFP,16555.0,31.76,16830.0,31.51,https://fr.wikipedia.org/wiki/%C3%89lections_l%C3%A9gislatives_de_2024_dans_le_Doubs,52132.0,53415.0,97.19,97.59,1096,966.0,2.04,1.76,414.0,354.0,0.77,0.65,53642,54735.0,100.0,100.0,22151,21061.0,29.23,27.79,75793,75796.0,70.77,72.21,3
25-2502,25,Doubs,2502,2ème circonscription,Dominique Voynet,dominique voynet,LÉ (NFP),UG,Autre NFP,Autre NFP,19160.0,34.16,31053.0,59.95,https://fr.wikipedia.org/wiki/%C3%89lections_l%C3%A9gislatives_de_2024_dans_le_Doubs,56084.0,51802.0,97.79,90.19,858,4253.0,1.5,7.4,408.0,1380.0,0.71,2.4,57350,57435.0,100.0,100.0,21525,21459.0,27.29,27.2,78875,78894.0,72.71,72.8,1
25-2502,25,Doubs,2502,2ème circonscription,Éric Fusis,eric fusis,RN,RN,Rassemblement national,Rassemblement national,16895.0,30.12,20749.0,40.05,https://fr.wikipedia.org/wiki/%C3%89lections_l%C3%A9gislatives_de_2024_dans_le_Doubs,56084.0,51802.0,97.79,90.19,858,4253.0,1.5,7.4,408.0,1380.0,0.71,2.4,57350,57435.0,100.0,100.0,21525,21459.0,27.29,27.2,78875,78894.0,72.71,72.8,2
25-2503,25,Doubs,2503,3ème circonscription,Matthieu Bloch[20],matthieu bloch 20,RÀD (RN),UXD,Union de l'extrême droite,Union de l'extrême droite,18795.0,44.35,21543.0,50.76,https://fr.wikipedia.org/wiki/%C3%89lections_l%C3%A9gislatives_de_2024_dans_le_Doubs,42381.0,42444.0,95.84,94.89,1149,1691.0,2.6,3.78,692.0,596.0,1.56,1.33,44222,44731.0,100.0,100.0,20526,20020.0,31.7,30.92,64748,64751.0,68.3,69.08,1
25-2503,25,Doubs,2503,3ème circonscription,Nicolas Pacquot,nicolas pacquot,RE (ENS),ENS,Ensemble,Ensemble,12806.0,30.22,20901.0,49.24,https://fr.wikipedia.org/wiki/%C3%89lections_l%C3%A9gislatives_de_2024_dans_le_Doubs,42381.0,42444.0,95.84,94.89,1149,1691.0,2.6,3.78,692.0,596.0,1.56,1.33,44222,44731.0,100.0,100.0,20526,20020.0,31.7,30.92,64748,64751.0,68.3,69.08,2
25-2504,25,Doubs,2504,4ème circonscription,Géraldine Grangier,geraldine grangier,RN,RN,Rassemblement national,Rassemblement national,19863.0,47.62,22274.0,54.85,https://fr.wikipedia.org/wiki/%C3%89lections_l%C3%A9gislatives_de_2024_dans_le_Doubs,41712.0,40607.0,97.26,92.98,761,2128.0,1.77,4.87,413.0,939.0,0.96,2.15,42886,43674.0,100.0,100.0,22583,21810.0,34.49,33.31,65469,65484.0,65.51,66.69,1
25-2504,25,Doubs,2504,4ème circonscription,Magali Duvernois,magali duvernois,PS (NFP),UG,Autre NFP,Autre NFP,11776.0,28.23,18333.0,45.15,https://fr.wikipedia.org/wiki/%C3%89lections_l%C3%A9gislatives_de_2024_dans_le_Doubs,41712.0,40607.0,97.26,92.98,761,2128.0,1.77,4.87,413.0,939.0,0.96,2.15,42886,43674.0,100.0,100.0,22583,21810.0,34.49,33.31,65469,65484.0,65.51,66.69,2
25-2505,25,Doubs,2505,5ème circonscription,Annie Genevard,annie genevard,LR (UDC),LR,Les Républicains,Les Républicains,20356.0,35.2,35576.0,62.69,https://fr.wikipedia.org/wiki/%C3%89lections_l%C3%A9gislatives_de_2024_dans_le_Doubs,57831.0,56749.0,97.53,95.91,871,1712.0,1.47,2.89,591.0,708.0,1.0,1.2,59293,59169.0,100.0,100.0,25970,26104.0,30.46,30.61,85263,85273.0,69.54,69.39,1
25-2505,25,Doubs,2505,5ème circonscription,Floriane Jeandenand,floriane jeandenand,RN,RN,Rassemblement national,Rassemblement national,19505.0,33.73,21173.0,37.31,https://fr.wikipedia.org/wiki/%C3%89lections_l%C3%A9gislatives_de_2024_dans_le_Doubs,57831.0,56749.0,97.53,95.91,871,1712.0,1.47,2.89,591.0,708.0,1.0,1.2,59293,59169.0,100.0,100.0,25970,26104.0,30.46,30.61,85263,85273.0,69.54,69.39,2
26-2601,26,Drôme,2601,1ère circonscription,Paul Christophle,paul christophle,PS (NFP),UG,Autre NFP,Autre NFP,16835.0,32.41,27439.0,56.24,https://fr.wikipedia.org/wiki/%C3%89lections_l%C3%A9gislatives_de_2024_dans_la_Dr%C3%B4me,51948.0,48792.0,97.93,91.72,751,3443.0,1.42,6.47,349.0,959.0,0.66,1.8,53048,53194.0,100.0,100.0,24587,24466.0,31.67,31.5,77635,77660.0,68.33,68.5,1
26-2601,26,Drôme,2601,1ère circonscription,Jean-Paul Vallon,jean paul vallon,RN,RN,Rassemblement national,Rassemblement national,16145.0,31.08,21353.0,43.76,https://fr.wikipedia.org/wiki/%C3%89lections_l%C3%A9gislatives_de_2024_dans_la_Dr%C3%B4me,51948.0,48792.0,97.93,91.72,751,3443.0,1.42,6.47,349.0,959.0,0.66,1.8,53048,53194.0,100.0,100.0,24587,24466.0,31.67,31.5,77635,77660.0,68.33,68.5,2
26-2602,26,Drôme,2602,2ème circonscription,Lisette Pollet,lisette pollet,RN,RN,Rassemblement national,Rassemblement national,27507.0,42.85,33755.0,58.28,https://fr.wikipedia.org/wiki/%C3%89lections_l%C3%A9gislatives_de_2024_dans_la_Dr%C3%B4me,64200.0,57914.0,97.2,88.23,1192,5874.0,1.8,8.95,656.0,1854.0,0.99,2.82,66048,65642.0,100.0,100.0,31067,31522.0,31.99,32.44,97115,97164.0,68.01,67.56,1
26-2602,26,Drôme,2602,2ème circonscription,Karim Chkeri,karim chkeri,LFI (NFP),UG,LFI / NFP,LFI / NFP,14642.0,22.81,24159.0,41.72,https://fr.wikipedia.org/wiki/%C3%89lections_l%C3%A9gislatives_de_2024_dans_la_Dr%C3%B4me,64200.0,57914.0,97.2,88.23,1192,5874.0,1.8,8.95,656.0,1854.0,0.99,2.82,66048,65642.0,100.0,100.0,31067,31522.0,31.99,32.44,97115,97164.0,68.01,67.56,2
26-2603,26,Drôme,2603,3ème circonscription,Marie Pochon,marie pochon,LÉ (NFP),UG,Autre NFP,Autre NFP,30618.0,37.96,43483.0,56.59,https://fr.wikipedia.org/wiki/%C3%89lections_l%C3%A9gislatives_de_2024_dans_la_Dr%C3%B4me,80650.0,76844.0,97.15,92.0,1584,5127.0,1.91,6.14,785.0,1556.0,0.95,1.86,83019,83527.0,100.0,100.0,27873,27321.0,25.14,24.65,110892,110848.0,74.86,75.35,1
26-2603,26,Drôme,2603,3ème circonscription,Adhémar Autrand,adhemar autrand,RÀD (RN),UXD,Union de l'extrême droite,Union de l'extrême droite,26020.0,32.26,33361.0,43.31,https://fr.wikipedia.org/wiki/%C3%89lections_l%C3%A9gislatives_de_2024_dans_la_Dr%C3%B4me,80650.0,76844.0,97.15,92.0,1584,5127.0,1.91,6.14,785.0,1556.0,0.95,1.86,83019,83527.0,100.0,100.0,27873,27321.0,25.14,24.65,110892,110848.0,74.86,75.35,2
26-2604,26,Drôme,2604,4ème circonscription,Thibaut Monnier[18],thibaut monnier 18,app. RN,RN,Rassemblement national,Rassemblement national,26621.0,38.37,29846.0,41.97,https://fr.wikipedia.org/wiki/%C3%89lections_l%C3%A9gislatives_de_2024_dans_la_Dr%C3%B4me,69374.0,71107.0,97.8,97.94,1040,1045.0,1.47,1.44,525.0,453.0,0.74,0.62,70939,72605.0,100.0,100.0,29763,28112.0,29.56,27.91,100702,100717.0,70.44,72.09,1
26-2604,26,Drôme,2604,4ème circonscription,Isabelle Pagani,isabelle pagani,PS (NFP),UG,Autre NFP,Autre NFP,18222.0,26.27,22788.0,32.05,https://fr.wikipedia.org/wiki/%C3%89lections_l%C3%A9gislatives_de_2024_dans_la_Dr%C3%B4me,69374.0,71107.0,97.8,97.94,1040,1045.0,1.47,1.44,525.0,453.0,0.74,0.62,70939,72605.0,100.0,100.0,29763,28112.0,29.56,27.91,100702,100717.0,70.44,72.09,2
26-2604,26,Drôme,2604,4ème circonscription,Emmanuelle Anthoine,emmanuelle anthoine,LR (UDC),LR,Les Républicains,Les Républicains,16635.0,23.98,18473.0,25.98,https://fr.wikipedia.org/wiki/%C3%89lections_l%C3%A9gislatives_de_2024_dans_la_Dr%C3%B4me,69374.0,71107.0,97.8,97.94,1040,1045.0,1.47,1.44,525.0,453.0,0.74,0.62,70939,72605.0,100.0,100.0,29763,28112.0,29.56,27.91,100702,100717.0,70.44,72.09,3
27-2701,27,Eure,2701,1ère circonscription,Christine Loir,christine loir,RN,RN,Rassemblement national,Rassemblement national,25853.0,46.54,27891.0,50.83,https://fr.wikipedia.org/wiki/%C3%89lections_l%C3%A9gislatives_de_2024_dans_l%27Eure,55556.0,54875.0,97.04,95.51,1220,2010.0,2.13,3.5,473.0,568.0,0.83,0.99,57249,57453.0,100.0,100.0,30142,29953.0,34.49,34.27,87391,87406.0,65.51,65.73,1
27-2701,27,Eure,2701,1ère circonscription,Julien Canin,julien canin,RE (ENS),ENS,Ensemble,Ensemble,15837.0,28.51,26984.0,49.17,https://fr.wikipedia.org/wiki/%C3%89lections_l%C3%A9gislatives_de_2024_dans_l%27Eure,55556.0,54875.0,97.04,95.51,1220,2010.0,2.13,3.5,473.0,568.0,0.83,0.99,57249,57453.0,100.0,100.0,30142,29953.0,34.49,34.27,87391,87406.0,65.51,65.73,2
27-2702,27,Eure,2702,2ème circonscription,Katiana Levavasseur,katiana levavasseur,RN,RN,Rassemblement national,Rassemblement national,22952.0,43.61,26898.0,54.36,https://fr.wikipedia.org/wiki/%C3%89lections_l%C3%A9gislatives_de_2024_dans_l%27Eure,52636.0,49477.0,97.35,91.92,1095,3458.0,2.03,6.42,338.0,890.0,0.63,1.65,54069,53825.0,100.0,100.0,25043,25300.0,31.66,31.97,79112,79125.0,68.34,68.03,1
27-2702,27,Eure,2702,2ème circonscription,Timour Veyri,timour veyri,PS (NFP),UG,Autre NFP,Autre NFP,11185.0,21.25,22579.0,45.64,https://fr.wikipedia.org/wiki/%C3%89lections_l%C3%A9gislatives_de_2024_dans_l%27Eure,52636.0,49477.0,97.35,91.92,1095,3458.0,2.03,6.42,338.0,890.0,0.63,1.65,54069,53825.0,100.0,100.0,25043,25300.0,31.66,31.97,79112,79125.0,68.34,68.03,2
27-2703,27,Eure,2703,3ème circonscription,Kévin Mauvieux,kevin mauvieux,RN,RN,Rassemblement national,Rassemblement national,28012.0,48.88,31417.0,56.8,https://fr.wikipedia.org/wiki/%C3%89lections_l%C3%A9gislatives_de_2024_dans_l%27Eure,57310.0,55308.0,97.36,94.16,1170,2647.0,1.99,4.51,383.0,784.0,0.65,1.33,58863,58739.0,100.0,100.0,26772,26914.0,31.26,31.42,85635,85653.0,68.74,68.58,1
27-2703,27,Eure,2703,3ème circonscription,Marie Tamarelle-Verhaeghe,marie tamarelle verhaeghe,RE (ENS),ENS,Ensemble,Ensemble,12238.0,21.35,23891.0,43.2,https://fr.wikipedia.org/wiki/%C3%89lections_l%C3%A9gislatives_de_2024_dans_l%27Eure,57310.0,55308.0,97.36,94.16,1170,2647.0,1.99,4.51,383.0,784.0,0.65,1.33,58863,58739.0,100.0,100.0,26772,26914.0,31.26,31.42,85635,85653.0,68.74,68.58,2
27-2704,27,Eure,2704,4ème circonscription,Philippe Brun,philippe brun,PS (NFP),UG,Autre NFP,Autre NFP,21144.0,34.27,31914.0,52.83,https://fr.wikipedia.org/wiki/%C3%89lections_l%C3%A9gislatives_de_2024_dans_l%27Eure,61698.0,60409.0,97.76,95.01,1065,2516.0,1.69,3.96,349.0,654.0,0.55,1.03,63112,63579.0,100.0,100.0,30390,29909.0,32.5,31.99,93502,93488.0,67.5,68.01,1
27-2704,27,Eure,2704,4ème circonscription,Patrice Pauper,patrice pauper,RN,RN,Rassemblement national,Rassemblement national,25691.0,41.64,28495.0,47.17,https://fr.wikipedia.org/wiki/%C3%89lections_l%C3%A9gislatives_de_2024_dans_l%27Eure,61698.0,60409.0,97.76,95.01,1065,2516.0,1.69,3.96,349.0,654.0,0.55,1.03,63112,63579.0,100.0,100.0,30390,29909.0,32.5,31.99,93502,93488.0,67.5,68.01,2
27-2705,27,Eure,2705,5ème circonscription,Timothée Houssin,timothee houssin,RN,RN,Rassemblement national,Rassemblement national,26603.0,45.26,29338.0,51.14,https://fr.wikipedia.org/wiki/%C3%89lections_l%C3%A9gislatives_de_2024_dans_l%27Eure,58776.0,57371.0,97.65,95.39,1060,2145.0,1.76,3.57,357.0,625.0,0.59,1.04,60193,60141.0,100.0,100.0,29617,29685.0,32.98,33.05,89810,89826.0,67.02,66.95,1
27-2705,27,Eure,2705,5ème circonscription,Frédéric Duché,frederic duche,HOR (ENS),ENS,Ensemble,Ensemble,14333.0,24.39,28033.0,48.86,https://fr.wikipedia.org/wiki/%C3%89lections_l%C3%A9gislatives_de_2024_dans_l%27Eure,58776.0,57371.0,97.65,95.39,1060,2145.0,1.76,3.57,357.0,625.0,0.59,1.04,60193,60141.0,100.0,100.0,29617,29685.0,32.98,33.05,89810,89826.0,67.02,66.95,2
28-2801,28,Eure-et-Loir,2801,1ère circonscription,Annaïg Le Meur,annaig le meur,RE (ENS),ENS,Ensemble,Ensemble,22422.0,33.0,27066.0,39.7,https://fr.wikipedia.org/wiki/%C3%89lections_l%C3%A9gislatives_de_2024_dans_le_Finist%C3%A8re,67938.0,68177.0,97.63,97.3,1156,1347.0,1.66,1.92,495.0,545.0,0.71,0.78,69589,70069.0,100.0,100.0,22747,22280.0,24.64,24.13,92336,92349.0,75.36,75.87,1
28-2801,28,Eure-et-Loir,2801,1ère circonscription,Grégory Lebert,gregory lebert,LÉ (NFP),UG,Autre NFP,Autre NFP,22303.0,32.83,24096.0,35.34,https://fr.wikipedia.org/wiki/%C3%89lections_l%C3%A9gislatives_de_2024_dans_le_Finist%C3%A8re,67938.0,68177.0,97.63,97.3,1156,1347.0,1.66,1.92,495.0,545.0,0.71,0.78,69589,70069.0,100.0,100.0,22747,22280.0,24.64,24.13,92336,92349.0,75.36,75.87,2
28-2801,28,Eure-et-Loir,2801,1ère circonscription,Christel Hénaff,christel henaff,RN,RN,Rassemblement national,Rassemblement national,16083.0,23.67,17015.0,24.96,https://fr.wikipedia.org/wiki/%C3%89lections_l%C3%A9gislatives_de_2024_dans_le_Finist%C3%A8re,67938.0,68177.0,97.63,97.3,1156,1347.0,1.66,1.92,495.0,545.0,0.71,0.78,69589,70069.0,100.0,100.0,22747,22280.0,24.64,24.13,92336,92349.0,75.36,75.87,3
28-2802,28,Eure-et-Loir,2802,2ème circonscription,Pierre-Yves Cadalen,pierre yves cadalen,LFI (NFP),UG,LFI / NFP,LFI / NFP,18850.0,35.28,22110.0,41.01,https://fr.wikipedia.org/wiki/%C3%89lections_l%C3%A9gislatives_de_2024_dans_le_Finist%C3%A8re,53426.0,53916.0,97.93,97.91,1075,1105.0,1.97,2.01,56.0,45.0,10.0,8.0,54557,55066.0,100.0,100.0,23609,23119.0,30.2,29.57,78166,78185.0,69.8,70.43,1
28-2802,28,Eure-et-Loir,2802,2ème circonscription,Jean-Charles Larsonneur[18],jean charles larsonneur 18,AC (LC),DVC,Divers centre,Divers centre,9874.0,18.48,19239.0,35.68,https://fr.wikipedia.org/wiki/%C3%89lections_l%C3%A9gislatives_de_2024_dans_le_Finist%C3%A8re,53426.0,53916.0,97.93,97.91,1075,1105.0,1.97,2.01,56.0,45.0,10.0,8.0,54557,55066.0,100.0,100.0,23609,23119.0,30.2,29.57,78166,78185.0,69.8,70.43,2
28-2802,28,Eure-et-Loir,2802,2ème circonscription,Denis Kervella,denis kervella,RN,RN,Rassemblement national,Rassemblement national,12065.0,22.58,12567.0,23.31,https://fr.wikipedia.org/wiki/%C3%89lections_l%C3%A9gislatives_de_2024_dans_le_Finist%C3%A8re,53426.0,53916.0,97.93,97.91,1075,1105.0,1.97,2.01,56.0,45.0,10.0,8.0,54557,55066.0,100.0,100.0,23609,23119.0,30.2,29.57,78166,78185.0,69.8,70.43,3
28-2803,28,Eure-et-Loir,2803,3ème circonscription,Didier Le Gac,didier le gac,RE (ENS),ENS,Ensemble,Ensemble,26139.0,38.92,44449.0,69.13,https://fr.wikipedia.org/wiki/%C3%89lections_l%C3%A9gislatives_de_2024_dans_le_Finist%C3%A8re,67160.0,64297.0,97.3,94.14,1505,3520.0,2.18,5.15,358.0,480.0,0.52,0.7,69023,68297.0,100.0,100.0,24830,25571.0,26.46,27.24,93853,93868.0,73.54,72.76,1
28-2803,28,Eure-et-Loir,2803,3ème circonscription,Martine Donval,martine donval,RN,RN,Rassemblement national,Rassemblement national,18627.0,27.74,19848.0,30.87,https://fr.wikipedia.org/wiki/%C3%89lections_l%C3%A9gislatives_de_2024_dans_le_Finist%C3%A8re,67160.0,64297.0,97.3,94.14,1505,3520.0,2.18,5.15,358.0,480.0,0.52,0.7,69023,68297.0,100.0,100.0,24830,25571.0,26.46,27.24,93853,93868.0,73.54,72.76,2
28-2804,28,Eure-et-Loir,2804,4ème circonscription,Sandrine Le Feur,sandrine le feur,RE (ENS),ENS,Ensemble,Ensemble,18586.0,30.63,24048.0,39.4,https://fr.wikipedia.org/wiki/%C3%89lections_l%C3%A9gislatives_de_2024_dans_le_Finist%C3%A8re,60680.0,61030.0,97.86,97.45,963,1257.0,1.55,2.01,365.0,341.0,0.59,0.54,62008,62628.0,100.0,100.0,22356,21735.0,26.5,25.76,84364,84363.0,73.5,74.24,1
28-2804,28,Eure-et-Loir,2804,4ème circonscription,Sylvaine Vulpiani,sylvaine vulpiani,G.s (NFP),UG,Autre NFP,Autre NFP,18765.0,30.92,20490.0,33.57,https://fr.wikipedia.org/wiki/%C3%89lections_l%C3%A9gislatives_de_2024_dans_le_Finist%C3%A8re,60680.0,61030.0,97.86,97.45,963,1257.0,1.55,2.01,365.0,341.0,0.59,0.54,62008,62628.0,100.0,100.0,22356,21735.0,26.5,25.76,84364,84363.0,73.5,74.24,2
28-2804,28,Eure-et-Loir,2804,4ème circonscription,Tony Bihouée,tony bihouee,RN,RN,Rassemblement national,Rassemblement national,15690.0,25.86,16492.0,27.02,https://fr.wikipedia.org/wiki/%C3%89lections_l%C3%A9gislatives_de_2024_dans_le_Finist%C3%A8re,60680.0,61030.0,97.86,97.45,963,1257.0,1.55,2.01,365.0,341.0,0.59,0.54,62008,62628.0,100.0,100.0,22356,21735.0,26.5,25.76,84364,84363.0,73.5,74.24,3
28-2805,28,Eure-et-Loir,2805,5ème circonscription,Graziella Melchior,graziella melchior,RE (ENS),ENS,Ensemble,Ensemble,21567.0,30.3,46270.0,68.07,https://fr.wikipedia.org/wiki/%C3%89lections_l%C3%A9gislatives_de_2024_dans_le_Finist%C3%A8re,71168.0,67974.0,97.86,94.09,1119,3291.0,1.54,4.56,437.0,982.0,0.6,1.36,72724,72247.0,100.0,100.0,26029,26524.0,26.36,26.85,98753,98771.0,73.64,73.15,1
28-2805,28,Eure-et-Loir,2805,5ème circonscription,Renée Thomaïdis,renee thomaidis,RN,RN,Rassemblement national,Rassemblement national,18884.0,26.53,21704.0,31.93,https://fr.wikipedia.org/wiki/%C3%89lections_l%C3%A9gislatives_de_2024_dans_le_Finist%C3%A8re,71168.0,67974.0,97.86,94.09,1119,3291.0,1.54,4.56,437.0,982.0,0.6,1.36,72724,72247.0,100.0,100.0,26029,26524.0,26.36,26.85,98753,98771.0,73.64,73.15,2
28-2806,28,Eure-et-Loir,2806,6ème circonscription,Mélanie Thomin,melanie thomin,PS (NFP),UG,Autre NFP,Autre NFP,24664.0,37.88,38392.0,62.43,https://fr.wikipedia.org/wiki/%C3%89lections_l%C3%A9gislatives_de_2024_dans_le_Finist%C3%A8re,65116.0,61498.0,97.29,92.17,1294,3966.0,1.93,5.94,521.0,1257.0,0.78,1.88,66931,66721.0,100.0,100.0,24603,24815.0,26.88,27.11,91534,91536.0,73.12,72.89,1
28-2806,28,Eure-et-Loir,2806,6ème circonscription,Patrick Le Fur,patrick le fur,RN,RN,Rassemblement national,Rassemblement national,19671.0,30.21,23106.0,37.57,https://fr.wikipedia.org/wiki/%C3%89lections_l%C3%A9gislatives_de_2024_dans_le_Finist%C3%A8re,65116.0,61498.0,97.29,92.17,1294,3966.0,1.93,5.94,521.0,1257.0,0.78,1.88,66931,66721.0,100.0,100.0,24603,24815.0,26.88,27.11,91534,91536.0,73.12,72.89,2
28-2807,28,Eure-et-Loir,2807,7ème circonscription,Liliana Tanguy,liliana tanguy,RE (ENS),ENS,Ensemble,Ensemble,18709.0,30.66,23310.0,37.94,https://fr.wikipedia.org/wiki/%C3%89lections_l%C3%A9gislatives_de_2024_dans_le_Finist%C3%A8re,61026.0,61435.0,97.52,96.91,1032,1379.0,1.65,2.18,521.0,577.0,0.83,0.91,62579,63391.0,100.0,100.0,21105,20285.0,25.22,24.24,83684,83676.0,74.78,75.76,1
28-2807,28,Eure-et-Loir,2807,7ème circonscription,Jugdeep Harvinder,jugdeep harvinder,LFI (NFP),UG,LFI / NFP,LFI / NFP,18952.0,31.06,21041.0,34.25,https://fr.wikipedia.org/wiki/%C3%89lections_l%C3%A9gislatives_de_2024_dans_le_Finist%C3%A8re,61026.0,61435.0,97.52,96.91,1032,1379.0,1.65,2.18,521.0,577.0,0.83,0.91,62579,63391.0,100.0,100.0,21105,20285.0,25.22,24.24,83684,83676.0,74.78,75.76,2
28-2807,28,Eure-et-Loir,2807,7ème circonscription,Annick Alanou,annick alanou,RN,RN,Rassemblement national,Rassemblement national,15927.0,26.1,17084.0,27.81,https://fr.wikipedia.org/wiki/%C3%89lections_l%C3%A9gislatives_de_2024_dans_le_Finist%C3%A8re,61026.0,61435.0,97.52,96.91,1032,1379.0,1.65,2.18,521.0,577.0,0.83,0.91,62579,63391.0,100.0,100.0,21105,20285.0,25.22,24.24,83684,83676.0,74.78,75.76,3
28-2808,28,Eure-et-Loir,2808,8ème circonscription,Erwan Balanant,erwan balanant,MoDem (ENS),ENS,Ensemble,Ensemble,18031.0,27.76,40112.0,64.61,https://fr.wikipedia.org/wiki/%C3%89lections_l%C3%A9gislatives_de_2024_dans_le_Finist%C3%A8re,64942.0,62086.0,97.48,93.78,1139,2966.0,1.71,4.48,542.0,1150.0,0.81,1.74,66623,66202.0,100.0,100.0,25116,25547.0,27.38,27.84,91739,91749.0,72.62,72.16,1
28-2808,28,Eure-et-Loir,2808,8ème circonscription,Christian Perez,christian perez,RN,RN,Rassemblement national,Rassemblement national,20003.0,30.8,21974.0,35.39,https://fr.wikipedia.org/wiki/%C3%89lections_l%C3%A9gislatives_de_2024_dans_le_Finist%C3%A8re,64942.0,62086.0,97.48,93.78,1139,2966.0,1.71,4.48,542.0,1150.0,0.81,1.74,66623,66202.0,100.0,100.0,25116,25547.0,27.38,27.84,91739,91749.0,72.62,72.16,2
29-2901,29,Finistère,2901,1ère circonscription,Annaïg Le Meur,annaig le meur,RE (ENS),ENS,Ensemble,Ensemble,22422.0,33.0,27066.0,39.7,https://fr.wikipedia.org/wiki/%C3%89lections_l%C3%A9gislatives_de_2024_dans_le_Finist%C3%A8re,67938.0,68177.0,97.63,97.3,1156,1347.0,1.66,1.92,495.0,545.0,0.71,0.78,69589,70069.0,100.0,100.0,22747,22280.0,24.64,24.13,92336,92349.0,75.36,75.87,1
29-2901,29,Finistère,2901,1ère circonscription,Grégory Lebert,gregory lebert,LÉ (NFP),UG,Autre NFP,Autre NFP,22303.0,32.83,24096.0,35.34,https://fr.wikipedia.org/wiki/%C3%89lections_l%C3%A9gislatives_de_2024_dans_le_Finist%C3%A8re,67938.0,68177.0,97.63,97.3,1156,1347.0,1.66,1.92,495.0,545.0,0.71,0.78,69589,70069.0,100.0,100.0,22747,22280.0,24.64,24.13,92336,92349.0,75.36,75.87,2
29-2901,29,Finistère,2901,1ère circonscription,Christel Hénaff,christel henaff,RN,RN,Rassemblement national,Rassemblement national,16083.0,23.67,17015.0,24.96,https://fr.wikipedia.org/wiki/%C3%89lections_l%C3%A9gislatives_de_2024_dans_le_Finist%C3%A8re,67938.0,68177.0,97.63,97.3,1156,1347.0,1.66,1.92,495.0,545.0,0.71,0.78,69589,70069.0,100.0,100.0,22747,22280.0,24.64,24.13,92336,92349.0,75.36,75.87,3
29-2902,29,Finistère,2902,2ème circonscription,Pierre-Yves Cadalen,pierre yves cadalen,LFI (NFP),UG,LFI / NFP,LFI / NFP,18850.0,35.28,22110.0,41.01,https://fr.wikipedia.org/wiki/%C3%89lections_l%C3%A9gislatives_de_2024_dans_le_Finist%C3%A8re,53426.0,53916.0,97.93,97.91,1075,1105.0,1.97,2.01,56.0,45.0,10.0,8.0,54557,55066.0,100.0,100.0,23609,23119.0,30.2,29.57,78166,78185.0,69.8,70.43,1
29-2902,29,Finistère,2902,2ème circonscription,Jean-Charles Larsonneur[18],jean charles larsonneur 18,AC (LC),DVC,Divers centre,Divers centre,9874.0,18.48,19239.0,35.68,https://fr.wikipedia.org/wiki/%C3%89lections_l%C3%A9gislatives_de_2024_dans_le_Finist%C3%A8re,53426.0,53916.0,97.93,97.91,1075,1105.0,1.97,2.01,56.0,45.0,10.0,8.0,54557,55066.0,100.0,100.0,23609,23119.0,30.2,29.57,78166,78185.0,69.8,70.43,2
29-2902,29,Finistère,2902,2ème circonscription,Denis Kervella,denis kervella,RN,RN,Rassemblement national,Rassemblement national,12065.0,22.58,12567.0,23.31,https://fr.wikipedia.org/wiki/%C3%89lections_l%C3%A9gislatives_de_2024_dans_le_Finist%C3%A8re,53426.0,53916.0,97.93,97.91,1075,1105.0,1.97,2.01,56.0,45.0,10.0,8.0,54557,55066.0,100.0,100.0,23609,23119.0,30.2,29.57,78166,78185.0,69.8,70.43,3
29-2903,29,Finistère,2903,3ème circonscription,Didier Le Gac,didier le gac,RE (ENS),ENS,Ensemble,Ensemble,26139.0,38.92,44449.0,69.13,https://fr.wikipedia.org/wiki/%C3%89lections_l%C3%A9gislatives_de_2024_dans_le_Finist%C3%A8re,67160.0,64297.0,97.3,94.14,1505,3520.0,2.18,5.15,358.0,480.0,0.52,0.7,69023,68297.0,100.0,100.0,24830,25571.0,26.46,27.24,93853,93868.0,73.54,72.76,1
29-2903,29,Finistère,2903,3ème circonscription,Martine Donval,martine donval,RN,RN,Rassemblement national,Rassemblement national,18627.0,27.74,19848.0,30.87,https://fr.wikipedia.org/wiki/%C3%89lections_l%C3%A9gislatives_de_2024_dans_le_Finist%C3%A8re,67160.0,64297.0,97.3,94.14,1505,3520.0,2.18,5.15,358.0,480.0,0.52,0.7,69023,68297.0,100.0,100.0,24830,25571.0,26.46,27.24,93853,93868.0,73.54,72.76,2
29-2904,29,Finistère,2904,4ème circonscription,Sandrine Le Feur,sandrine le feur,RE (ENS),ENS,Ensemble,Ensemble,18586.0,30.63,24048.0,39.4,https://fr.wikipedia.org/wiki/%C3%89lections_l%C3%A9gislatives_de_2024_dans_le_Finist%C3%A8re,60680.0,61030.0,97.86,97.45,963,1257.0,1.55,2.01,365.0,341.0,0.59,0.54,62008,62628.0,100.0,100.0,22356,21735.0,26.5,25.76,84364,84363.0,73.5,74.24,1
29-2904,29,Finistère,2904,4ème circonscription,Sylvaine Vulpiani,sylvaine vulpiani,G.s (NFP),UG,Autre NFP,Autre NFP,18765.0,30.92,20490.0,33.57,https://fr.wikipedia.org/wiki/%C3%89lections_l%C3%A9gislatives_de_2024_dans_le_Finist%C3%A8re,60680.0,61030.0,97.86,97.45,963,1257.0,1.55,2.01,365.0,341.0,0.59,0.54,62008,62628.0,100.0,100.0,22356,21735.0,26.5,25.76,84364,84363.0,73.5,74.24,2
29-2904,29,Finistère,2904,4ème circonscription,Tony Bihouée,tony bihouee,RN,RN,Rassemblement national,Rassemblement national,15690.0,25.86,16492.0,27.02,https://fr.wikipedia.org/wiki/%C3%89lections_l%C3%A9gislatives_de_2024_dans_le_Finist%C3%A8re,60680.0,61030.0,97.86,97.45,963,1257.0,1.55,2.01,365.0,341.0,0.59,0.54,62008,62628.0,100.0,100.0,22356,21735.0,26.5,25.76,84364,84363.0,73.5,74.24,3
29-2905,29,Finistère,2905,5ème circonscription,Graziella Melchior,graziella melchior,RE (ENS),ENS,Ensemble,Ensemble,21567.0,30.3,46270.0,68.07,https://fr.wikipedia.org/wiki/%C3%89lections_l%C3%A9gislatives_de_2024_dans_le_Finist%C3%A8re,71168.0,67974.0,97.86,94.09,1119,3291.0,1.54,4.56,437.0,982.0,0.6,1.36,72724,72247.0,100.0,100.0,26029,26524.0,26.36,26.85,98753,98771.0,73.64,73.15,1
29-2905,29,Finistère,2905,5ème circonscription,Renée Thomaïdis,renee thomaidis,RN,RN,Rassemblement national,Rassemblement national,18884.0,26.53,21704.0,31.93,https://fr.wikipedia.org/wiki/%C3%89lections_l%C3%A9gislatives_de_2024_dans_le_Finist%C3%A8re,71168.0,67974.0,97.86,94.09,1119,3291.0,1.54,4.56,437.0,982.0,0.6,1.36,72724,72247.0,100.0,100.0,26029,26524.0,26.36,26.85,98753,98771.0,73.64,73.15,2
29-2906,29,Finistère,2906,6ème circonscription,Mélanie Thomin,melanie thomin,PS (NFP),UG,Autre NFP,Autre NFP,24664.0,37.88,38392.0,62.43,https://fr.wikipedia.org/wiki/%C3%89lections_l%C3%A9gislatives_de_2024_dans_le_Finist%C3%A8re,65116.0,61498.0,97.29,92.17,1294,3966.0,1.93,5.94,521.0,1257.0,0.78,1.88,66931,66721.0,100.0,100.0,24603,24815.0,26.88,27.11,91534,91536.0,73.12,72.89,1
29-2906,29,Finistère,2906,6ème circonscription,Patrick Le Fur,patrick le fur,RN,RN,Rassemblement national,Rassemblement national,19671.0,30.21,23106.0,37.57,https://fr.wikipedia.org/wiki/%C3%89lections_l%C3%A9gislatives_de_2024_dans_le_Finist%C3%A8re,65116.0,61498.0,97.29,92.17,1294,3966.0,1.93,5.94,521.0,1257.0,0.78,1.88,66931,66721.0,100.0,100.0,24603,24815.0,26.88,27.11,91534,91536.0,73.12,72.89,2
29-2907,29,Finistère,2907,7ème circonscription,Liliana Tanguy,liliana tanguy,RE (ENS),ENS,Ensemble,Ensemble,18709.0,30.66,23310.0,37.94,https://fr.wikipedia.org/wiki/%C3%89lections_l%C3%A9gislatives_de_2024_dans_le_Finist%C3%A8re,61026.0,61435.0,97.52,96.91,1032,1379.0,1.65,2.18,521.0,577.0,0.83,0.91,62579,63391.0,100.0,100.0,21105,20285.0,25.22,24.24,83684,83676.0,74.78,75.76,1
29-2907,29,Finistère,2907,7ème circonscription,Jugdeep Harvinder,jugdeep harvinder,LFI (NFP),UG,LFI / NFP,LFI / NFP,18952.0,31.06,21041.0,34.25,https://fr.wikipedia.org/wiki/%C3%89lections_l%C3%A9gislatives_de_2024_dans_le_Finist%C3%A8re,61026.0,61435.0,97.52,96.91,1032,1379.0,1.65,2.18,521.0,577.0,0.83,0.91,62579,63391.0,100.0,100.0,21105,20285.0,25.22,24.24,83684,83676.0,74.78,75.76,2
29-2907,29,Finistère,2907,7ème circonscription,Annick Alanou,annick alanou,RN,RN,Rassemblement national,Rassemblement national,15927.0,26.1,17084.0,27.81,https://fr.wikipedia.org/wiki/%C3%89lections_l%C3%A9gislatives_de_2024_dans_le_Finist%C3%A8re,61026.0,61435.0,97.52,96.91,1032,1379.0,1.65,2.18,521.0,577.0,0.83,0.91,62579,63391.0,100.0,100.0,21105,20285.0,25.22,24.24,83684,83676.0,74.78,75.76,3
29-2908,29,Finistère,2908,8ème circonscription,Erwan Balanant,erwan balanant,MoDem (ENS),ENS,Ensemble,Ensemble,18031.0,27.76,40112.0,64.61,https://fr.wikipedia.org/wiki/%C3%89lections_l%C3%A9gislatives_de_2024_dans_le_Finist%C3%A8re,64942.0,62086.0,97.48,93.78,1139,2966.0,1.71,4.48,542.0,1150.0,0.81,1.74,66623,66202.0,100.0,100.0,25116,25547.0,27.38,27.84,91739,91749.0,72.62,72.16,1
29-2908,29,Finistère,2908,8ème circonscription,Christian Perez,christian perez,RN,RN,Rassemblement national,Rassemblement national,20003.0,30.8,21974.0,35.39,https://fr.wikipedia.org/wiki/%C3%89lections_l%C3%A9gislatives_de_2024_dans_le_Finist%C3%A8re,64942.0,62086.0,97.48,93.78,1139,2966.0,1.71,4.48,542.0,1150.0,0.81,1.74,66623,66202.0,100.0,100.0,25116,25547.0,27.38,27.84,91739,91749.0,72.62,72.16,2
30-3001,30,Gard,3001,1ère circonscription,Suffrages exprimés,suffrages exprimes,Suffrages exprimés,SUFFRAGES EXPRIMÉS,SUFFRAGES EXPRIMÉS,SUFFRAGES EXPRIMÉS,56698.0,97.87,52115.0,90.74,https://fr.wikipedia.org/wiki/%C3%89lections_l%C3%A9gislatives_de_2024_dans_le_Gard,,,,,870,4021.0,1.5,7.0,364.0,1299.0,0.63,2.26,57932,57435.0,100.0,100.0,32430,32960.0,35.89,36.46,90362,90395.0,64.11,63.54,1
30-3001,30,Gard,3001,1ère circonscription,Yoann Gillet,yoann gillet,RN,RN,Rassemblement national,Rassemblement national,24894.0,43.91,28259.0,54.22,https://fr.wikipedia.org/wiki/%C3%89lections_l%C3%A9gislatives_de_2024_dans_le_Gard,,,,,870,4021.0,1.5,7.0,364.0,1299.0,0.63,2.26,57932,57435.0,100.0,100.0,32430,32960.0,35.89,36.46,90362,90395.0,64.11,63.54,2
30-3001,30,Gard,3001,1ère circonscription,Charles Ménard,charles menard,LFI (NFP),UG,LFI / NFP,LFI / NFP,16747.0,29.54,23856.0,45.78,https://fr.wikipedia.org/wiki/%C3%89lections_l%C3%A9gislatives_de_2024_dans_le_Gard,,,,,870,4021.0,1.5,7.0,364.0,1299.0,0.63,2.26,57932,57435.0,100.0,100.0,32430,32960.0,35.89,36.46,90362,90395.0,64.11,63.54,3
30-3002,30,Gard,3002,2ème circonscription,Suffrages exprimés,suffrages exprimes,Suffrages exprimés,SUFFRAGES EXPRIMÉS,SUFFRAGES EXPRIMÉS,SUFFRAGES EXPRIMÉS,66265.0,97.39,60818.0,90.27,https://fr.wikipedia.org/wiki/%C3%89lections_l%C3%A9gislatives_de_2024_dans_le_Gard,,,,,1280,5078.0,1.88,7.54,497.0,1476.0,0.73,2.19,68042,67372.0,100.0,100.0,27884,28601.0,29.07,29.8,95926,95973.0,70.93,70.2,1
30-3002,30,Gard,3002,2ème circonscription,Pascale Bordes,pascale bordes,RN,RN,Rassemblement national,Rassemblement national,31465.0,47.48,35685.0,58.68,https://fr.wikipedia.org/wiki/%C3%89lections_l%C3%A9gislatives_de_2024_dans_le_Gard,,,,,1280,5078.0,1.88,7.54,497.0,1476.0,0.73,2.19,68042,67372.0,100.0,100.0,27884,28601.0,29.07,29.8,95926,95973.0,70.93,70.2,2
30-3002,30,Gard,3002,2ème circonscription,Sabine Oromi,sabine oromi,PCF (NFP),UG,PCF / NFP,PCF / NFP,15246.0,23.01,25133.0,41.32,https://fr.wikipedia.org/wiki/%C3%89lections_l%C3%A9gislatives_de_2024_dans_le_Gard,,,,,1280,5078.0,1.88,7.54,497.0,1476.0,0.73,2.19,68042,67372.0,100.0,100.0,27884,28601.0,29.07,29.8,95926,95973.0,70.93,70.2,3
30-3003,30,Gard,3003,3ème circonscription,Suffrages exprimés,suffrages exprimes,Suffrages exprimés,SUFFRAGES EXPRIMÉS,SUFFRAGES EXPRIMÉS,SUFFRAGES EXPRIMÉS,64421.0,97.3,60976.0,92.18,https://fr.wikipedia.org/wiki/%C3%89lections_l%C3%A9gislatives_de_2024_dans_le_Gard,,,,,1230,3835.0,1.86,5.8,555.0,1340.0,0.84,2.03,66206,66151.0,100.0,100.0,28841,28894.0,30.34,30.4,95047,95045.0,69.66,69.6,1
30-3003,30,Gard,3003,3ème circonscription,Pierre Meurin,pierre meurin,RN,RN,Rassemblement national,Rassemblement national,31366.0,48.69,35144.0,57.64,https://fr.wikipedia.org/wiki/%C3%89lections_l%C3%A9gislatives_de_2024_dans_le_Gard,,,,,1230,3835.0,1.86,5.8,555.0,1340.0,0.84,2.03,66206,66151.0,100.0,100.0,28841,28894.0,30.34,30.4,95047,95045.0,69.66,69.6,2
30-3003,30,Gard,3003,3ème circonscription,Arnaud Bord,arnaud bord,PS (NFP),UG,Autre NFP,Autre NFP,17639.0,27.38,25832.0,42.36,https://fr.wikipedia.org/wiki/%C3%89lections_l%C3%A9gislatives_de_2024_dans_le_Gard,,,,,1230,3835.0,1.86,5.8,555.0,1340.0,0.84,2.03,66206,66151.0,100.0,100.0,28841,28894.0,30.34,30.4,95047,95045.0,69.66,69.6,3
30-3004,30,Gard,3004,4ème circonscription,Suffrages exprimés,suffrages exprimes,Suffrages exprimés,SUFFRAGES EXPRIMÉS,SUFFRAGES EXPRIMÉS,SUFFRAGES EXPRIMÉS,67305.0,96.7,63264.0,91.17,https://fr.wikipedia.org/wiki/%C3%89lections_l%C3%A9gislatives_de_2024_dans_le_Gard,,,,,1590,4473.0,2.28,6.45,705.0,1654.0,1.01,2.38,69600,69391.0,100.0,100.0,29371,29572.0,29.68,29.88,98971,98963.0,70.32,70.12,1
30-3004,30,Gard,3004,4ème circonscription,Alexandre Allegret-Pilot,alexandre allegret pilot,RÀD (RN),UXD,Union de l'extrême droite,Union de l'extrême droite,27602.0,41.01,32629.0,51.58,https://fr.wikipedia.org/wiki/%C3%89lections_l%C3%A9gislatives_de_2024_dans_le_Gard,,,,,1590,4473.0,2.28,6.45,705.0,1654.0,1.01,2.38,69600,69391.0,100.0,100.0,29371,29572.0,29.68,29.88,98971,98963.0,70.32,70.12,2
30-3004,30,Gard,3004,4ème circonscription,Michel Sala[32],michel sala 32,LFI - GES (NFP),UG,LFI / NFP,LFI / NFP,22228.0,33.03,30635.0,48.42,https://fr.wikipedia.org/wiki/%C3%89lections_l%C3%A9gislatives_de_2024_dans_le_Gard,,,,,1590,4473.0,2.28,6.45,705.0,1654.0,1.01,2.38,69600,69391.0,100.0,100.0,29371,29572.0,29.68,29.88,98971,98963.0,70.32,70.12,3
30-3005,30,Gard,3005,5ème circonscription,Suffrages exprimés,suffrages exprimes,Suffrages exprimés,SUFFRAGES EXPRIMÉS,SUFFRAGES EXPRIMÉS,SUFFRAGES EXPRIMÉS,55584.0,98.02,52219.0,92.39,https://fr.wikipedia.org/wiki/%C3%89lections_l%C3%A9gislatives_de_2024_dans_le_Gard,,,,,797,3232.0,1.41,5.72,327.0,1070.0,0.58,1.89,56708,56521.0,100.0,100.0,28865,29071.0,33.73,33.96,85573,85592.0,66.27,66.04,1
30-3005,30,Gard,3005,5ème circonscription,Sylvie Josserand,sylvie josserand,RN,RN,Rassemblement national,Rassemblement national,23382.0,42.07,26838.0,51.4,https://fr.wikipedia.org/wiki/%C3%89lections_l%C3%A9gislatives_de_2024_dans_le_Gard,,,,,797,3232.0,1.41,5.72,327.0,1070.0,0.58,1.89,56708,56521.0,100.0,100.0,28865,29071.0,33.73,33.96,85573,85592.0,66.27,66.04,2
30-3005,30,Gard,3005,5ème circonscription,Nicolas Cadène,nicolas cadene,LÉ (NFP),UG,Autre NFP,Autre NFP,15992.0,28.77,25381.0,48.6,https://fr.wikipedia.org/wiki/%C3%89lections_l%C3%A9gislatives_de_2024_dans_le_Gard,,,,,797,3232.0,1.41,5.72,327.0,1070.0,0.58,1.89,56708,56521.0,100.0,100.0,28865,29071.0,33.73,33.96,85573,85592.0,66.27,66.04,3
31-3101,31,Haute-Garonne,3101,1ère circonscription,Hadrien Clouet,hadrien clouet,LFI (NFP),UG,LFI / NFP,LFI / NFP,26985.0,45.52,29059.0,49.97,https://fr.wikipedia.org/wiki/%C3%89lections_l%C3%A9gislatives_de_2024_dans_la_Haute-Garonne,59277.0,58154.0,97.22,97.37,1173,1131.0,1.92,1.89,521.0,441.0,0.85,0.74,60971,59726.0,100.0,100.0,24260,25509.0,28.46,29.93,85231,85235.0,71.54,70.07,1
31-3101,31,Haute-Garonne,3101,1ère circonscription,"Élodie Hobet[23],[24]",elodie hobet 23 24,RE (ENS),ENS,Ensemble,Ensemble,16063.0,27.1,15842.0,27.24,https://fr.wikipedia.org/wiki/%C3%89lections_l%C3%A9gislatives_de_2024_dans_la_Haute-Garonne,59277.0,58154.0,97.22,97.37,1173,1131.0,1.92,1.89,521.0,441.0,0.85,0.74,60971,59726.0,100.0,100.0,24260,25509.0,28.46,29.93,85231,85235.0,71.54,70.07,2
31-3101,31,Haute-Garonne,3101,1ère circonscription,Lola Chambelin,lola chambelin,RN,RN,Rassemblement national,Rassemblement national,12636.0,21.32,13253.0,22.79,https://fr.wikipedia.org/wiki/%C3%89lections_l%C3%A9gislatives_de_2024_dans_la_Haute-Garonne,59277.0,58154.0,97.22,97.37,1173,1131.0,1.92,1.89,521.0,441.0,0.85,0.74,60971,59726.0,100.0,100.0,24260,25509.0,28.46,29.93,85231,85235.0,71.54,70.07,3
31-3102,31,Haute-Garonne,3102,2ème circonscription,Anne Stambach-Terrenoir,anne stambach terrenoir,LFI (NFP),UG,LFI / NFP,LFI / NFP,30402.0,40.53,33063.0,44.41,https://fr.wikipedia.org/wiki/%C3%89lections_l%C3%A9gislatives_de_2024_dans_la_Haute-Garonne,75017.0,74457.0,97.17,97.43,1540,1440.0,1.99,1.88,644.0,524.0,0.83,0.69,77201,76421.0,100.0,100.0,29396,30197.0,27.58,28.32,106597,106618.0,72.42,71.68,1
31-3102,31,Haute-Garonne,3102,2ème circonscription,Jean-Luc Lagleize,jean luc lagleize,MoDem (ENS),ENS,Ensemble,Ensemble,20934.0,27.91,20819.0,27.96,https://fr.wikipedia.org/wiki/%C3%89lections_l%C3%A9gislatives_de_2024_dans_la_Haute-Garonne,75017.0,74457.0,97.17,97.43,1540,1440.0,1.99,1.88,644.0,524.0,0.83,0.69,77201,76421.0,100.0,100.0,29396,30197.0,27.58,28.32,106597,106618.0,72.42,71.68,2
31-3102,31,Haute-Garonne,3102,2ème circonscription,Frank Khalifa,frank khalifa,RN,RN,Rassemblement national,Rassemblement national,19815.0,26.41,20575.0,27.63,https://fr.wikipedia.org/wiki/%C3%89lections_l%C3%A9gislatives_de_2024_dans_la_Haute-Garonne,75017.0,74457.0,97.17,97.43,1540,1440.0,1.99,1.88,644.0,524.0,0.83,0.69,77201,76421.0,100.0,100.0,29396,30197.0,27.58,28.32,106597,106618.0,72.42,71.68,3
31-3103,31,Haute-Garonne,3103,3ème circonscription,Corinne Vignon,corinne vignon,RE (ENS),ENS,Ensemble,Ensemble,20227.0,33.2,23650.0,39.42,https://fr.wikipedia.org/wiki/%C3%89lections_l%C3%A9gislatives_de_2024_dans_la_Haute-Garonne,60920.0,60002.0,98.16,97.76,815,1016.0,1.31,1.66,328.0,358.0,0.53,0.58,62063,61376.0,100.0,100.0,19856,20542.0,24.24,25.08,81919,81918.0,75.76,74.92,1
31-3103,31,Haute-Garonne,3103,3ème circonscription,Agathe Roby[28],agathe roby 28,LFI (NFP),UG,LFI / NFP,LFI / NFP,21064.0,34.58,22986.0,38.31,https://fr.wikipedia.org/wiki/%C3%89lections_l%C3%A9gislatives_de_2024_dans_la_Haute-Garonne,60920.0,60002.0,98.16,97.76,815,1016.0,1.31,1.66,328.0,358.0,0.53,0.58,62063,61376.0,100.0,100.0,19856,20542.0,24.24,25.08,81919,81918.0,75.76,74.92,2
31-3103,31,Haute-Garonne,3103,3ème circonscription,Stéphanie Alarcon,stephanie alarcon,RN,RN,Rassemblement national,Rassemblement national,13022.0,21.38,13366.0,22.28,https://fr.wikipedia.org/wiki/%C3%89lections_l%C3%A9gislatives_de_2024_dans_la_Haute-Garonne,60920.0,60002.0,98.16,97.76,815,1016.0,1.31,1.66,328.0,358.0,0.53,0.58,62063,61376.0,100.0,100.0,19856,20542.0,24.24,25.08,81919,81918.0,75.76,74.92,3
31-3104,31,Haute-Garonne,3104,4ème circonscription,"Jean-François Portarrieu[33],[34]",jean francois portarrieu 33 34,HOR (ENS),ENS,Ensemble,Ensemble,22267.0,29.43,41533.0,56.22,https://fr.wikipedia.org/wiki/%C3%89lections_l%C3%A9gislatives_de_2024_dans_la_Haute-Garonne,75653.0,73871.0,96.67,94.77,1933,2973.0,2.47,3.81,672.0,1105.0,0.86,1.42,78258,77949.0,100.0,100.0,30528,30870.0,28.06,28.37,108786,108819.0,71.94,71.63,1
31-3104,31,Haute-Garonne,3104,4ème circonscription,Julien Leonardelli,julien leonardelli,RN,RN,Rassemblement national,Rassemblement national,29897.0,39.52,32338.0,43.78,https://fr.wikipedia.org/wiki/%C3%89lections_l%C3%A9gislatives_de_2024_dans_la_Haute-Garonne,75653.0,73871.0,96.67,94.77,1933,2973.0,2.47,3.81,672.0,1105.0,0.86,1.42,78258,77949.0,100.0,100.0,30528,30870.0,28.06,28.37,108786,108819.0,71.94,71.63,2
31-3105,31,Haute-Garonne,3105,5ème circonscription,Arnaud Simion,arnaud simion,PS (NFP),UG,Autre NFP,Autre NFP,29031.0,34.03,47670.0,60.4,https://fr.wikipedia.org/wiki/%C3%89lections_l%C3%A9gislatives_de_2024_dans_la_Haute-Garonne,85317.0,78926.0,97.34,91.07,1621,5902.0,1.85,6.81,714.0,1834.0,0.81,2.12,87652,86662.0,100.0,100.0,29722,30733.0,25.32,26.18,117374,117395.0,74.68,73.82,1
31-3105,31,Haute-Garonne,3105,5ème circonscription,Nadine Demange-Fierlej,nadine demange fierlej,RN,RN,Rassemblement national,Rassemblement national,26379.0,30.92,31256.0,39.6,https://fr.wikipedia.org/wiki/%C3%89lections_l%C3%A9gislatives_de_2024_dans_la_Haute-Garonne,85317.0,78926.0,97.34,91.07,1621,5902.0,1.85,6.81,714.0,1834.0,0.81,2.12,87652,86662.0,100.0,100.0,29722,30733.0,25.32,26.18,117374,117395.0,74.68,73.82,2
31-3106,31,Haute-Garonne,3106,6ème circonscription,Christophe Bex,christophe bex,LFI (NFP),UG,LFI / NFP,LFI / NFP,24681.0,33.17,35228.0,50.78,https://fr.wikipedia.org/wiki/%C3%89lections_l%C3%A9gislatives_de_2024_dans_la_Haute-Garonne,74408.0,69373.0,96.49,90.52,1914,5496.0,2.48,7.17,795.0,1766.0,1.03,2.3,77117,76635.0,100.0,100.0,31112,31620.0,28.75,29.21,108229,108255.0,71.25,70.79,1
31-3106,31,Haute-Garonne,3106,6ème circonscription,Gaëtan Inard[40],gaetan inard 40,RÀD (RN),UXD,Union de l'extrême droite,Union de l'extrême droite,30042.0,40.37,34145.0,49.22,https://fr.wikipedia.org/wiki/%C3%89lections_l%C3%A9gislatives_de_2024_dans_la_Haute-Garonne,74408.0,69373.0,96.49,90.52,1914,5496.0,2.48,7.17,795.0,1766.0,1.03,2.3,77117,76635.0,100.0,100.0,31112,31620.0,28.75,29.21,108229,108255.0,71.25,70.79,2
31-3107,31,Haute-Garonne,3107,7ème circonscription,Joël Aviragnet,joel aviragnet,PS (NFP),UG,Autre NFP,Autre NFP,21751.0,36.9,29813.0,51.87,https://fr.wikipedia.org/wiki/%C3%89lections_l%C3%A9gislatives_de_2024_dans_la_Haute-Garonne,58943.0,57478.0,96.67,93.29,1322,2706.0,2.17,4.39,709.0,1428.0,1.16,2.32,60974,61612.0,100.0,100.0,25122,24447.0,29.18,28.41,86096,86059.0,70.82,71.59,1
31-3107,31,Haute-Garonne,3107,7ème circonscription,Loïc Delchard,loic delchard,RN,RN,Rassemblement national,Rassemblement national,23893.0,40.54,27665.0,48.13,https://fr.wikipedia.org/wiki/%C3%89lections_l%C3%A9gislatives_de_2024_dans_la_Haute-Garonne,58943.0,57478.0,96.67,93.29,1322,2706.0,2.17,4.39,709.0,1428.0,1.16,2.32,60974,61612.0,100.0,100.0,25122,24447.0,29.18,28.41,86096,86059.0,70.82,71.59,2
31-3108,31,Haute-Garonne,3108,8ème circonscription,Christine Arrighi,christine arrighi,LÉ (NFP),UG,Autre NFP,Autre NFP,26472.0,47.53,30177.0,54.5,https://fr.wikipedia.org/wiki/%C3%89lections_l%C3%A9gislatives_de_2024_dans_la_Haute-Garonne,55694.0,55369.0,97.39,97.6,1026,979.0,1.79,1.73,469.0,382.0,0.82,0.67,57189,56730.0,100.0,100.0,24179,24648.0,29.72,30.29,81368,81378.0,70.28,69.71,1
31-3108,31,Haute-Garonne,3108,8ème circonscription,Caroline Béout,caroline beout,RN,RN,Rassemblement national,Rassemblement national,13865.0,24.89,14775.0,26.68,https://fr.wikipedia.org/wiki/%C3%89lections_l%C3%A9gislatives_de_2024_dans_la_Haute-Garonne,55694.0,55369.0,97.39,97.6,1026,979.0,1.79,1.73,469.0,382.0,0.82,0.67,57189,56730.0,100.0,100.0,24179,24648.0,29.72,30.29,81368,81378.0,70.28,69.71,2
31-3108,31,Haute-Garonne,3108,8ème circonscription,Florian Delrieu,florian delrieu,RE (ENS),ENS,Ensemble,Ensemble,12451.0,22.36,10417.0,18.81,https://fr.wikipedia.org/wiki/%C3%89lections_l%C3%A9gislatives_de_2024_dans_la_Haute-Garonne,55694.0,55369.0,97.39,97.6,1026,979.0,1.79,1.73,469.0,382.0,0.82,0.67,57189,56730.0,100.0,100.0,24179,24648.0,29.72,30.29,81368,81378.0,70.28,69.71,3
31-3109,31,Haute-Garonne,3109,9ème circonscription,Jacques Oberti,jacques oberti,PS (NFP),UG,Autre NFP,Autre NFP,28631.0,36.24,44932.0,61.07,https://fr.wikipedia.org/wiki/%C3%89lections_l%C3%A9gislatives_de_2024_dans_la_Haute-Garonne,79014.0,73578.0,96.9,91.2,1898,5586.0,2.33,6.92,629.0,1516.0,0.77,1.88,81541,80680.0,100.0,100.0,23611,24489.0,22.45,23.29,105152,105169.0,77.55,76.71,1
31-3109,31,Haute-Garonne,3109,9ème circonscription,Caroline Falgas-Colomina,caroline falgas colomina,RN,RN,Rassemblement national,Rassemblement national,23993.0,30.37,28646.0,38.93,https://fr.wikipedia.org/wiki/%C3%89lections_l%C3%A9gislatives_de_2024_dans_la_Haute-Garonne,79014.0,73578.0,96.9,91.2,1898,5586.0,2.33,6.92,629.0,1516.0,0.77,1.88,81541,80680.0,100.0,100.0,23611,24489.0,22.45,23.29,105152,105169.0,77.55,76.71,2
32-3201,32,Gers,3201,1ère circonscription,Suffrages exprimés,suffrages exprimes,Suffrages exprimés,SUFFRAGES EXPRIMÉS,SUFFRAGES EXPRIMÉS,SUFFRAGES EXPRIMÉS,52009.0,96.03,49905.0,92.29,https://fr.wikipedia.org/wiki/%C3%89lections_l%C3%A9gislatives_de_2024_dans_le_Gers,,,,,1382,2926.0,2.55,5.41,769.0,1244.0,1.42,2.3,54160,54075.0,100.0,100.0,19098,19149.0,26.07,26.15,73258,73224.0,73.93,73.85,1
32-3201,32,Gers,3201,1ère circonscription,Jean-René Cazeneuve,jean rene cazeneuve,RE (ENS),ENS,Ensemble,Ensemble,16072.0,30.9,29185.0,58.48,https://fr.wikipedia.org/wiki/%C3%89lections_l%C3%A9gislatives_de_2024_dans_le_Gers,,,,,1382,2926.0,2.55,5.41,769.0,1244.0,1.42,2.3,54160,54075.0,100.0,100.0,19098,19149.0,26.07,26.15,73258,73224.0,73.93,73.85,2
32-3201,32,Gers,3201,1ère circonscription,Jean-Luc Yelma,jean luc yelma,RN,RN,Rassemblement national,Rassemblement national,18575.0,35.71,20720.0,41.52,https://fr.wikipedia.org/wiki/%C3%89lections_l%C3%A9gislatives_de_2024_dans_le_Gers,,,,,1382,2926.0,2.55,5.41,769.0,1244.0,1.42,2.3,54160,54075.0,100.0,100.0,19098,19149.0,26.07,26.15,73258,73224.0,73.93,73.85,3
32-3202,32,Gers,3202,2ème circonscription,Suffrages exprimés,suffrages exprimes,Suffrages exprimés,SUFFRAGES EXPRIMÉS,SUFFRAGES EXPRIMÉS,SUFFRAGES EXPRIMÉS,52806.0,97.21,52066.0,95.65,https://fr.wikipedia.org/wiki/%C3%89lections_l%C3%A9gislatives_de_2024_dans_le_Gers,,,,,1082,1673.0,1.99,3.07,436.0,697.0,0.8,1.28,54324,54436.0,100.0,100.0,19322,19217.0,26.24,26.09,73646,73653.0,73.76,73.91,1
32-3202,32,Gers,3202,2ème circonscription,"David Taupiac[22],[23]",david taupiac 22 23,PS,DVG,Divers gauche,Divers gauche,24185.0,45.8,30912.0,59.37,https://fr.wikipedia.org/wiki/%C3%89lections_l%C3%A9gislatives_de_2024_dans_le_Gers,,,,,1082,1673.0,1.99,3.07,436.0,697.0,0.8,1.28,54324,54436.0,100.0,100.0,19322,19217.0,26.24,26.09,73646,73653.0,73.76,73.91,2
32-3202,32,Gers,3202,2ème circonscription,Alice Cendré,alice cendre,RN,RN,Rassemblement national,Rassemblement national,18739.0,35.49,21154.0,40.63,https://fr.wikipedia.org/wiki/%C3%89lections_l%C3%A9gislatives_de_2024_dans_le_Gers,,,,,1082,1673.0,1.99,3.07,436.0,697.0,0.8,1.28,54324,54436.0,100.0,100.0,19322,19217.0,26.24,26.09,73646,73653.0,73.76,73.91,3
33-3301,33,Gironde,3301,1ère circonscription,Jean-Louis Roumégas,jean louis roumegas,LE (NFP),UG,Autre NFP,Autre NFP,20851.0,34.04,31864.0,55.19,https://fr.wikipedia.org/wiki/%C3%89lections_l%C3%A9gislatives_de_2024_dans_l%27H%C3%A9rault,61248.0,57732.0,97.82,92.82,1024,3534.0,1.64,5.68,339.0,934.0,0.54,1.5,62611,62200.0,100.0,100.0,28757,29174.0,31.47,31.93,91368,91374.0,68.53,68.07,1
33-3301,33,Gironde,3301,1ère circonscription,Josyan Oliva[16],josyan oliva 16,RÀD (RN),UXD,Union de l'extrême droite,Union de l'extrême droite,20891.0,34.11,25868.0,44.81,https://fr.wikipedia.org/wiki/%C3%89lections_l%C3%A9gislatives_de_2024_dans_l%27H%C3%A9rault,61248.0,57732.0,97.82,92.82,1024,3534.0,1.64,5.68,339.0,934.0,0.54,1.5,62611,62200.0,100.0,100.0,28757,29174.0,31.47,31.93,91368,91374.0,68.53,68.07,2
33-3302,33,Gironde,3302,2ème circonscription,Fanny Dombre-Coste,fanny dombre coste,PS (NFP),UG,Autre NFP,Autre NFP,22968.0,33.9,36860.0,58.29,https://fr.wikipedia.org/wiki/%C3%89lections_l%C3%A9gislatives_de_2024_dans_l%27H%C3%A9rault,67755.0,63239.0,97.63,92.21,1164,4227.0,1.68,6.16,482.0,1118.0,0.69,1.63,69401,68584.0,100.0,100.0,24655,25476.0,26.21,27.08,94056,94060.0,73.79,72.92,1
33-3302,33,Gironde,3302,2ème circonscription,Lauriane Troise,lauriane troise,RN,RN,Rassemblement national,Rassemblement national,21872.0,32.28,26379.0,41.71,https://fr.wikipedia.org/wiki/%C3%89lections_l%C3%A9gislatives_de_2024_dans_l%27H%C3%A9rault,67755.0,63239.0,97.63,92.21,1164,4227.0,1.68,6.16,482.0,1118.0,0.69,1.63,69401,68584.0,100.0,100.0,24655,25476.0,26.21,27.08,94056,94060.0,73.79,72.92,2
33-3303,33,Gironde,3303,3ème circonscription,Manon Bouquin,manon bouquin,RN,RN,Rassemblement national,Rassemblement national,35216.0,41.26,40186.0,50.49,https://fr.wikipedia.org/wiki/%C3%89lections_l%C3%A9gislatives_de_2024_dans_l%27H%C3%A9rault,85354.0,79594.0,96.7,90.66,2111,6324.0,2.39,7.2,804.0,1874.0,0.91,2.13,88269,87792.0,100.0,100.0,32147,32602.0,26.7,27.08,120416,120394.0,73.3,72.92,1
33-3303,33,Gironde,3303,3ème circonscription,Sébastien Rome,sebastien rome,LFI (NFP),UG,LFI / NFP,LFI / NFP,28171.0,33.0,39408.0,49.51,https://fr.wikipedia.org/wiki/%C3%89lections_l%C3%A9gislatives_de_2024_dans_l%27H%C3%A9rault,85354.0,79594.0,96.7,90.66,2111,6324.0,2.39,7.2,804.0,1874.0,0.91,2.13,88269,87792.0,100.0,100.0,32147,32602.0,26.7,27.08,120416,120394.0,73.3,72.92,2
33-3304,33,Gironde,3304,4ème circonscription,Stéphanie Galzy,stephanie galzy,RN,RN,Rassemblement national,Rassemblement national,32781.0,48.88,36171.0,55.36,https://fr.wikipedia.org/wiki/%C3%89lections_l%C3%A9gislatives_de_2024_dans_l%27H%C3%A9rault,67066.0,65343.0,96.39,93.55,1736,3296.0,2.5,4.72,776.0,1211.0,1.12,1.73,69578,69850.0,100.0,100.0,30432,30168.0,30.43,30.16,100010,100018.0,69.57,69.84,1
33-3304,33,Gironde,3304,4ème circonscription,Aurélien Manenc,aurelien manenc,PS (NFP),UG,Autre NFP,Autre NFP,21640.0,32.27,29172.0,44.64,https://fr.wikipedia.org/wiki/%C3%89lections_l%C3%A9gislatives_de_2024_dans_l%27H%C3%A9rault,67066.0,65343.0,96.39,93.55,1736,3296.0,2.5,4.72,776.0,1211.0,1.12,1.73,69578,69850.0,100.0,100.0,30432,30168.0,30.43,30.16,100010,100018.0,69.57,69.84,2
33-3305,33,Gironde,3305,5ème circonscription,Julien Gabarron,julien gabarron,RN,RN,Rassemblement national,Rassemblement national,25563.0,41.05,29288.0,47.26,https://fr.wikipedia.org/wiki/%C3%89lections_l%C3%A9gislatives_de_2024_dans_l%27H%C3%A9rault,62278.0,61971.0,97.95,97.27,941,1318.0,1.48,2.07,363.0,419.0,0.57,0.66,63582,63708.0,100.0,100.0,31359,31278.0,33.03,32.93,94941,94986.0,66.97,67.07,1
33-3305,33,Gironde,3305,5ème circonscription,Emmanuelle Ménard,emmanuelle menard,SE,DVD,Divers droite,Divers droite,16968.0,27.25,18091.0,29.19,https://fr.wikipedia.org/wiki/%C3%89lections_l%C3%A9gislatives_de_2024_dans_l%27H%C3%A9rault,62278.0,61971.0,97.95,97.27,941,1318.0,1.48,2.07,363.0,419.0,0.57,0.66,63582,63708.0,100.0,100.0,31359,31278.0,33.03,32.93,94941,94986.0,66.97,67.07,2
33-3305,33,Gironde,3305,5ème circonscription,Magali Crozier,magali crozier,LFI (NFP),UG,LFI / NFP,LFI / NFP,13126.0,21.08,14592.0,23.55,https://fr.wikipedia.org/wiki/%C3%89lections_l%C3%A9gislatives_de_2024_dans_l%27H%C3%A9rault,62278.0,61971.0,97.95,97.27,941,1318.0,1.48,2.07,363.0,419.0,0.57,0.66,63582,63708.0,100.0,100.0,31359,31278.0,33.03,32.93,94941,94986.0,66.97,67.07,3
33-3306,33,Gironde,3306,6ème circonscription,Sylvain Carrière,sylvain carriere,LFI (NFP),UG,LFI / NFP,LFI / NFP,21061.0,32.71,29841.0,50.33,https://fr.wikipedia.org/wiki/%C3%89lections_l%C3%A9gislatives_de_2024_dans_l%27H%C3%A9rault,64381.0,59287.0,97.45,91.14,1112,4314.0,1.68,6.63,571.0,1452.0,0.86,2.23,66064,65053.0,100.0,100.0,29580,30608.0,30.93,32.0,95644,95661.0,69.07,68.0,1
33-3306,33,Gironde,3306,6ème circonscription,Cédric Delapierre,cedric delapierre,RN,RN,Rassemblement national,Rassemblement national,25831.0,40.12,29446.0,49.67,https://fr.wikipedia.org/wiki/%C3%89lections_l%C3%A9gislatives_de_2024_dans_l%27H%C3%A9rault,64381.0,59287.0,97.45,91.14,1112,4314.0,1.68,6.63,571.0,1452.0,0.86,2.23,66064,65053.0,100.0,100.0,29580,30608.0,30.93,32.0,95644,95661.0,69.07,68.0,2
33-3307,33,Gironde,3307,7ème circonscription,Charles Alloncle,charles alloncle,RÀD (RN),UXD,Union de l'extrême droite,Union de l'extrême droite,21734.0,36.43,28433.0,51.9,https://fr.wikipedia.org/wiki/%C3%89lections_l%C3%A9gislatives_de_2024_dans_l%27H%C3%A9rault,59666.0,54786.0,97.22,90.58,1124,4301.0,1.83,7.11,581.0,1398.0,0.95,2.31,61371,60485.0,100.0,100.0,29271,30169.0,32.29,33.28,90642,90654.0,67.71,66.72,1
33-3307,33,Gironde,3307,7ème circonscription,Nadia Belaouni,nadia belaouni,LFI (NFP),UG,LFI / NFP,LFI / NFP,17463.0,29.27,26353.0,48.1,https://fr.wikipedia.org/wiki/%C3%89lections_l%C3%A9gislatives_de_2024_dans_l%27H%C3%A9rault,59666.0,54786.0,97.22,90.58,1124,4301.0,1.83,7.11,581.0,1398.0,0.95,2.31,61371,60485.0,100.0,100.0,29271,30169.0,32.29,33.28,90642,90654.0,67.71,66.72,2
34-3401,34,Hérault,3401,1ère circonscription,Jean-Louis Roumégas,jean louis roumegas,LE (NFP),UG,Autre NFP,Autre NFP,20851.0,34.04,31864.0,55.19,https://fr.wikipedia.org/wiki/%C3%89lections_l%C3%A9gislatives_de_2024_dans_l%27H%C3%A9rault,61248.0,57732.0,97.82,92.82,1024,3534.0,1.64,5.68,339.0,934.0,0.54,1.5,62611,62200.0,100.0,100.0,28757,29174.0,31.47,31.93,91368,91374.0,68.53,68.07,1
34-3401,34,Hérault,3401,1ère circonscription,Josyan Oliva[16],josyan oliva 16,RÀD (RN),UXD,Union de l'extrême droite,Union de l'extrême droite,20891.0,34.11,25868.0,44.81,https://fr.wikipedia.org/wiki/%C3%89lections_l%C3%A9gislatives_de_2024_dans_l%27H%C3%A9rault,61248.0,57732.0,97.82,92.82,1024,3534.0,1.64,5.68,339.0,934.0,0.54,1.5,62611,62200.0,100.0,100.0,28757,29174.0,31.47,31.93,91368,91374.0,68.53,68.07,2
34-3402,34,Hérault,3402,2ème circonscription,Fanny Dombre-Coste,fanny dombre coste,PS (NFP),UG,Autre NFP,Autre NFP,22968.0,33.9,36860.0,58.29,https://fr.wikipedia.org/wiki/%C3%89lections_l%C3%A9gislatives_de_2024_dans_l%27H%C3%A9rault,67755.0,63239.0,97.63,92.21,1164,4227.0,1.68,6.16,482.0,1118.0,0.69,1.63,69401,68584.0,100.0,100.0,24655,25476.0,26.21,27.08,94056,94060.0,73.79,72.92,1
34-3402,34,Hérault,3402,2ème circonscription,Lauriane Troise,lauriane troise,RN,RN,Rassemblement national,Rassemblement national,21872.0,32.28,26379.0,41.71,https://fr.wikipedia.org/wiki/%C3%89lections_l%C3%A9gislatives_de_2024_dans_l%27H%C3%A9rault,67755.0,63239.0,97.63,92.21,1164,4227.0,1.68,6.16,482.0,1118.0,0.69,1.63,69401,68584.0,100.0,100.0,24655,25476.0,26.21,27.08,94056,94060.0,73.79,72.92,2
34-3403,34,Hérault,3403,3ème circonscription,Manon Bouquin,manon bouquin,RN,RN,Rassemblement national,Rassemblement national,35216.0,41.26,40186.0,50.49,https://fr.wikipedia.org/wiki/%C3%89lections_l%C3%A9gislatives_de_2024_dans_l%27H%C3%A9rault,85354.0,79594.0,96.7,90.66,2111,6324.0,2.39,7.2,804.0,1874.0,0.91,2.13,88269,87792.0,100.0,100.0,32147,32602.0,26.7,27.08,120416,120394.0,73.3,72.92,1
34-3403,34,Hérault,3403,3ème circonscription,Sébastien Rome,sebastien rome,LFI (NFP),UG,LFI / NFP,LFI / NFP,28171.0,33.0,39408.0,49.51,https://fr.wikipedia.org/wiki/%C3%89lections_l%C3%A9gislatives_de_2024_dans_l%27H%C3%A9rault,85354.0,79594.0,96.7,90.66,2111,6324.0,2.39,7.2,804.0,1874.0,0.91,2.13,88269,87792.0,100.0,100.0,32147,32602.0,26.7,27.08,120416,120394.0,73.3,72.92,2
34-3404,34,Hérault,3404,4ème circonscription,Stéphanie Galzy,stephanie galzy,RN,RN,Rassemblement national,Rassemblement national,32781.0,48.88,36171.0,55.36,https://fr.wikipedia.org/wiki/%C3%89lections_l%C3%A9gislatives_de_2024_dans_l%27H%C3%A9rault,67066.0,65343.0,96.39,93.55,1736,3296.0,2.5,4.72,776.0,1211.0,1.12,1.73,69578,69850.0,100.0,100.0,30432,30168.0,30.43,30.16,100010,100018.0,69.57,69.84,1
34-3404,34,Hérault,3404,4ème circonscription,Aurélien Manenc,aurelien manenc,PS (NFP),UG,Autre NFP,Autre NFP,21640.0,32.27,29172.0,44.64,https://fr.wikipedia.org/wiki/%C3%89lections_l%C3%A9gislatives_de_2024_dans_l%27H%C3%A9rault,67066.0,65343.0,96.39,93.55,1736,3296.0,2.5,4.72,776.0,1211.0,1.12,1.73,69578,69850.0,100.0,100.0,30432,30168.0,30.43,30.16,100010,100018.0,69.57,69.84,2
34-3405,34,Hérault,3405,5ème circonscription,Julien Gabarron,julien gabarron,RN,RN,Rassemblement national,Rassemblement national,25563.0,41.05,29288.0,47.26,https://fr.wikipedia.org/wiki/%C3%89lections_l%C3%A9gislatives_de_2024_dans_l%27H%C3%A9rault,62278.0,61971.0,97.95,97.27,941,1318.0,1.48,2.07,363.0,419.0,0.57,0.66,63582,63708.0,100.0,100.0,31359,31278.0,33.03,32.93,94941,94986.0,66.97,67.07,1
34-3405,34,Hérault,3405,5ème circonscription,Emmanuelle Ménard,emmanuelle menard,SE,DVD,Divers droite,Divers droite,16968.0,27.25,18091.0,29.19,https://fr.wikipedia.org/wiki/%C3%89lections_l%C3%A9gislatives_de_2024_dans_l%27H%C3%A9rault,62278.0,61971.0,97.95,97.27,941,1318.0,1.48,2.07,363.0,419.0,0.57,0.66,63582,63708.0,100.0,100.0,31359,31278.0,33.03,32.93,94941,94986.0,66.97,67.07,2
34-3405,34,Hérault,3405,5ème circonscription,Magali Crozier,magali crozier,LFI (NFP),UG,LFI / NFP,LFI / NFP,13126.0,21.08,14592.0,23.55,https://fr.wikipedia.org/wiki/%C3%89lections_l%C3%A9gislatives_de_2024_dans_l%27H%C3%A9rault,62278.0,61971.0,97.95,97.27,941,1318.0,1.48,2.07,363.0,419.0,0.57,0.66,63582,63708.0,100.0,100.0,31359,31278.0,33.03,32.93,94941,94986.0,66.97,67.07,3
34-3406,34,Hérault,3406,6ème circonscription,Sylvain Carrière,sylvain carriere,LFI (NFP),UG,LFI / NFP,LFI / NFP,21061.0,32.71,29841.0,50.33,https://fr.wikipedia.org/wiki/%C3%89lections_l%C3%A9gislatives_de_2024_dans_l%27H%C3%A9rault,64381.0,59287.0,97.45,91.14,1112,4314.0,1.68,6.63,571.0,1452.0,0.86,2.23,66064,65053.0,100.0,100.0,29580,30608.0,30.93,32.0,95644,95661.0,69.07,68.0,1
34-3406,34,Hérault,3406,6ème circonscription,Cédric Delapierre,cedric delapierre,RN,RN,Rassemblement national,Rassemblement national,25831.0,40.12,29446.0,49.67,https://fr.wikipedia.org/wiki/%C3%89lections_l%C3%A9gislatives_de_2024_dans_l%27H%C3%A9rault,64381.0,59287.0,97.45,91.14,1112,4314.0,1.68,6.63,571.0,1452.0,0.86,2.23,66064,65053.0,100.0,100.0,29580,30608.0,30.93,32.0,95644,95661.0,69.07,68.0,2
34-3407,34,Hérault,3407,7ème circonscription,Charles Alloncle,charles alloncle,RÀD (RN),UXD,Union de l'extrême droite,Union de l'extrême droite,21734.0,36.43,28433.0,51.9,https://fr.wikipedia.org/wiki/%C3%89lections_l%C3%A9gislatives_de_2024_dans_l%27H%C3%A9rault,59666.0,54786.0,97.22,90.58,1124,4301.0,1.83,7.11,581.0,1398.0,0.95,2.31,61371,60485.0,100.0,100.0,29271,30169.0,32.29,33.28,90642,90654.0,67.71,66.72,1
34-3407,34,Hérault,3407,7ème circonscription,Nadia Belaouni,nadia belaouni,LFI (NFP),UG,LFI / NFP,LFI / NFP,17463.0,29.27,26353.0,48.1,https://fr.wikipedia.org/wiki/%C3%89lections_l%C3%A9gislatives_de_2024_dans_l%27H%C3%A9rault,59666.0,54786.0,97.22,90.58,1124,4301.0,1.83,7.11,581.0,1398.0,0.95,2.31,61371,60485.0,100.0,100.0,29271,30169.0,32.29,33.28,90642,90654.0,67.71,66.72,2
35-3501,35,Ille-et-Vilaine,3501,1ère circonscription,François Jolivet,francois jolivet,HOR (ENS),HOR,Horizons,Horizons,17256.0,35.12,27060.0,55.51,https://fr.wikipedia.org/wiki/%C3%89lections_l%C3%A9gislatives_de_2024_dans_l%27Indre,49141.0,48749.0,96.51,94.93,1132,1726.0,2.22,3.36,646.0,876.0,1.27,1.71,50919,51351.0,100.0,100.0,26156,25738.0,33.94,33.39,77075,77089.0,66.06,66.61,1
35-3501,35,Ille-et-Vilaine,3501,1ère circonscription,Mylène Wunsch,mylene wunsch,RN,RN,Rassemblement national,Rassemblement national,19755.0,40.2,21689.0,44.49,https://fr.wikipedia.org/wiki/%C3%89lections_l%C3%A9gislatives_de_2024_dans_l%27Indre,49141.0,48749.0,96.51,94.93,1132,1726.0,2.22,3.36,646.0,876.0,1.27,1.71,50919,51351.0,100.0,100.0,26156,25738.0,33.94,33.39,77075,77089.0,66.06,66.61,2
35-3502,35,Ille-et-Vilaine,3502,2ème circonscription,Nicolas Forissier,nicolas forissier,LR (UDC),LR,Les Républicains,Les Républicains,18700.0,31.82,30423.0,52.76,https://fr.wikipedia.org/wiki/%C3%89lections_l%C3%A9gislatives_de_2024_dans_l%27Indre,58762.0,57665.0,96.37,94.27,1400,2325.0,2.3,3.8,814.0,1179.0,1.33,1.93,60976,61169.0,100.0,100.0,26395,26202.0,30.21,29.99,87371,87371.0,69.79,70.01,1
35-3502,35,Ille-et-Vilaine,3502,2ème circonscription,Marc Siffert[26],marc siffert 26,RÀD (RN),UXD,Union de l'extrême droite,Union de l'extrême droite,24512.0,41.71,27242.0,47.24,https://fr.wikipedia.org/wiki/%C3%89lections_l%C3%A9gislatives_de_2024_dans_l%27Indre,58762.0,57665.0,96.37,94.27,1400,2325.0,2.3,3.8,814.0,1179.0,1.33,1.93,60976,61169.0,100.0,100.0,26395,26202.0,30.21,29.99,87371,87371.0,69.79,70.01,2
36-3601,36,Indre,3601,1ère circonscription,François Jolivet,francois jolivet,HOR (ENS),HOR,Horizons,Horizons,17256.0,35.12,27060.0,55.51,https://fr.wikipedia.org/wiki/%C3%89lections_l%C3%A9gislatives_de_2024_dans_l%27Indre,49141.0,48749.0,96.51,94.93,1132,1726.0,2.22,3.36,646.0,876.0,1.27,1.71,50919,51351.0,100.0,100.0,26156,25738.0,33.94,33.39,77075,77089.0,66.06,66.61,1
36-3601,36,Indre,3601,1ère circonscription,Mylène Wunsch,mylene wunsch,RN,RN,Rassemblement national,Rassemblement national,19755.0,40.2,21689.0,44.49,https://fr.wikipedia.org/wiki/%C3%89lections_l%C3%A9gislatives_de_2024_dans_l%27Indre,49141.0,48749.0,96.51,94.93,1132,1726.0,2.22,3.36,646.0,876.0,1.27,1.71,50919,51351.0,100.0,100.0,26156,25738.0,33.94,33.39,77075,77089.0,66.06,66.61,2
36-3602,36,Indre,3602,2ème circonscription,Nicolas Forissier,nicolas forissier,LR (UDC),LR,Les Républicains,Les Républicains,18700.0,31.82,30423.0,52.76,https://fr.wikipedia.org/wiki/%C3%89lections_l%C3%A9gislatives_de_2024_dans_l%27Indre,58762.0,57665.0,96.37,94.27,1400,2325.0,2.3,3.8,814.0,1179.0,1.33,1.93,60976,61169.0,100.0,100.0,26395,26202.0,30.21,29.99,87371,87371.0,69.79,70.01,1
36-3602,36,Indre,3602,2ème circonscription,Marc Siffert[26],marc siffert 26,RÀD (RN),UXD,Union de l'extrême droite,Union de l'extrême droite,24512.0,41.71,27242.0,47.24,https://fr.wikipedia.org/wiki/%C3%89lections_l%C3%A9gislatives_de_2024_dans_l%27Indre,58762.0,57665.0,96.37,94.27,1400,2325.0,2.3,3.8,814.0,1179.0,1.33,1.93,60976,61169.0,100.0,100.0,26395,26202.0,30.21,29.99,87371,87371.0,69.79,70.01,2
37-3701,37,Indre-et-Loire,3701,1ère circonscription,Hugo Prevost,hugo prevost,LFI (NFP),UG,LFI / NFP,LFI / NFP,25207.0,40.19,26438.0,42.35,https://fr.wikipedia.org/wiki/%C3%89lections_l%C3%A9gislatives_de_2024_dans_l%27Is%C3%A8re,62720.0,62423.0,98.57,98.27,675,826.0,1.06,1.3,237.0,274.0,0.37,0.43,63632,63523.0,100.0,100.0,20247,20423.0,24.14,24.33,83879,83946.0,75.86,75.67,1
37-3701,37,Indre-et-Loire,3701,1ère circonscription,Olivier Véran,olivier veran,RE (ENS),ENS,Ensemble,Ensemble,21089.0,33.62,25120.0,40.24,https://fr.wikipedia.org/wiki/%C3%89lections_l%C3%A9gislatives_de_2024_dans_l%27Is%C3%A8re,62720.0,62423.0,98.57,98.27,675,826.0,1.06,1.3,237.0,274.0,0.37,0.43,63632,63523.0,100.0,100.0,20247,20423.0,24.14,24.33,83879,83946.0,75.86,75.67,2
37-3701,37,Indre-et-Loire,3701,1ère circonscription,Alexandre Lacroix[12],alexandre lacroix 12,RÀD (RN),UXD,Union de l'extrême droite,Union de l'extrême droite,11504.0,18.34,10865.0,17.41,https://fr.wikipedia.org/wiki/%C3%89lections_l%C3%A9gislatives_de_2024_dans_l%27Is%C3%A8re,62720.0,62423.0,98.57,98.27,675,826.0,1.06,1.3,237.0,274.0,0.37,0.43,63632,63523.0,100.0,100.0,20247,20423.0,24.14,24.33,83879,83946.0,75.86,75.67,3
37-3702,37,Indre-et-Loire,3702,2ème circonscription,Cyrielle Chatelain,cyrielle chatelain,LÉ (NFP),UG,Autre NFP,Autre NFP,22185.0,42.17,30855.0,62.07,https://fr.wikipedia.org/wiki/%C3%89lections_l%C3%A9gislatives_de_2024_dans_l%27Is%C3%A8re,52607.0,49709.0,97.78,92.77,898,3136.0,1.67,5.85,295.0,739.0,0.55,1.38,53800,53584.0,100.0,100.0,25415,25652.0,32.08,32.37,79215,79236.0,67.92,67.63,1
37-3702,37,Indre-et-Loire,3702,2ème circonscription,Édouard Robert,edouard robert,RN,RN,Rassemblement national,Rassemblement national,16043.0,30.5,18854.0,37.93,https://fr.wikipedia.org/wiki/%C3%89lections_l%C3%A9gislatives_de_2024_dans_l%27Is%C3%A8re,52607.0,49709.0,97.78,92.77,898,3136.0,1.67,5.85,295.0,739.0,0.55,1.38,53800,53584.0,100.0,100.0,25415,25652.0,32.08,32.37,79215,79236.0,67.92,67.63,2
37-3703,37,Indre-et-Loire,3703,3ème circonscription,Élisa Martin,elisa martin,LFI (NFP),UG,LFI / NFP,LFI / NFP,16933.0,42.84,24837.0,69.61,https://fr.wikipedia.org/wiki/%C3%89lections_l%C3%A9gislatives_de_2024_dans_l%27Is%C3%A8re,39530.0,35681.0,98.27,90.63,446,2898.0,1.11,7.36,250.0,792.0,0.62,2.01,40226,39371.0,100.0,100.0,17232,18155.0,29.99,31.56,57458,57526.0,70.01,68.44,1
37-3703,37,Indre-et-Loire,3703,3ème circonscription,Christel Dupré,christel dupre,RN,RN,Rassemblement national,Rassemblement national,8989.0,22.74,10844.0,30.39,https://fr.wikipedia.org/wiki/%C3%89lections_l%C3%A9gislatives_de_2024_dans_l%27Is%C3%A8re,39530.0,35681.0,98.27,90.63,446,2898.0,1.11,7.36,250.0,792.0,0.62,2.01,40226,39371.0,100.0,100.0,17232,18155.0,29.99,31.56,57458,57526.0,70.01,68.44,2
37-3704,37,Indre-et-Loire,3704,4ème circonscription,Marie-Noëlle Battistel,marie noelle battistel,PS (NFP),UG,Autre NFP,Autre NFP,27548.0,42.52,37148.0,59.92,https://fr.wikipedia.org/wiki/%C3%89lections_l%C3%A9gislatives_de_2024_dans_l%27Is%C3%A8re,64787.0,61997.0,97.84,93.72,1100,3358.0,1.66,5.08,329.0,799.0,0.5,1.21,66216,66154.0,100.0,100.0,26385,26459.0,28.49,28.57,92601,92613.0,71.51,71.43,1
37-3704,37,Indre-et-Loire,3704,4ème circonscription,Anne-Marie Malandrino[12],anne marie malandrino 12,RÀD (RN),UXD,Union de l'extrême droite,Union de l'extrême droite,20812.0,32.12,24849.0,40.08,https://fr.wikipedia.org/wiki/%C3%89lections_l%C3%A9gislatives_de_2024_dans_l%27Is%C3%A8re,64787.0,61997.0,97.84,93.72,1100,3358.0,1.66,5.08,329.0,799.0,0.5,1.21,66216,66154.0,100.0,100.0,26385,26459.0,28.49,28.57,92601,92613.0,71.51,71.43,2
37-3705,37,Indre-et-Loire,3705,5ème circonscription,Jérémie Iordanoff,jeremie iordanoff,LÉ (NFP),UG,Autre NFP,Autre NFP,27874.0,36.25,43281.0,59.95,https://fr.wikipedia.org/wiki/%C3%89lections_l%C3%A9gislatives_de_2024_dans_l%27Is%C3%A8re,76896.0,72195.0,97.83,92.29,1297,5005.0,1.65,6.4,405.0,1029.0,0.52,1.32,78598,78229.0,100.0,100.0,28351,28733.0,26.51,26.86,106949,106962.0,73.49,73.14,1
37-3705,37,Indre-et-Loire,3705,5ème circonscription,Frédérique Schreiber,frederique schreiber,RN,RN,Rassemblement national,Rassemblement national,23710.0,30.83,28914.0,40.05,https://fr.wikipedia.org/wiki/%C3%89lections_l%C3%A9gislatives_de_2024_dans_l%27Is%C3%A8re,76896.0,72195.0,97.83,92.29,1297,5005.0,1.65,6.4,405.0,1029.0,0.52,1.32,78598,78229.0,100.0,100.0,28351,28733.0,26.51,26.86,106949,106962.0,73.49,73.14,2
37-3706,37,Indre-et-Loire,3706,6ème circonscription,Alexis Jolly,alexis jolly,RN,RN,Rassemblement national,Rassemblement national,29167.0,47.55,34116.0,62.16,https://fr.wikipedia.org/wiki/%C3%89lections_l%C3%A9gislatives_de_2024_dans_l%27Is%C3%A8re,61335.0,54884.0,97.59,88.42,1201,5988.0,1.91,9.65,316.0,1202.0,0.5,1.94,62852,62074.0,100.0,100.0,28202,28997.0,30.97,31.84,91054,91071.0,69.03,68.16,1
37-3706,37,Indre-et-Loire,3706,6ème circonscription,Yaqine Di Spigno,yaqine di spigno,LFI (NFP),UG,LFI / NFP,LFI / NFP,12791.0,20.85,20768.0,37.84,https://fr.wikipedia.org/wiki/%C3%89lections_l%C3%A9gislatives_de_2024_dans_l%27Is%C3%A8re,61335.0,54884.0,97.59,88.42,1201,5988.0,1.91,9.65,316.0,1202.0,0.5,1.94,62852,62074.0,100.0,100.0,28202,28997.0,30.97,31.84,91054,91071.0,69.03,68.16,2
37-3707,37,Indre-et-Loire,3707,7ème circonscription,Yannick Neuder,yannick neuder,LR (UDC),LR,Les Républicains,Les Républicains,18678.0,27.56,36434.0,54.33,https://fr.wikipedia.org/wiki/%C3%89lections_l%C3%A9gislatives_de_2024_dans_l%27Is%C3%A8re,67773.0,67057.0,97.95,96.57,1042,1825.0,1.51,2.63,378.0,560.0,0.55,0.81,69193,69442.0,100.0,100.0,27807,27582.0,28.67,28.43,97000,97024.0,71.33,71.57,1
37-3707,37,Indre-et-Loire,3707,7ème circonscription,Benoît Auguste,benoit auguste,RN,RN,Rassemblement national,Rassemblement national,28531.0,42.1,30623.0,45.67,https://fr.wikipedia.org/wiki/%C3%89lections_l%C3%A9gislatives_de_2024_dans_l%27Is%C3%A8re,67773.0,67057.0,97.95,96.57,1042,1825.0,1.51,2.63,378.0,560.0,0.55,0.81,69193,69442.0,100.0,100.0,27807,27582.0,28.67,28.43,97000,97024.0,71.33,71.57,2
37-3708,37,Indre-et-Loire,3708,8ème circonscription,Hanane Mansouri,hanane mansouri,RÀD (RN),UXD,Union de l'extrême droite,Union de l'extrême droite,22847.0,39.92,28995.0,54.1,https://fr.wikipedia.org/wiki/%C3%89lections_l%C3%A9gislatives_de_2024_dans_l%27Is%C3%A8re,57232.0,53596.0,97.68,91.39,1026,4059.0,1.75,6.92,336.0,990.0,0.57,1.69,58594,58645.0,100.0,100.0,24248,24224.0,29.27,29.23,82842,82869.0,70.73,70.77,1
37-3708,37,Indre-et-Loire,3708,8ème circonscription,Cécile Michel,cecile michel,LÉ (NFP),UG,Autre NFP,Autre NFP,14021.0,24.5,24601.0,45.9,https://fr.wikipedia.org/wiki/%C3%89lections_l%C3%A9gislatives_de_2024_dans_l%27Is%C3%A8re,57232.0,53596.0,97.68,91.39,1026,4059.0,1.75,6.92,336.0,990.0,0.57,1.69,58594,58645.0,100.0,100.0,24248,24224.0,29.27,29.23,82842,82869.0,70.73,70.77,2
37-3709,37,Indre-et-Loire,3709,9ème circonscription,Sandrine Nosbé,sandrine nosbe,LFI (NFP),UG,LFI / NFP,LFI / NFP,19825.0,27.99,33412.0,52.62,https://fr.wikipedia.org/wiki/%C3%89lections_l%C3%A9gislatives_de_2024_dans_l%27Is%C3%A8re,70825.0,63491.0,97.58,87.72,1447,7494.0,1.99,0.1035,309.0,1394.0,0.43,1.93,72581,,100.0,100.0,28739,,28.36,28.58,101320,,71.64,71.42,1
37-3709,37,Indre-et-Loire,3709,9ème circonscription,Cécile Bène,cecile bene,RN,RN,Rassemblement national,Rassemblement national,24106.0,34.04,30079.0,47.38,https://fr.wikipedia.org/wiki/%C3%89lections_l%C3%A9gislatives_de_2024_dans_l%27Is%C3%A8re,70825.0,63491.0,97.58,87.72,1447,7494.0,1.99,0.1035,309.0,1394.0,0.43,1.93,72581,,100.0,100.0,28739,,28.36,28.58,101320,,71.64,71.42,2
37-3710,37,Indre-et-Loire,3710,10ème circonscription,Thierry Perez,thierry perez,RN,RN,Rassemblement national,Rassemblement national,28348.0,42.83,33413.0,55.4,https://fr.wikipedia.org/wiki/%C3%89lections_l%C3%A9gislatives_de_2024_dans_l%27Is%C3%A8re,66186.0,60317.0,97.74,89.04,1152,6119.0,1.7,9.03,380.0,1308.0,0.56,1.93,67718,67744.0,100.0,100.0,31677,31672.0,31.87,31.86,99395,99416.0,68.13,68.14,1
37-3710,37,Indre-et-Loire,3710,10ème circonscription,Joëlle Richol,joelle richol,LFI (NFP),UG,LFI / NFP,LFI / NFP,16833.0,25.43,26904.0,44.6,https://fr.wikipedia.org/wiki/%C3%89lections_l%C3%A9gislatives_de_2024_dans_l%27Is%C3%A8re,66186.0,60317.0,97.74,89.04,1152,6119.0,1.7,9.03,380.0,1308.0,0.56,1.93,67718,67744.0,100.0,100.0,31677,31672.0,31.87,31.86,99395,99416.0,68.13,68.14,2
38-3801,38,Isère,3801,1ère circonscription,Hugo Prevost,hugo prevost,LFI (NFP),UG,LFI / NFP,LFI / NFP,25207.0,40.19,26438.0,42.35,https://fr.wikipedia.org/wiki/%C3%89lections_l%C3%A9gislatives_de_2024_dans_l%27Is%C3%A8re,62720.0,62423.0,98.57,98.27,675,826.0,1.06,1.3,237.0,274.0,0.37,0.43,63632,63523.0,100.0,100.0,20247,20423.0,24.14,24.33,83879,83946.0,75.86,75.67,1
38-3801,38,Isère,3801,1ère circonscription,Olivier Véran,olivier veran,RE (ENS),ENS,Ensemble,Ensemble,21089.0,33.62,25120.0,40.24,https://fr.wikipedia.org/wiki/%C3%89lections_l%C3%A9gislatives_de_2024_dans_l%27Is%C3%A8re,62720.0,62423.0,98.57,98.27,675,826.0,1.06,1.3,237.0,274.0,0.37,0.43,63632,63523.0,100.0,100.0,20247,20423.0,24.14,24.33,83879,83946.0,75.86,75.67,2
38-3801,38,Isère,3801,1ère circonscription,Alexandre Lacroix[12],alexandre lacroix 12,RÀD (RN),UXD,Union de l'extrême droite,Union de l'extrême droite,11504.0,18.34,10865.0,17.41,https://fr.wikipedia.org/wiki/%C3%89lections_l%C3%A9gislatives_de_2024_dans_l%27Is%C3%A8re,62720.0,62423.0,98.57,98.27,675,826.0,1.06,1.3,237.0,274.0,0.37,0.43,63632,63523.0,100.0,100.0,20247,20423.0,24.14,24.33,83879,83946.0,75.86,75.67,3
38-3802,38,Isère,3802,2ème circonscription,Cyrielle Chatelain,cyrielle chatelain,LÉ (NFP),UG,Autre NFP,Autre NFP,22185.0,42.17,30855.0,62.07,https://fr.wikipedia.org/wiki/%C3%89lections_l%C3%A9gislatives_de_2024_dans_l%27Is%C3%A8re,52607.0,49709.0,97.78,92.77,898,3136.0,1.67,5.85,295.0,739.0,0.55,1.38,53800,53584.0,100.0,100.0,25415,25652.0,32.08,32.37,79215,79236.0,67.92,67.63,1
38-3802,38,Isère,3802,2ème circonscription,Édouard Robert,edouard robert,RN,RN,Rassemblement national,Rassemblement national,16043.0,30.5,18854.0,37.93,https://fr.wikipedia.org/wiki/%C3%89lections_l%C3%A9gislatives_de_2024_dans_l%27Is%C3%A8re,52607.0,49709.0,97.78,92.77,898,3136.0,1.67,5.85,295.0,739.0,0.55,1.38,53800,53584.0,100.0,100.0,25415,25652.0,32.08,32.37,79215,79236.0,67.92,67.63,2
38-3803,38,Isère,3803,3ème circonscription,Élisa Martin,elisa martin,LFI (NFP),UG,LFI / NFP,LFI / NFP,16933.0,42.84,24837.0,69.61,https://fr.wikipedia.org/wiki/%C3%89lections_l%C3%A9gislatives_de_2024_dans_l%27Is%C3%A8re,39530.0,35681.0,98.27,90.63,446,2898.0,1.11,7.36,250.0,792.0,0.62,2.01,40226,39371.0,100.0,100.0,17232,18155.0,29.99,31.56,57458,57526.0,70.01,68.44,1
38-3803,38,Isère,3803,3ème circonscription,Christel Dupré,christel dupre,RN,RN,Rassemblement national,Rassemblement national,8989.0,22.74,10844.0,30.39,https://fr.wikipedia.org/wiki/%C3%89lections_l%C3%A9gislatives_de_2024_dans_l%27Is%C3%A8re,39530.0,35681.0,98.27,90.63,446,2898.0,1.11,7.36,250.0,792.0,0.62,2.01,40226,39371.0,100.0,100.0,17232,18155.0,29.99,31.56,57458,57526.0,70.01,68.44,2
38-3804,38,Isère,3804,4ème circonscription,Marie-Noëlle Battistel,marie noelle battistel,PS (NFP),UG,Autre NFP,Autre NFP,27548.0,42.52,37148.0,59.92,https://fr.wikipedia.org/wiki/%C3%89lections_l%C3%A9gislatives_de_2024_dans_l%27Is%C3%A8re,64787.0,61997.0,97.84,93.72,1100,3358.0,1.66,5.08,329.0,799.0,0.5,1.21,66216,66154.0,100.0,100.0,26385,26459.0,28.49,28.57,92601,92613.0,71.51,71.43,1
38-3804,38,Isère,3804,4ème circonscription,Anne-Marie Malandrino[12],anne marie malandrino 12,RÀD (RN),UXD,Union de l'extrême droite,Union de l'extrême droite,20812.0,32.12,24849.0,40.08,https://fr.wikipedia.org/wiki/%C3%89lections_l%C3%A9gislatives_de_2024_dans_l%27Is%C3%A8re,64787.0,61997.0,97.84,93.72,1100,3358.0,1.66,5.08,329.0,799.0,0.5,1.21,66216,66154.0,100.0,100.0,26385,26459.0,28.49,28.57,92601,92613.0,71.51,71.43,2
38-3805,38,Isère,3805,5ème circonscription,Jérémie Iordanoff,jeremie iordanoff,LÉ (NFP),UG,Autre NFP,Autre NFP,27874.0,36.25,43281.0,59.95,https://fr.wikipedia.org/wiki/%C3%89lections_l%C3%A9gislatives_de_2024_dans_l%27Is%C3%A8re,76896.0,72195.0,97.83,92.29,1297,5005.0,1.65,6.4,405.0,1029.0,0.52,1.32,78598,78229.0,100.0,100.0,28351,28733.0,26.51,26.86,106949,106962.0,73.49,73.14,1
38-3805,38,Isère,3805,5ème circonscription,Frédérique Schreiber,frederique schreiber,RN,RN,Rassemblement national,Rassemblement national,23710.0,30.83,28914.0,40.05,https://fr.wikipedia.org/wiki/%C3%89lections_l%C3%A9gislatives_de_2024_dans_l%27Is%C3%A8re,76896.0,72195.0,97.83,92.29,1297,5005.0,1.65,6.4,405.0,1029.0,0.52,1.32,78598,78229.0,100.0,100.0,28351,28733.0,26.51,26.86,106949,106962.0,73.49,73.14,2
38-3806,38,Isère,3806,6ème circonscription,Alexis Jolly,alexis jolly,RN,RN,Rassemblement national,Rassemblement national,29167.0,47.55,34116.0,62.16,https://fr.wikipedia.org/wiki/%C3%89lections_l%C3%A9gislatives_de_2024_dans_l%27Is%C3%A8re,61335.0,54884.0,97.59,88.42,1201,5988.0,1.91,9.65,316.0,1202.0,0.5,1.94,62852,62074.0,100.0,100.0,28202,28997.0,30.97,31.84,91054,91071.0,69.03,68.16,1
38-3806,38,Isère,3806,6ème circonscription,Yaqine Di Spigno,yaqine di spigno,LFI (NFP),UG,LFI / NFP,LFI / NFP,12791.0,20.85,20768.0,37.84,https://fr.wikipedia.org/wiki/%C3%89lections_l%C3%A9gislatives_de_2024_dans_l%27Is%C3%A8re,61335.0,54884.0,97.59,88.42,1201,5988.0,1.91,9.65,316.0,1202.0,0.5,1.94,62852,62074.0,100.0,100.0,28202,28997.0,30.97,31.84,91054,91071.0,69.03,68.16,2
38-3807,38,Isère,3807,7ème circonscription,Yannick Neuder,yannick neuder,LR (UDC),LR,Les Républicains,Les Républicains,18678.0,27.56,36434.0,54.33,https://fr.wikipedia.org/wiki/%C3%89lections_l%C3%A9gislatives_de_2024_dans_l%27Is%C3%A8re,67773.0,67057.0,97.95,96.57,1042,1825.0,1.51,2.63,378.0,560.0,0.55,0.81,69193,69442.0,100.0,100.0,27807,27582.0,28.67,28.43,97000,97024.0,71.33,71.57,1
38-3807,38,Isère,3807,7ème circonscription,Benoît Auguste,benoit auguste,RN,RN,Rassemblement national,Rassemblement national,28531.0,42.1,30623.0,45.67,https://fr.wikipedia.org/wiki/%C3%89lections_l%C3%A9gislatives_de_2024_dans_l%27Is%C3%A8re,67773.0,67057.0,97.95,96.57,1042,1825.0,1.51,2.63,378.0,560.0,0.55,0.81,69193,69442.0,100.0,100.0,27807,27582.0,28.67,28.43,97000,97024.0,71.33,71.57,2
38-3808,38,Isère,3808,8ème circonscription,Hanane Mansouri,hanane mansouri,RÀD (RN),UXD,Union de l'extrême droite,Union de l'extrême droite,22847.0,39.92,28995.0,54.1,https://fr.wikipedia.org/wiki/%C3%89lections_l%C3%A9gislatives_de_2024_dans_l%27Is%C3%A8re,57232.0,53596.0,97.68,91.39,1026,4059.0,1.75,6.92,336.0,990.0,0.57,1.69,58594,58645.0,100.0,100.0,24248,24224.0,29.27,29.23,82842,82869.0,70.73,70.77,1
38-3808,38,Isère,3808,8ème circonscription,Cécile Michel,cecile michel,LÉ (NFP),UG,Autre NFP,Autre NFP,14021.0,24.5,24601.0,45.9,https://fr.wikipedia.org/wiki/%C3%89lections_l%C3%A9gislatives_de_2024_dans_l%27Is%C3%A8re,57232.0,53596.0,97.68,91.39,1026,4059.0,1.75,6.92,336.0,990.0,0.57,1.69,58594,58645.0,100.0,100.0,24248,24224.0,29.27,29.23,82842,82869.0,70.73,70.77,2
38-3809,38,Isère,3809,9ème circonscription,Sandrine Nosbé,sandrine nosbe,LFI (NFP),UG,LFI / NFP,LFI / NFP,19825.0,27.99,33412.0,52.62,https://fr.wikipedia.org/wiki/%C3%89lections_l%C3%A9gislatives_de_2024_dans_l%27Is%C3%A8re,70825.0,63491.0,97.58,87.72,1447,7494.0,1.99,0.1035,309.0,1394.0,0.43,1.93,72581,,100.0,100.0,28739,,28.36,28.58,101320,,71.64,71.42,1
38-3809,38,Isère,3809,9ème circonscription,Cécile Bène,cecile bene,RN,RN,Rassemblement national,Rassemblement national,24106.0,34.04,30079.0,47.38,https://fr.wikipedia.org/wiki/%C3%89lections_l%C3%A9gislatives_de_2024_dans_l%27Is%C3%A8re,70825.0,63491.0,97.58,87.72,1447,7494.0,1.99,0.1035,309.0,1394.0,0.43,1.93,72581,,100.0,100.0,28739,,28.36,28.58,101320,,71.64,71.42,2
38-3810,38,Isère,3810,10ème circonscription,Thierry Perez,thierry perez,RN,RN,Rassemblement national,Rassemblement national,28348.0,42.83,33413.0,55.4,https://fr.wikipedia.org/wiki/%C3%89lections_l%C3%A9gislatives_de_2024_dans_l%27Is%C3%A8re,66186.0,60317.0,97.74,89.04,1152,6119.0,1.7,9.03,380.0,1308.0,0.56,1.93,67718,67744.0,100.0,100.0,31677,31672.0,31.87,31.86,99395,99416.0,68.13,68.14,1
38-3810,38,Isère,3810,10ème circonscription,Joëlle Richol,joelle richol,LFI (NFP),UG,LFI / NFP,LFI / NFP,16833.0,25.43,26904.0,44.6,https://fr.wikipedia.org/wiki/%C3%89lections_l%C3%A9gislatives_de_2024_dans_l%27Is%C3%A8re,66186.0,60317.0,97.74,89.04,1152,6119.0,1.7,9.03,380.0,1308.0,0.56,1.93,67718,67744.0,100.0,100.0,31677,31672.0,31.87,31.86,99395,99416.0,68.13,68.14,2
39-3901,39,Jura,3901,1ère circonscription,Danielle Brulebois[13],danielle brulebois 13,RE - TdP (ENS),ENS,Ensemble,Ensemble,16231.0,36.16,25097.0,56.85,https://fr.wikipedia.org/wiki/%C3%89lections_l%C3%A9gislatives_de_2024_dans_le_Jura,44886.0,44147.0,96.75,94.39,1025,1952.0,2.21,4.17,481.0,674.0,1.04,1.44,46392,46773.0,100.0,100.0,18533,18154.0,28.55,27.96,64925,64927.0,71.45,72.04,1
39-3901,39,Jura,3901,1ère circonscription,Valérie Graby,valerie graby,RN,RN,Rassemblement national,Rassemblement national,17517.0,39.03,19050.0,43.15,https://fr.wikipedia.org/wiki/%C3%89lections_l%C3%A9gislatives_de_2024_dans_le_Jura,44886.0,44147.0,96.75,94.39,1025,1952.0,2.21,4.17,481.0,674.0,1.04,1.44,46392,46773.0,100.0,100.0,18533,18154.0,28.55,27.96,64925,64927.0,71.45,72.04,2
39-3902,39,Jura,3902,2ème circonscription,Marie-Christine Dalloz,marie christine dalloz,LR (UDC),LR,Les Républicains,Les Républicains,14507.0,38.59,23361.0,65.02,https://fr.wikipedia.org/wiki/%C3%89lections_l%C3%A9gislatives_de_2024_dans_le_Jura,37595.0,35929.0,97.1,94.28,766,1654.0,1.98,4.34,356.0,524.0,0.92,1.38,38717,38107.0,100.0,100.0,17006,17584.0,30.52,31.57,55723,55691.0,69.48,68.43,1
39-3902,39,Jura,3902,2ème circonscription,Thierry Mosca,thierry mosca,RN,RN,Rassemblement national,Rassemblement national,12315.0,32.76,12568.0,34.98,https://fr.wikipedia.org/wiki/%C3%89lections_l%C3%A9gislatives_de_2024_dans_le_Jura,37595.0,35929.0,97.1,94.28,766,1654.0,1.98,4.34,356.0,524.0,0.92,1.38,38717,38107.0,100.0,100.0,17006,17584.0,30.52,31.57,55723,55691.0,69.48,68.43,2
39-3903,39,Jura,3903,3ème circonscription,Justine Gruet,justine gruet,LR (UDC),LR,Les Républicains,Les Républicains,16727.0,34.34,26822.0,56.19,https://fr.wikipedia.org/wiki/%C3%89lections_l%C3%A9gislatives_de_2024_dans_le_Jura,48711.0,47737.0,97.6,94.95,791,1860.0,1.58,3.7,408.0,680.0,0.82,1.35,49910,50277.0,100.0,100.0,20295,19941.0,28.91,28.4,70205,70218.0,71.09,71.6,1
39-3903,39,Jura,3903,3ème circonscription,Aurore Vuillemin-Plançon,aurore vuillemin plancon,RN,RN,Rassemblement national,Rassemblement national,19354.0,39.73,20915.0,43.81,https://fr.wikipedia.org/wiki/%C3%89lections_l%C3%A9gislatives_de_2024_dans_le_Jura,48711.0,47737.0,97.6,94.95,791,1860.0,1.58,3.7,408.0,680.0,0.82,1.35,49910,50277.0,100.0,100.0,20295,19941.0,28.91,28.4,70205,70218.0,71.09,71.6,2
40-4001,40,Landes,4001,1ère circonscription,Geneviève Darrieussecq,genevieve darrieussecq,MoDem (ENS),ENS,Ensemble,Ensemble,21353.0,28.25,41736.0,56.78,https://fr.wikipedia.org/wiki/%C3%89lections_l%C3%A9gislatives_de_2024_dans_les_Landes,75576.0,73504.0,96.87,93.84,1714,3589.0,2.2,4.58,725.0,1232.0,0.93,1.57,78015,78325.0,100.0,100.0,31682,31355.0,28.88,28.59,109697,109680.0,71.12,71.41,1
40-4001,40,Landes,4001,1ère circonscription,Véronique Fossey,veronique fossey,RN,RN,Rassemblement national,Rassemblement national,28138.0,37.23,31768.0,43.22,https://fr.wikipedia.org/wiki/%C3%89lections_l%C3%A9gislatives_de_2024_dans_les_Landes,75576.0,73504.0,96.87,93.84,1714,3589.0,2.2,4.58,725.0,1232.0,0.93,1.57,78015,78325.0,100.0,100.0,31682,31355.0,28.88,28.59,109697,109680.0,71.12,71.41,2
40-4002,40,Landes,4002,2ème circonscription,Lionel Causse[16],lionel causse 16,RE - TdP (ENS),ENS,Ensemble,Ensemble,26051.0,30.05,52064.0,61.81,https://fr.wikipedia.org/wiki/%C3%89lections_l%C3%A9gislatives_de_2024_dans_les_Landes,86700.0,84231.0,96.89,93.87,1886,4012.0,2.11,4.47,899.0,1487.0,1.0,1.66,89485,89730.0,100.0,100.0,35132,34885.0,28.19,27.99,124617,124615.0,71.81,72.01,1
40-4002,40,Landes,4002,2ème circonscription,Ludovic Biesbrouck,ludovic biesbrouck,RN,RN,Rassemblement national,Rassemblement national,28264.0,32.6,32167.0,38.19,https://fr.wikipedia.org/wiki/%C3%89lections_l%C3%A9gislatives_de_2024_dans_les_Landes,86700.0,84231.0,96.89,93.87,1886,4012.0,2.11,4.47,899.0,1487.0,1.0,1.66,89485,89730.0,100.0,100.0,35132,34885.0,28.19,27.99,124617,124615.0,71.81,72.01,2
40-4003,40,Landes,4003,3ème circonscription,Boris Vallaud,boris vallaud,PS (NFP),UG,Autre NFP,Autre NFP,26235.0,37.1,38537.0,56.65,https://fr.wikipedia.org/wiki/%C3%89lections_l%C3%A9gislatives_de_2024_dans_les_Landes,70706.0,68028.0,96.64,92.36,1583,4030.0,2.16,5.47,877.0,1595.0,1.2,2.17,73166,73653.0,100.0,100.0,26854,26382.0,26.85,26.37,100020,100035.0,73.15,73.63,1
40-4003,40,Landes,4003,3ème circonscription,Sylvie Franceschini,sylvie franceschini,RN,RN,Rassemblement national,Rassemblement national,25165.0,35.59,29491.0,43.35,https://fr.wikipedia.org/wiki/%C3%89lections_l%C3%A9gislatives_de_2024_dans_les_Landes,70706.0,68028.0,96.64,92.36,1583,4030.0,2.16,5.47,877.0,1595.0,1.2,2.17,73166,73653.0,100.0,100.0,26854,26382.0,26.85,26.37,100020,100035.0,73.15,73.63,2
41-4101,41,Loir-et-Cher,4101,1ère circonscription,Suffrages exprimés,suffrages exprimes,Suffrages exprimés,SUFFRAGES EXPRIMÉS,SUFFRAGES EXPRIMÉS,SUFFRAGES EXPRIMÉS,41588.0,98.03,39794.0,93.16,https://fr.wikipedia.org/wiki/%C3%89lections_l%C3%A9gislatives_de_2024_dans_la_Loire,,,,,585,2271.0,1.38,5.32,250.0,650.0,0.59,1.52,42423,42715.0,100.0,100.0,21540,21275.0,33.68,33.25,63963,63990.0,66.32,66.75,1
41-4101,41,Loir-et-Cher,4101,1ère circonscription,Pierrick Courbon,pierrick courbon,PS (NFP),UG,Autre NFP,Autre NFP,16778.0,40.34,24032.0,60.39,https://fr.wikipedia.org/wiki/%C3%89lections_l%C3%A9gislatives_de_2024_dans_la_Loire,,,,,585,2271.0,1.38,5.32,250.0,650.0,0.59,1.52,42423,42715.0,100.0,100.0,21540,21275.0,33.68,33.25,63963,63990.0,66.32,66.75,2
41-4101,41,Loir-et-Cher,4101,1ère circonscription,Marie Simon,marie simon,RN,RN,Rassemblement national,Rassemblement national,13296.0,31.97,15762.0,39.61,https://fr.wikipedia.org/wiki/%C3%89lections_l%C3%A9gislatives_de_2024_dans_la_Loire,,,,,585,2271.0,1.38,5.32,250.0,650.0,0.59,1.52,42423,42715.0,100.0,100.0,21540,21275.0,33.68,33.25,63963,63990.0,66.32,66.75,3
41-4102,41,Loir-et-Cher,4102,2ème circonscription,Suffrages exprimés,suffrages exprimes,Suffrages exprimés,SUFFRAGES EXPRIMÉS,SUFFRAGES EXPRIMÉS,SUFFRAGES EXPRIMÉS,31679.0,97.98,31980.0,97.96,https://fr.wikipedia.org/wiki/%C3%89lections_l%C3%A9gislatives_de_2024_dans_la_Loire,,,,,474,495.0,1.47,1.52,178.0,170.0,0.55,0.52,32331,32645.0,100.0,100.0,18558,18265.0,36.47,35.88,50889,50910.0,63.53,64.12,1
41-4102,41,Loir-et-Cher,4102,2ème circonscription,Andrée Taurinya,andree taurinya,LFI (NFP),UG,LFI / NFP,LFI / NFP,13652.0,43.09,15584.0,48.73,https://fr.wikipedia.org/wiki/%C3%89lections_l%C3%A9gislatives_de_2024_dans_la_Loire,,,,,474,495.0,1.47,1.52,178.0,170.0,0.55,0.52,32331,32645.0,100.0,100.0,18558,18265.0,36.47,35.88,50889,50910.0,63.53,64.12,2
41-4102,41,Loir-et-Cher,4102,2ème circonscription,Hervé Breuil,herve breuil,RN,RN,Rassemblement national,Rassemblement national,8595.0,27.13,9128.0,28.54,https://fr.wikipedia.org/wiki/%C3%89lections_l%C3%A9gislatives_de_2024_dans_la_Loire,,,,,474,495.0,1.47,1.52,178.0,170.0,0.55,0.52,32331,32645.0,100.0,100.0,18558,18265.0,36.47,35.88,50889,50910.0,63.53,64.12,3
41-4102,41,Loir-et-Cher,4102,2ème circonscription,Éric Le Jaouen,eric le jaouen,UDI (ENS),UDI,UDI,UDI,7310.0,23.08,7268.0,22.73,https://fr.wikipedia.org/wiki/%C3%89lections_l%C3%A9gislatives_de_2024_dans_la_Loire,,,,,474,495.0,1.47,1.52,178.0,170.0,0.55,0.52,32331,32645.0,100.0,100.0,18558,18265.0,36.47,35.88,50889,50910.0,63.53,64.12,4
41-4103,41,Loir-et-Cher,4103,3ème circonscription,Suffrages exprimés,suffrages exprimes,Suffrages exprimés,SUFFRAGES EXPRIMÉS,SUFFRAGES EXPRIMÉS,SUFFRAGES EXPRIMÉS,55791.0,97.3,55238.0,95.71,https://fr.wikipedia.org/wiki/%C3%89lections_l%C3%A9gislatives_de_2024_dans_la_Loire,,,,,1310,2086.0,2.28,3.61,240.0,388.0,0.42,0.67,57341,57712.0,100.0,100.0,27063,26716.0,32.06,31.64,84404,84428.0,67.94,68.36,1
41-4103,41,Loir-et-Cher,4103,3ème circonscription,Emmanuel Mandon,emmanuel mandon,MoDem (ENS),ENS,Ensemble,Ensemble,16243.0,29.11,30634.0,55.46,https://fr.wikipedia.org/wiki/%C3%89lections_l%C3%A9gislatives_de_2024_dans_la_Loire,,,,,1310,2086.0,2.28,3.61,240.0,388.0,0.42,0.67,57341,57712.0,100.0,100.0,27063,26716.0,32.06,31.64,84404,84428.0,67.94,68.36,2
41-4103,41,Loir-et-Cher,4103,3ème circonscription,Angelina La Marca,angelina la marca,RN,RN,Rassemblement national,Rassemblement national,22813.0,40.89,24604.0,44.54,https://fr.wikipedia.org/wiki/%C3%89lections_l%C3%A9gislatives_de_2024_dans_la_Loire,,,,,1310,2086.0,2.28,3.61,240.0,388.0,0.42,0.67,57341,57712.0,100.0,100.0,27063,26716.0,32.06,31.64,84404,84428.0,67.94,68.36,3
41-4104,41,Loir-et-Cher,4104,4ème circonscription,Suffrages exprimés,suffrages exprimes,Suffrages exprimés,SUFFRAGES EXPRIMÉS,SUFFRAGES EXPRIMÉS,SUFFRAGES EXPRIMÉS,70470.0,97.28,69323.0,95.56,https://fr.wikipedia.org/wiki/%C3%89lections_l%C3%A9gislatives_de_2024_dans_la_Loire,,,,,1513,2493.0,2.09,3.44,458.0,731.0,0.63,1.01,72441,72547.0,100.0,100.0,32052,31982.0,30.67,30.6,104493,104529.0,69.33,69.4,1
41-4104,41,Loir-et-Cher,4104,4ème circonscription,Sylvie Bonnet,sylvie bonnet,LR (UDC),LR,Les Républicains,Les Républicains,21649.0,30.72,38420.0,55.42,https://fr.wikipedia.org/wiki/%C3%89lections_l%C3%A9gislatives_de_2024_dans_la_Loire,,,,,1513,2493.0,2.09,3.44,458.0,731.0,0.63,1.01,72441,72547.0,100.0,100.0,32052,31982.0,30.67,30.6,104493,104529.0,69.33,69.4,2
41-4104,41,Loir-et-Cher,4104,4ème circonscription,Gerbert Rambaud[24],gerbert rambaud 24,RN - DLF,RN,Rassemblement national,Rassemblement national,28753.0,40.8,30903.0,44.58,https://fr.wikipedia.org/wiki/%C3%89lections_l%C3%A9gislatives_de_2024_dans_la_Loire,,,,,1513,2493.0,2.09,3.44,458.0,731.0,0.63,1.01,72441,72547.0,100.0,100.0,32052,31982.0,30.67,30.6,104493,104529.0,69.33,69.4,3
41-4105,41,Loir-et-Cher,4105,5ème circonscription,Suffrages exprimés,suffrages exprimes,Suffrages exprimés,SUFFRAGES EXPRIMÉS,SUFFRAGES EXPRIMÉS,SUFFRAGES EXPRIMÉS,71050.0,97.68,71636.0,97.84,https://fr.wikipedia.org/wiki/%C3%89lections_l%C3%A9gislatives_de_2024_dans_la_Loire,,,,,1187,1132.0,1.63,1.55,497.0,446.0,0.68,0.61,72734,73214.0,100.0,100.0,28855,28393.0,28.4,27.94,101589,101607.0,71.6,72.06,1
41-4105,41,Loir-et-Cher,4105,5ème circonscription,Antoine Vermorel-Marques,antoine vermorel marques,LR (UDC),LR,Les Républicains,Les Républicains,29832.0,41.99,36613.0,51.11,https://fr.wikipedia.org/wiki/%C3%89lections_l%C3%A9gislatives_de_2024_dans_la_Loire,,,,,1187,1132.0,1.63,1.55,497.0,446.0,0.68,0.61,72734,73214.0,100.0,100.0,28855,28393.0,28.4,27.94,101589,101607.0,71.6,72.06,2
41-4105,41,Loir-et-Cher,4105,5ème circonscription,Sandrine Granger,sandrine granger,RN,RN,Rassemblement national,Rassemblement national,25644.0,36.09,26893.0,37.54,https://fr.wikipedia.org/wiki/%C3%89lections_l%C3%A9gislatives_de_2024_dans_la_Loire,,,,,1187,1132.0,1.63,1.55,497.0,446.0,0.68,0.61,72734,73214.0,100.0,100.0,28855,28393.0,28.4,27.94,101589,101607.0,71.6,72.06,3
41-4105,41,Loir-et-Cher,4105,5ème circonscription,Ismaël Stevenson,ismael stevenson,LFI (NFP),UG,LFI / NFP,LFI / NFP,13039.0,18.35,8130.0,11.35,https://fr.wikipedia.org/wiki/%C3%89lections_l%C3%A9gislatives_de_2024_dans_la_Loire,,,,,1187,1132.0,1.63,1.55,497.0,446.0,0.68,0.61,72734,73214.0,100.0,100.0,28855,28393.0,28.4,27.94,101589,101607.0,71.6,72.06,4
41-4106,41,Loir-et-Cher,4106,6ème circonscription,Suffrages exprimés,suffrages exprimes,Suffrages exprimés,SUFFRAGES EXPRIMÉS,SUFFRAGES EXPRIMÉS,SUFFRAGES EXPRIMÉS,78105.0,97.35,77248.0,95.72,https://fr.wikipedia.org/wiki/%C3%89lections_l%C3%A9gislatives_de_2024_dans_la_Loire,,,,,1548,2496.0,1.93,3.09,581.0,957.0,0.72,1.19,80234,80701.0,100.0,100.0,31623,31169.0,28.27,27.86,111857,111870.0,71.73,72.14,1
41-4106,41,Loir-et-Cher,4106,6ème circonscription,Jean-Pierre Taite,jean pierre taite,LR (UDC),LR,Les Républicains,Les Républicains,21724.0,27.81,42621.0,55.17,https://fr.wikipedia.org/wiki/%C3%89lections_l%C3%A9gislatives_de_2024_dans_la_Loire,,,,,1548,2496.0,1.93,3.09,581.0,957.0,0.72,1.19,80234,80701.0,100.0,100.0,31623,31169.0,28.27,27.86,111857,111870.0,71.73,72.14,2
41-4106,41,Loir-et-Cher,4106,6ème circonscription,Grégoire Granger,gregoire granger,RN,RN,Rassemblement national,Rassemblement national,31016.0,39.71,34627.0,44.83,https://fr.wikipedia.org/wiki/%C3%89lections_l%C3%A9gislatives_de_2024_dans_la_Loire,,,,,1548,2496.0,1.93,3.09,581.0,957.0,0.72,1.19,80234,80701.0,100.0,100.0,31623,31169.0,28.27,27.86,111857,111870.0,71.73,72.14,3
42-4201,42,Loire,4201,1ère circonscription,Suffrages exprimés,suffrages exprimes,Suffrages exprimés,SUFFRAGES EXPRIMÉS,SUFFRAGES EXPRIMÉS,SUFFRAGES EXPRIMÉS,41588.0,98.03,39794.0,93.16,https://fr.wikipedia.org/wiki/%C3%89lections_l%C3%A9gislatives_de_2024_dans_la_Loire,,,,,585,2271.0,1.38,5.32,250.0,650.0,0.59,1.52,42423,42715.0,100.0,100.0,21540,21275.0,33.68,33.25,63963,63990.0,66.32,66.75,1
42-4201,42,Loire,4201,1ère circonscription,Pierrick Courbon,pierrick courbon,PS (NFP),UG,Autre NFP,Autre NFP,16778.0,40.34,24032.0,60.39,https://fr.wikipedia.org/wiki/%C3%89lections_l%C3%A9gislatives_de_2024_dans_la_Loire,,,,,585,2271.0,1.38,5.32,250.0,650.0,0.59,1.52,42423,42715.0,100.0,100.0,21540,21275.0,33.68,33.25,63963,63990.0,66.32,66.75,2
42-4201,42,Loire,4201,1ère circonscription,Marie Simon,marie simon,RN,RN,Rassemblement national,Rassemblement national,13296.0,31.97,15762.0,39.61,https://fr.wikipedia.org/wiki/%C3%89lections_l%C3%A9gislatives_de_2024_dans_la_Loire,,,,,585,2271.0,1.38,5.32,250.0,650.0,0.59,1.52,42423,42715.0,100.0,100.0,21540,21275.0,33.68,33.25,63963,63990.0,66.32,66.75,3
42-4202,42,Loire,4202,2ème circonscription,Suffrages exprimés,suffrages exprimes,Suffrages exprimés,SUFFRAGES EXPRIMÉS,SUFFRAGES EXPRIMÉS,SUFFRAGES EXPRIMÉS,31679.0,97.98,31980.0,97.96,https://fr.wikipedia.org/wiki/%C3%89lections_l%C3%A9gislatives_de_2024_dans_la_Loire,,,,,474,495.0,1.47,1.52,178.0,170.0,0.55,0.52,32331,32645.0,100.0,100.0,18558,18265.0,36.47,35.88,50889,50910.0,63.53,64.12,1
42-4202,42,Loire,4202,2ème circonscription,Andrée Taurinya,andree taurinya,LFI (NFP),UG,LFI / NFP,LFI / NFP,13652.0,43.09,15584.0,48.73,https://fr.wikipedia.org/wiki/%C3%89lections_l%C3%A9gislatives_de_2024_dans_la_Loire,,,,,474,495.0,1.47,1.52,178.0,170.0,0.55,0.52,32331,32645.0,100.0,100.0,18558,18265.0,36.47,35.88,50889,50910.0,63.53,64.12,2
42-4202,42,Loire,4202,2ème circonscription,Hervé Breuil,herve breuil,RN,RN,Rassemblement national,Rassemblement national,8595.0,27.13,9128.0,28.54,https://fr.wikipedia.org/wiki/%C3%89lections_l%C3%A9gislatives_de_2024_dans_la_Loire,,,,,474,495.0,1.47,1.52,178.0,170.0,0.55,0.52,32331,32645.0,100.0,100.0,18558,18265.0,36.47,35.88,50889,50910.0,63.53,64.12,3
42-4202,42,Loire,4202,2ème circonscription,Éric Le Jaouen,eric le jaouen,UDI (ENS),UDI,UDI,UDI,7310.0,23.08,7268.0,22.73,https://fr.wikipedia.org/wiki/%C3%89lections_l%C3%A9gislatives_de_2024_dans_la_Loire,,,,,474,495.0,1.47,1.52,178.0,170.0,0.55,0.52,32331,32645.0,100.0,100.0,18558,18265.0,36.47,35.88,50889,50910.0,63.53,64.12,4
42-4203,42,Loire,4203,3ème circonscription,Suffrages exprimés,suffrages exprimes,Suffrages exprimés,SUFFRAGES EXPRIMÉS,SUFFRAGES EXPRIMÉS,SUFFRAGES EXPRIMÉS,55791.0,97.3,55238.0,95.71,https://fr.wikipedia.org/wiki/%C3%89lections_l%C3%A9gislatives_de_2024_dans_la_Loire,,,,,1310,2086.0,2.28,3.61,240.0,388.0,0.42,0.67,57341,57712.0,100.0,100.0,27063,26716.0,32.06,31.64,84404,84428.0,67.94,68.36,1
42-4203,42,Loire,4203,3ème circonscription,Emmanuel Mandon,emmanuel mandon,MoDem (ENS),ENS,Ensemble,Ensemble,16243.0,29.11,30634.0,55.46,https://fr.wikipedia.org/wiki/%C3%89lections_l%C3%A9gislatives_de_2024_dans_la_Loire,,,,,1310,2086.0,2.28,3.61,240.0,388.0,0.42,0.67,57341,57712.0,100.0,100.0,27063,26716.0,32.06,31.64,84404,84428.0,67.94,68.36,2
42-4203,42,Loire,4203,3ème circonscription,Angelina La Marca,angelina la marca,RN,RN,Rassemblement national,Rassemblement national,22813.0,40.89,24604.0,44.54,https://fr.wikipedia.org/wiki/%C3%89lections_l%C3%A9gislatives_de_2024_dans_la_Loire,,,,,1310,2086.0,2.28,3.61,240.0,388.0,0.42,0.67,57341,57712.0,100.0,100.0,27063,26716.0,32.06,31.64,84404,84428.0,67.94,68.36,3
42-4204,42,Loire,4204,4ème circonscription,Suffrages exprimés,suffrages exprimes,Suffrages exprimés,SUFFRAGES EXPRIMÉS,SUFFRAGES EXPRIMÉS,SUFFRAGES EXPRIMÉS,70470.0,97.28,69323.0,95.56,https://fr.wikipedia.org/wiki/%C3%89lections_l%C3%A9gislatives_de_2024_dans_la_Loire,,,,,1513,2493.0,2.09,3.44,458.0,731.0,0.63,1.01,72441,72547.0,100.0,100.0,32052,31982.0,30.67,30.6,104493,104529.0,69.33,69.4,1
42-4204,42,Loire,4204,4ème circonscription,Sylvie Bonnet,sylvie bonnet,LR (UDC),LR,Les Républicains,Les Républicains,21649.0,30.72,38420.0,55.42,https://fr.wikipedia.org/wiki/%C3%89lections_l%C3%A9gislatives_de_2024_dans_la_Loire,,,,,1513,2493.0,2.09,3.44,458.0,731.0,0.63,1.01,72441,72547.0,100.0,100.0,32052,31982.0,30.67,30.6,104493,104529.0,69.33,69.4,2
42-4204,42,Loire,4204,4ème circonscription,Gerbert Rambaud[24],gerbert rambaud 24,RN - DLF,RN,Rassemblement national,Rassemblement national,28753.0,40.8,30903.0,44.58,https://fr.wikipedia.org/wiki/%C3%89lections_l%C3%A9gislatives_de_2024_dans_la_Loire,,,,,1513,2493.0,2.09,3.44,458.0,731.0,0.63,1.01,72441,72547.0,100.0,100.0,32052,31982.0,30.67,30.6,104493,104529.0,69.33,69.4,3
42-4205,42,Loire,4205,5ème circonscription,Suffrages exprimés,suffrages exprimes,Suffrages exprimés,SUFFRAGES EXPRIMÉS,SUFFRAGES EXPRIMÉS,SUFFRAGES EXPRIMÉS,71050.0,97.68,71636.0,97.84,https://fr.wikipedia.org/wiki/%C3%89lections_l%C3%A9gislatives_de_2024_dans_la_Loire,,,,,1187,1132.0,1.63,1.55,497.0,446.0,0.68,0.61,72734,73214.0,100.0,100.0,28855,28393.0,28.4,27.94,101589,101607.0,71.6,72.06,1
42-4205,42,Loire,4205,5ème circonscription,Antoine Vermorel-Marques,antoine vermorel marques,LR (UDC),LR,Les Républicains,Les Républicains,29832.0,41.99,36613.0,51.11,https://fr.wikipedia.org/wiki/%C3%89lections_l%C3%A9gislatives_de_2024_dans_la_Loire,,,,,1187,1132.0,1.63,1.55,497.0,446.0,0.68,0.61,72734,73214.0,100.0,100.0,28855,28393.0,28.4,27.94,101589,101607.0,71.6,72.06,2
42-4205,42,Loire,4205,5ème circonscription,Sandrine Granger,sandrine granger,RN,RN,Rassemblement national,Rassemblement national,25644.0,36.09,26893.0,37.54,https://fr.wikipedia.org/wiki/%C3%89lections_l%C3%A9gislatives_de_2024_dans_la_Loire,,,,,1187,1132.0,1.63,1.55,497.0,446.0,0.68,0.61,72734,73214.0,100.0,100.0,28855,28393.0,28.4,27.94,101589,101607.0,71.6,72.06,3
42-4205,42,Loire,4205,5ème circonscription,Ismaël Stevenson,ismael stevenson,LFI (NFP),UG,LFI / NFP,LFI / NFP,13039.0,18.35,8130.0,11.35,https://fr.wikipedia.org/wiki/%C3%89lections_l%C3%A9gislatives_de_2024_dans_la_Loire,,,,,1187,1132.0,1.63,1.55,497.0,446.0,0.68,0.61,72734,73214.0,100.0,100.0,28855,28393.0,28.4,27.94,101589,101607.0,71.6,72.06,4
42-4206,42,Loire,4206,6ème circonscription,Suffrages exprimés,suffrages exprimes,Suffrages exprimés,SUFFRAGES EXPRIMÉS,SUFFRAGES EXPRIMÉS,SUFFRAGES EXPRIMÉS,78105.0,97.35,77248.0,95.72,https://fr.wikipedia.org/wiki/%C3%89lections_l%C3%A9gislatives_de_2024_dans_la_Loire,,,,,1548,2496.0,1.93,3.09,581.0,957.0,0.72,1.19,80234,80701.0,100.0,100.0,31623,31169.0,28.27,27.86,111857,111870.0,71.73,72.14,1
42-4206,42,Loire,4206,6ème circonscription,Jean-Pierre Taite,jean pierre taite,LR (UDC),LR,Les Républicains,Les Républicains,21724.0,27.81,42621.0,55.17,https://fr.wikipedia.org/wiki/%C3%89lections_l%C3%A9gislatives_de_2024_dans_la_Loire,,,,,1548,2496.0,1.93,3.09,581.0,957.0,0.72,1.19,80234,80701.0,100.0,100.0,31623,31169.0,28.27,27.86,111857,111870.0,71.73,72.14,2
42-4206,42,Loire,4206,6ème circonscription,Grégoire Granger,gregoire granger,RN,RN,Rassemblement national,Rassemblement national,31016.0,39.71,34627.0,44.83,https://fr.wikipedia.org/wiki/%C3%89lections_l%C3%A9gislatives_de_2024_dans_la_Loire,,,,,1548,2496.0,1.93,3.09,581.0,957.0,0.72,1.19,80234,80701.0,100.0,100.0,31623,31169.0,28.27,27.86,111857,111870.0,71.73,72.14,3
43-4301,43,Haute-Loire,4301,1ère circonscription,Suffrages exprimés,suffrages exprimes,Suffrages exprimés,SUFFRAGES EXPRIMÉS,SUFFRAGES EXPRIMÉS,SUFFRAGES EXPRIMÉS,73398.0,98.04,69512.0,93.94,https://fr.wikipedia.org/wiki/%C3%89lections_l%C3%A9gislatives_de_2024_dans_la_Haute-Loire,,,,,1020,3408.0,1.36,4.61,448.0,1075.0,0.6,1.45,74866,73995.0,100.0,100.0,27850,28721.0,27.11,27.96,102716,102716.0,72.89,72.04,1
43-4301,43,Haute-Loire,4301,1ère circonscription,Laurent Wauquiez,laurent wauquiez,LR (UDC),LR,Les Républicains,Les Républicains,27013.0,36.8,42828.0,61.61,https://fr.wikipedia.org/wiki/%C3%89lections_l%C3%A9gislatives_de_2024_dans_la_Haute-Loire,,,,,1020,3408.0,1.36,4.61,448.0,1075.0,0.6,1.45,74866,73995.0,100.0,100.0,27850,28721.0,27.11,27.96,102716,102716.0,72.89,72.04,2
43-4301,43,Haute-Loire,4301,1ère circonscription,Alexandre Heuzey,alexandre heuzey,RN,RN,Rassemblement national,Rassemblement national,25091.0,34.18,26684.0,38.39,https://fr.wikipedia.org/wiki/%C3%89lections_l%C3%A9gislatives_de_2024_dans_la_Haute-Loire,,,,,1020,3408.0,1.36,4.61,448.0,1075.0,0.6,1.45,74866,73995.0,100.0,100.0,27850,28721.0,27.11,27.96,102716,102716.0,72.89,72.04,3
43-4302,43,Haute-Loire,4302,2ème circonscription,Suffrages exprimés,suffrages exprimes,Suffrages exprimés,SUFFRAGES EXPRIMÉS,SUFFRAGES EXPRIMÉS,SUFFRAGES EXPRIMÉS,55758.0,97.7,53662.0,95.43,https://fr.wikipedia.org/wiki/%C3%89lections_l%C3%A9gislatives_de_2024_dans_la_Haute-Loire,,,,,834,1867.0,1.46,3.32,481.0,703.0,0.84,1.25,57073,56232.0,100.0,100.0,22317,23160.0,28.11,29.17,79390,79392.0,71.89,70.83,1
43-4302,43,Haute-Loire,4302,2ème circonscription,Jean-Pierre Vigier,jean pierre vigier,LR (UDC),LR,Les Républicains,Les Républicains,21573.0,38.69,34629.0,64.53,https://fr.wikipedia.org/wiki/%C3%89lections_l%C3%A9gislatives_de_2024_dans_la_Haute-Loire,,,,,834,1867.0,1.46,3.32,481.0,703.0,0.84,1.25,57073,56232.0,100.0,100.0,22317,23160.0,28.11,29.17,79390,79392.0,71.89,70.83,2
43-4302,43,Haute-Loire,4302,2ème circonscription,Suzanne Fourets,suzanne fourets,RN,RN,Rassemblement national,Rassemblement national,17885.0,32.08,19033.0,35.47,https://fr.wikipedia.org/wiki/%C3%89lections_l%C3%A9gislatives_de_2024_dans_la_Haute-Loire,,,,,834,1867.0,1.46,3.32,481.0,703.0,0.84,1.25,57073,56232.0,100.0,100.0,22317,23160.0,28.11,29.17,79390,79392.0,71.89,70.83,3
44-4401,44,Loire-Atlantique,4401,1ère circonscription,Karim Benbrahim,karim benbrahim,PS (NFP),UG,Autre NFP,Autre NFP,23671.0,43.2,24963.0,46.16,https://fr.wikipedia.org/wiki/%C3%89lections_l%C3%A9gislatives_de_2024_dans_la_Loire-Atlantique,54798.0,54074.0,97.55,98.08,1193,910.0,2.12,1.65,181.0,148.0,0.32,0.27,56172,55132.0,100.0,100.0,21170,22213.0,27.37,28.72,77342,77345.0,72.63,71.28,1
44-4401,44,Loire-Atlantique,4401,1ère circonscription,Mounir Belhamiti[17],mounir belhamiti 17,RE - TdP (ENS),ENS,Ensemble,Ensemble,20488.0,37.39,20610.0,38.11,https://fr.wikipedia.org/wiki/%C3%89lections_l%C3%A9gislatives_de_2024_dans_la_Loire-Atlantique,54798.0,54074.0,97.55,98.08,1193,910.0,2.12,1.65,181.0,148.0,0.32,0.27,56172,55132.0,100.0,100.0,21170,22213.0,27.37,28.72,77342,77345.0,72.63,71.28,2
44-4401,44,Loire-Atlantique,4401,1ère circonscription,Bryan Pecqueur,bryan pecqueur,RN,RN,Rassemblement national,Rassemblement national,9937.0,18.13,8501.0,15.72,https://fr.wikipedia.org/wiki/%C3%89lections_l%C3%A9gislatives_de_2024_dans_la_Loire-Atlantique,54798.0,54074.0,97.55,98.08,1193,910.0,2.12,1.65,181.0,148.0,0.32,0.27,56172,55132.0,100.0,100.0,21170,22213.0,27.37,28.72,77342,77345.0,72.63,71.28,3
44-4402,44,Loire-Atlantique,4402,2ème circonscription,Ségolène Amiot,segolene amiot,LFI (NFP),UG,LFI / NFP,LFI / NFP,29285.0,44.56,32216.0,50.13,https://fr.wikipedia.org/wiki/%C3%89lections_l%C3%A9gislatives_de_2024_dans_la_Loire-Atlantique,65716.0,64261.0,97.69,97.22,1242,1574.0,1.85,2.38,315.0,262.0,0.47,0.4,67273,66097.0,100.0,100.0,30116,31313.0,30.92,32.15,97389,97410.0,69.08,67.85,1
44-4402,44,Loire-Atlantique,4402,2ème circonscription,Matthieu Annereau,matthieu annereau,RE (ENS),ENS,Ensemble,Ensemble,16135.0,24.55,18099.0,28.16,https://fr.wikipedia.org/wiki/%C3%89lections_l%C3%A9gislatives_de_2024_dans_la_Loire-Atlantique,65716.0,64261.0,97.69,97.22,1242,1574.0,1.85,2.38,315.0,262.0,0.47,0.4,67273,66097.0,100.0,100.0,30116,31313.0,30.92,32.15,97389,97410.0,69.08,67.85,2
44-4402,44,Loire-Atlantique,4402,2ème circonscription,Laurie Arc,laurie arc,RN,RN,Rassemblement national,Rassemblement national,13425.0,20.43,13946.0,21.7,https://fr.wikipedia.org/wiki/%C3%89lections_l%C3%A9gislatives_de_2024_dans_la_Loire-Atlantique,65716.0,64261.0,97.69,97.22,1242,1574.0,1.85,2.38,315.0,262.0,0.47,0.4,67273,66097.0,100.0,100.0,30116,31313.0,30.92,32.15,97389,97410.0,69.08,67.85,3
44-4403,44,Loire-Atlantique,4403,3ème circonscription,Julie Laernoes,julie laernoes,LÉ (NFP),UG,Autre NFP,Autre NFP,30619.0,46.83,34265.0,53.4,https://fr.wikipedia.org/wiki/%C3%89lections_l%C3%A9gislatives_de_2024_dans_la_Loire-Atlantique,65381.0,64168.0,97.89,97.51,984,1216.0,1.47,1.85,423.0,421.0,0.63,0.64,66788,65805.0,100.0,100.0,26440,27453.0,28.36,29.44,93228,93258.0,71.64,70.56,1
44-4403,44,Loire-Atlantique,4403,3ème circonscription,Aude Amadou,aude amadou,RE (ENS),ENS,Ensemble,Ensemble,14815.0,22.66,16225.0,25.29,https://fr.wikipedia.org/wiki/%C3%89lections_l%C3%A9gislatives_de_2024_dans_la_Loire-Atlantique,65381.0,64168.0,97.89,97.51,984,1216.0,1.47,1.85,423.0,421.0,0.63,0.64,66788,65805.0,100.0,100.0,26440,27453.0,28.36,29.44,93228,93258.0,71.64,70.56,2
44-4403,44,Loire-Atlantique,4403,3ème circonscription,Gaëlle Pineau,gaelle pineau,RN,RN,Rassemblement national,Rassemblement national,13116.0,20.06,13678.0,21.32,https://fr.wikipedia.org/wiki/%C3%89lections_l%C3%A9gislatives_de_2024_dans_la_Loire-Atlantique,65381.0,64168.0,97.89,97.51,984,1216.0,1.47,1.85,423.0,421.0,0.63,0.64,66788,65805.0,100.0,100.0,26440,27453.0,28.36,29.44,93228,93258.0,71.64,70.56,3
44-4404,44,Loire-Atlantique,4404,4ème circonscription,Fabrice Roussel,fabrice roussel,PS (NFP),UG,Autre NFP,Autre NFP,34673.0,37.73,36774.0,39.91,https://fr.wikipedia.org/wiki/%C3%89lections_l%C3%A9gislatives_de_2024_dans_la_Loire-Atlantique,91897.0,92133.0,97.38,97.75,1820,1642.0,1.93,1.74,649.0,478.0,0.69,0.51,94366,94253.0,100.0,100.0,33612,33757.0,26.26,26.37,127978,128010.0,73.74,73.63,1
44-4404,44,Loire-Atlantique,4404,4ème circonscription,Sarah El Haïry,sarah el hairy,MoDem (ENS),ENS,Ensemble,Ensemble,33241.0,36.17,34441.0,37.38,https://fr.wikipedia.org/wiki/%C3%89lections_l%C3%A9gislatives_de_2024_dans_la_Loire-Atlantique,91897.0,92133.0,97.38,97.75,1820,1642.0,1.93,1.74,649.0,478.0,0.69,0.51,94366,94253.0,100.0,100.0,33612,33757.0,26.26,26.37,127978,128010.0,73.74,73.63,2
44-4404,44,Loire-Atlantique,4404,4ème circonscription,"Bruno Comby[27],[28]",bruno comby 27 28,RÀD (RN),UXD,Union de l'extrême droite,Union de l'extrême droite,22722.0,24.73,20918.0,22.7,https://fr.wikipedia.org/wiki/%C3%89lections_l%C3%A9gislatives_de_2024_dans_la_Loire-Atlantique,91897.0,92133.0,97.38,97.75,1820,1642.0,1.93,1.74,649.0,478.0,0.69,0.51,94366,94253.0,100.0,100.0,33612,33757.0,26.26,26.37,127978,128010.0,73.74,73.63,3
44-4405,44,Loire-Atlantique,4405,5ème circonscription,Jean-Claude Raux,jean claude raux,T44 (NFP),UG,Autre NFP,Autre NFP,26919.0,34.16,32186.0,40.06,https://fr.wikipedia.org/wiki/%C3%89lections_l%C3%A9gislatives_de_2024_dans_la_Loire-Atlantique,78794.0,80337.0,96.69,97.35,1919,1628.0,2.35,1.97,778.0,555.0,0.95,0.67,81491,82520.0,100.0,100.0,35797,34806.0,30.52,29.67,117288,117326.0,69.48,70.33,1
44-4405,44,Loire-Atlantique,4405,5ème circonscription,Julio Pichon,julio pichon,RN,RN,Rassemblement national,Rassemblement national,25886.0,32.85,27738.0,34.53,https://fr.wikipedia.org/wiki/%C3%89lections_l%C3%A9gislatives_de_2024_dans_la_Loire-Atlantique,78794.0,80337.0,96.69,97.35,1919,1628.0,2.35,1.97,778.0,555.0,0.95,0.67,81491,82520.0,100.0,100.0,35797,34806.0,30.52,29.67,117288,117326.0,69.48,70.33,2
44-4405,44,Loire-Atlantique,4405,5ème circonscription,Alain Hunault[30],alain hunault 30,SE (UDC),DVD,Divers droite,Divers droite,22993.0,29.18,20413.0,25.41,https://fr.wikipedia.org/wiki/%C3%89lections_l%C3%A9gislatives_de_2024_dans_la_Loire-Atlantique,78794.0,80337.0,96.69,97.35,1919,1628.0,2.35,1.97,778.0,555.0,0.95,0.67,81491,82520.0,100.0,100.0,35797,34806.0,30.52,29.67,117288,117326.0,69.48,70.33,3
44-4406,44,Loire-Atlantique,4406,6ème circonscription,Sandrine Josso,sandrine josso,MoDem (ENS),ENS,Ensemble,Ensemble,23489.0,28.49,48531.0,59.95,https://fr.wikipedia.org/wiki/%C3%89lections_l%C3%A9gislatives_de_2024_dans_la_Loire-Atlantique,82439.0,80956.0,96.35,94.4,2478,3751.0,2.9,4.37,646.0,1052.0,0.75,1.23,85563,85759.0,100.0,100.0,33383,33203.0,28.07,27.91,118946,118962.0,71.93,72.09,1
44-4406,44,Loire-Atlantique,4406,6ème circonscription,Michel Hunault,michel hunault,RÀD (RN),UXD,Union de l'extrême droite,Union de l'extrême droite,23210.0,28.15,32425.0,40.05,https://fr.wikipedia.org/wiki/%C3%89lections_l%C3%A9gislatives_de_2024_dans_la_Loire-Atlantique,82439.0,80956.0,96.35,94.4,2478,3751.0,2.9,4.37,646.0,1052.0,0.75,1.23,85563,85759.0,100.0,100.0,33383,33203.0,28.07,27.91,118946,118962.0,71.93,72.09,2
44-4407,44,Loire-Atlantique,4407,7ème circonscription,Matthias Tavel,matthias tavel,LFI (NFP),UG,LFI / NFP,LFI / NFP,18317.0,30.99,32922.0,61.68,https://fr.wikipedia.org/wiki/%C3%89lections_l%C3%A9gislatives_de_2024_dans_la_Loire-Atlantique,59115.0,53376.0,97.79,88.94,945,5002.0,1.56,8.33,392.0,1634.0,0.65,2.72,60452,60012.0,100.0,100.0,30695,31157.0,33.68,34.17,91147,91169.0,66.32,65.83,1
44-4407,44,Loire-Atlantique,4407,7ème circonscription,Gauthier Bouchet,gauthier bouchet,RN,RN,Rassemblement national,Rassemblement national,17065.0,28.87,20454.0,38.32,https://fr.wikipedia.org/wiki/%C3%89lections_l%C3%A9gislatives_de_2024_dans_la_Loire-Atlantique,59115.0,53376.0,97.79,88.94,945,5002.0,1.56,8.33,392.0,1634.0,0.65,2.72,60452,60012.0,100.0,100.0,30695,31157.0,33.68,34.17,91147,91169.0,66.32,65.83,2
44-4408,44,Loire-Atlantique,4408,8ème circonscription,"Jean-Michel Brard[38],[39]",jean michel brard 38 39,SE (ENS)[d],DVD,Divers droite,Divers droite,29952.0,32.63,56024.0,62.86,https://fr.wikipedia.org/wiki/%C3%89lections_l%C3%A9gislatives_de_2024_dans_la_Loire-Atlantique,91804.0,89130.0,97.02,94.44,1943,4045.0,2.05,4.29,875.0,1207.0,0.92,1.28,94622,94382.0,100.0,100.0,38045,38285.0,28.68,28.86,132667,132667.0,71.32,71.14,1
44-4408,44,Loire-Atlantique,4408,8ème circonscription,Bastian Maldiney,bastian maldiney,RN,RN,Rassemblement national,Rassemblement national,29841.0,32.51,33106.0,37.14,https://fr.wikipedia.org/wiki/%C3%89lections_l%C3%A9gislatives_de_2024_dans_la_Loire-Atlantique,91804.0,89130.0,97.02,94.44,1943,4045.0,2.05,4.29,875.0,1207.0,0.92,1.28,94622,94382.0,100.0,100.0,38045,38285.0,28.68,28.86,132667,132667.0,71.32,71.14,2
44-4409,44,Loire-Atlantique,4409,9ème circonscription,Sophie Errante,sophie errante,RE (ENS),ENS,Ensemble,Ensemble,27555.0,30.57,38983.0,42.94,https://fr.wikipedia.org/wiki/%C3%89lections_l%C3%A9gislatives_de_2024_dans_la_Loire-Atlantique,90124.0,90782.0,97.25,97.0,1807,2097.0,1.95,2.24,744.0,709.0,0.8,0.76,92675,93588.0,100.0,100.0,33656,32768.0,26.64,25.93,126331,126356.0,73.36,74.07,1
44-4409,44,Loire-Atlantique,4409,9ème circonscription,Maxime Viancin,maxime viancin,LFI (NFP),UG,LFI / NFP,LFI / NFP,25055.0,27.8,25973.0,28.61,https://fr.wikipedia.org/wiki/%C3%89lections_l%C3%A9gislatives_de_2024_dans_la_Loire-Atlantique,90124.0,90782.0,97.25,97.0,1807,2097.0,1.95,2.24,744.0,709.0,0.8,0.76,92675,93588.0,100.0,100.0,33656,32768.0,26.64,25.93,126331,126356.0,73.36,74.07,2
44-4409,44,Loire-Atlantique,4409,9ème circonscription,Stéphanie Cotrel,stephanie cotrel,RN,RN,Rassemblement national,Rassemblement national,23574.0,26.16,25826.0,28.45,https://fr.wikipedia.org/wiki/%C3%89lections_l%C3%A9gislatives_de_2024_dans_la_Loire-Atlantique,90124.0,90782.0,97.25,97.0,1807,2097.0,1.95,2.24,744.0,709.0,0.8,0.76,92675,93588.0,100.0,100.0,33656,32768.0,26.64,25.93,126331,126356.0,73.36,74.07,3
45-4501,45,Loiret,4501,1ère circonscription,Suffrages exprimés,suffrages exprimes,Suffrages exprimés,SUFFRAGES EXPRIMÉS,SUFFRAGES EXPRIMÉS,SUFFRAGES EXPRIMÉS,53079.0,98.0,51576.0,95.22,https://fr.wikipedia.org/wiki/%C3%89lections_l%C3%A9gislatives_de_2024_dans_le_Loiret,,,,,803,1972.0,1.48,3.64,282.0,617.0,0.52,1.14,54164,54165.0,100.0,100.0,24145,24117.0,30.83,30.81,78309,78282.0,69.17,69.19,1
45-4501,45,Loiret,4501,1ère circonscription,Stéphanie Rist,stephanie rist,RE (ENS),ENS,Ensemble,Ensemble,16775.0,31.6,34909.0,67.68,https://fr.wikipedia.org/wiki/%C3%89lections_l%C3%A9gislatives_de_2024_dans_le_Loiret,,,,,803,1972.0,1.48,3.64,282.0,617.0,0.52,1.14,54164,54165.0,100.0,100.0,24145,24117.0,30.83,30.81,78309,78282.0,69.17,69.19,2
45-4501,45,Loiret,4501,1ère circonscription,Tiffanie Rabault,tiffanie rabault,RN,RN,Rassemblement national,Rassemblement national,14880.0,28.03,16667.0,32.32,https://fr.wikipedia.org/wiki/%C3%89lections_l%C3%A9gislatives_de_2024_dans_le_Loiret,,,,,803,1972.0,1.48,3.64,282.0,617.0,0.52,1.14,54164,54165.0,100.0,100.0,24145,24117.0,30.83,30.81,78309,78282.0,69.17,69.19,3
45-4502,45,Loiret,4502,2ème circonscription,Suffrages exprimés,suffrages exprimes,Suffrages exprimés,SUFFRAGES EXPRIMÉS,SUFFRAGES EXPRIMÉS,SUFFRAGES EXPRIMÉS,57602.0,97.9,53309.0,90.5,https://fr.wikipedia.org/wiki/%C3%89lections_l%C3%A9gislatives_de_2024_dans_le_Loiret,,,,,836,4330.0,1.42,7.35,398.0,1264.0,0.68,2.15,58836,58903.0,100.0,100.0,29765,29720.0,33.59,33.54,88601,88623.0,66.41,66.46,1
45-4502,45,Loiret,4502,2ème circonscription,Emmanuel Duplessy,emmanuel duplessy,G.s (NFP),UG,Autre NFP,Autre NFP,16148.0,28.03,29934.0,56.15,https://fr.wikipedia.org/wiki/%C3%89lections_l%C3%A9gislatives_de_2024_dans_le_Loiret,,,,,836,4330.0,1.42,7.35,398.0,1264.0,0.68,2.15,58836,58903.0,100.0,100.0,29765,29720.0,33.59,33.54,88601,88623.0,66.41,66.46,2
45-4502,45,Loiret,4502,2ème circonscription,Élodie Babin,elodie babin,RN,RN,Rassemblement national,Rassemblement national,18957.0,32.91,23375.0,43.85,https://fr.wikipedia.org/wiki/%C3%89lections_l%C3%A9gislatives_de_2024_dans_le_Loiret,,,,,836,4330.0,1.42,7.35,398.0,1264.0,0.68,2.15,58836,58903.0,100.0,100.0,29765,29720.0,33.59,33.54,88601,88623.0,66.41,66.46,3
45-4503,45,Loiret,4503,3ème circonscription,Suffrages exprimés,suffrages exprimes,Suffrages exprimés,SUFFRAGES EXPRIMÉS,SUFFRAGES EXPRIMÉS,SUFFRAGES EXPRIMÉS,46943.0,97.13,46690.0,96.03,https://fr.wikipedia.org/wiki/%C3%89lections_l%C3%A9gislatives_de_2024_dans_le_Loiret,,,,,1005,1427.0,2.08,2.94,382.0,501.0,0.79,1.03,48330,48618.0,100.0,100.0,22115,21841.0,31.39,31.0,70445,70459.0,68.61,69.0,1
45-4503,45,Loiret,4503,3ème circonscription,"Constance de Pélichy[16],[17]",constance de pelichy 16 17,SE (UDC)[b],DVD,Divers droite,Divers droite,15041.0,32.04,23863.0,51.11,https://fr.wikipedia.org/wiki/%C3%89lections_l%C3%A9gislatives_de_2024_dans_le_Loiret,,,,,1005,1427.0,2.08,2.94,382.0,501.0,0.79,1.03,48330,48618.0,100.0,100.0,22115,21841.0,31.39,31.0,70445,70459.0,68.61,69.0,2
45-4503,45,Loiret,4503,3ème circonscription,Mathilde Paris,mathilde paris,RN,RN,Rassemblement national,Rassemblement national,21373.0,45.53,22827.0,48.89,https://fr.wikipedia.org/wiki/%C3%89lections_l%C3%A9gislatives_de_2024_dans_le_Loiret,,,,,1005,1427.0,2.08,2.94,382.0,501.0,0.79,1.03,48330,48618.0,100.0,100.0,22115,21841.0,31.39,31.0,70445,70459.0,68.61,69.0,3
45-4504,45,Loiret,4504,4ème circonscription,Suffrages exprimés,suffrages exprimes,Suffrages exprimés,SUFFRAGES EXPRIMÉS,SUFFRAGES EXPRIMÉS,SUFFRAGES EXPRIMÉS,46785.0,97.38,43051.0,90.6,https://fr.wikipedia.org/wiki/%C3%89lections_l%C3%A9gislatives_de_2024_dans_le_Loiret,,,,,955,3419.0,1.99,7.2,305.0,1047.0,0.63,2.2,48045,47517.0,100.0,100.0,26054,26596.0,35.16,35.89,74099,74113.0,64.84,64.11,1
45-4504,45,Loiret,4504,4ème circonscription,Thomas Ménagé[20],thomas menage 20,LAF (RN),RN,Rassemblement national,Rassemblement national,23231.0,49.65,26947.0,62.59,https://fr.wikipedia.org/wiki/%C3%89lections_l%C3%A9gislatives_de_2024_dans_le_Loiret,,,,,955,3419.0,1.99,7.2,305.0,1047.0,0.63,2.2,48045,47517.0,100.0,100.0,26054,26596.0,35.16,35.89,74099,74113.0,64.84,64.11,2
45-4504,45,Loiret,4504,4ème circonscription,Bruno Nottin,bruno nottin,PCF (NFP),UG,PCF / NFP,PCF / NFP,9889.0,21.14,16104.0,37.41,https://fr.wikipedia.org/wiki/%C3%89lections_l%C3%A9gislatives_de_2024_dans_le_Loiret,,,,,955,3419.0,1.99,7.2,305.0,1047.0,0.63,2.2,48045,47517.0,100.0,100.0,26054,26596.0,35.16,35.89,74099,74113.0,64.84,64.11,3
45-4505,45,Loiret,4505,5ème circonscription,Suffrages exprimés,suffrages exprimes,Suffrages exprimés,SUFFRAGES EXPRIMÉS,SUFFRAGES EXPRIMÉS,SUFFRAGES EXPRIMÉS,48177.0,97.65,47334.0,95.49,https://fr.wikipedia.org/wiki/%C3%89lections_l%C3%A9gislatives_de_2024_dans_le_Loiret,,,,,793,1675.0,1.61,3.38,365.0,562.0,0.74,1.13,49335,49571.0,100.0,100.0,24246,24034.0,32.95,32.65,73581,73605.0,67.05,67.35,1
45-4505,45,Loiret,4505,5ème circonscription,Anthony Brosse,anthony brosse,RE (ENS),ENS,Ensemble,Ensemble,10604.0,22.01,23999.0,50.7,https://fr.wikipedia.org/wiki/%C3%89lections_l%C3%A9gislatives_de_2024_dans_le_Loiret,,,,,793,1675.0,1.61,3.38,365.0,562.0,0.74,1.13,49335,49571.0,100.0,100.0,24246,24034.0,32.95,32.65,73581,73605.0,67.05,67.35,2
45-4505,45,Loiret,4505,5ème circonscription,Jean-Lin Lacapelle,jean lin lacapelle,RN,RN,Rassemblement national,Rassemblement national,20893.0,43.37,23335.0,49.3,https://fr.wikipedia.org/wiki/%C3%89lections_l%C3%A9gislatives_de_2024_dans_le_Loiret,,,,,793,1675.0,1.61,3.38,365.0,562.0,0.74,1.13,49335,49571.0,100.0,100.0,24246,24034.0,32.95,32.65,73581,73605.0,67.05,67.35,3
45-4506,45,Loiret,4506,6ème circonscription,Suffrages exprimés,suffrages exprimes,Suffrages exprimés,SUFFRAGES EXPRIMÉS,SUFFRAGES EXPRIMÉS,SUFFRAGES EXPRIMÉS,51090.0,97.69,50129.0,95.78,https://fr.wikipedia.org/wiki/%C3%89lections_l%C3%A9gislatives_de_2024_dans_le_Loiret,,,,,867,1676.0,1.66,3.2,340.0,530.0,0.65,1.01,52297,52335.0,100.0,100.0,23787,23769.0,31.26,31.23,76084,76104.0,68.74,68.77,1
45-4506,45,Loiret,4506,6ème circonscription,Richard Ramos,richard ramos,MoDem (ENS),ENS,Ensemble,Ensemble,15635.0,30.6,31737.0,63.31,https://fr.wikipedia.org/wiki/%C3%89lections_l%C3%A9gislatives_de_2024_dans_le_Loiret,,,,,867,1676.0,1.66,3.2,340.0,530.0,0.65,1.01,52297,52335.0,100.0,100.0,23787,23769.0,31.26,31.23,76084,76104.0,68.74,68.77,2
45-4506,45,Loiret,4506,6ème circonscription,Anthony Zeller,anthony zeller,RN,RN,Rassemblement national,Rassemblement national,16253.0,31.81,18392.0,36.69,https://fr.wikipedia.org/wiki/%C3%89lections_l%C3%A9gislatives_de_2024_dans_le_Loiret,,,,,867,1676.0,1.66,3.2,340.0,530.0,0.65,1.01,52297,52335.0,100.0,100.0,23787,23769.0,31.26,31.23,76084,76104.0,68.74,68.77,3
46-4601,46,Lot,4601,1ère circonscription,Suffrages exprimés,suffrages exprimes,Suffrages exprimés,SUFFRAGES EXPRIMÉS,SUFFRAGES EXPRIMÉS,SUFFRAGES EXPRIMÉS,52503.0,97.81,52153.0,97.9,https://fr.wikipedia.org/wiki/%C3%89lections_l%C3%A9gislatives_de_2024_dans_le_Lot,,,,,598,698.0,1.11,1.31,575.0,423.0,1.07,0.79,53676,53274.0,100.0,100.0,19371,19777.0,26.52,27.07,73047,73051.0,73.48,72.93,1
46-4601,46,Lot,4601,1ère circonscription,Aurélien Pradié[12],aurelien pradie 12,DC - LR (UDC),LR,Les Républicains,Les Républicains,22180.0,42.25,28049.0,53.78,https://fr.wikipedia.org/wiki/%C3%89lections_l%C3%A9gislatives_de_2024_dans_le_Lot,,,,,598,698.0,1.11,1.31,575.0,423.0,1.07,0.79,53676,53274.0,100.0,100.0,19371,19777.0,26.52,27.07,73047,73051.0,73.48,72.93,2
46-4601,46,Lot,4601,1ère circonscription,Elsa Bougeard,elsa bougeard,LFI (NFP),UG,LFI / NFP,LFI / NFP,12775.0,24.33,12129.0,23.26,https://fr.wikipedia.org/wiki/%C3%89lections_l%C3%A9gislatives_de_2024_dans_le_Lot,,,,,598,698.0,1.11,1.31,575.0,423.0,1.07,0.79,53676,53274.0,100.0,100.0,19371,19777.0,26.52,27.07,73047,73051.0,73.48,72.93,3
46-4601,46,Lot,4601,1ère circonscription,Slavka Mihaylova,slavka mihaylova,RN,RN,Rassemblement national,Rassemblement national,12108.0,23.06,11975.0,22.96,https://fr.wikipedia.org/wiki/%C3%89lections_l%C3%A9gislatives_de_2024_dans_le_Lot,,,,,598,698.0,1.11,1.31,575.0,423.0,1.07,0.79,53676,53274.0,100.0,100.0,19371,19777.0,26.52,27.07,73047,73051.0,73.48,72.93,4
46-4602,46,Lot,4602,2ème circonscription,Suffrages exprimés,suffrages exprimes,Suffrages exprimés,SUFFRAGES EXPRIMÉS,SUFFRAGES EXPRIMÉS,SUFFRAGES EXPRIMÉS,47303.0,95.96,47775.0,96.11,https://fr.wikipedia.org/wiki/%C3%89lections_l%C3%A9gislatives_de_2024_dans_le_Lot,,,,,1114,1242.0,2.26,2.5,880.0,692.0,1.79,1.39,49297,49709.0,100.0,100.0,17023,16612.0,25.67,25.05,66320,66321.0,74.33,74.95,1
46-4602,46,Lot,4602,2ème circonscription,Christophe Proença,christophe proenca,PS (NFP),UG,Autre NFP,Autre NFP,18079.0,38.22,22374.0,46.83,https://fr.wikipedia.org/wiki/%C3%89lections_l%C3%A9gislatives_de_2024_dans_le_Lot,,,,,1114,1242.0,2.26,2.5,880.0,692.0,1.79,1.39,49297,49709.0,100.0,100.0,17023,16612.0,25.67,25.05,66320,66321.0,74.33,74.95,2
46-4602,46,Lot,4602,2ème circonscription,Gérard Blanchet,gerard blanchet,RN,RN,Rassemblement national,Rassemblement national,14369.0,30.38,15531.0,32.51,https://fr.wikipedia.org/wiki/%C3%89lections_l%C3%A9gislatives_de_2024_dans_le_Lot,,,,,1114,1242.0,2.26,2.5,880.0,692.0,1.79,1.39,49297,49709.0,100.0,100.0,17023,16612.0,25.67,25.05,66320,66321.0,74.33,74.95,3
46-4602,46,Lot,4602,2ème circonscription,Huguette Tiegna,huguette tiegna,RE (ENS),ENS,Ensemble,Ensemble,12752.0,26.96,9870.0,20.66,https://fr.wikipedia.org/wiki/%C3%89lections_l%C3%A9gislatives_de_2024_dans_le_Lot,,,,,1114,1242.0,2.26,2.5,880.0,692.0,1.79,1.39,49297,49709.0,100.0,100.0,17023,16612.0,25.67,25.05,66320,66321.0,74.33,74.95,4
47-4701,47,Lot-et-Garonne,4701,1ère circonscription,Philippe Gosselin,philippe gosselin,LR (UDC),DVD,Divers droite,Divers droite,22513.0,38.3,36531.0,63.45,https://fr.wikipedia.org/wiki/%C3%89lections_l%C3%A9gislatives_de_2024_dans_la_Manche,58778.0,57577.0,97.91,96.26,929,1694.0,1.55,2.83,328.0,545.0,0.55,0.91,60035,59816.0,100.0,100.0,26692,26913.0,30.78,31.03,86727,86729.0,69.22,68.97,1
47-4701,47,Lot-et-Garonne,4701,1ère circonscription,Franck Simon,franck simon,RN,RN,Rassemblement national,Rassemblement national,19333.0,32.89,21046.0,36.55,https://fr.wikipedia.org/wiki/%C3%89lections_l%C3%A9gislatives_de_2024_dans_la_Manche,58778.0,57577.0,97.91,96.26,929,1694.0,1.55,2.83,328.0,545.0,0.55,0.91,60035,59816.0,100.0,100.0,26692,26913.0,30.78,31.03,86727,86729.0,69.22,68.97,2
47-4702,47,Lot-et-Garonne,4702,2ème circonscription,Bertrand Sorre,bertrand sorre,RE (ENS),ENS,Ensemble,Ensemble,26555.0,39.91,40472.0,62.9,https://fr.wikipedia.org/wiki/%C3%89lections_l%C3%A9gislatives_de_2024_dans_la_Manche,66541.0,64342.0,97.48,95.14,1193,2436.0,1.75,3.6,525.0,849.0,0.77,1.26,68259,67627.0,100.0,100.0,28521,29158.0,29.47,30.13,96780,96785.0,70.53,69.87,1
47-4702,47,Lot-et-Garonne,4702,2ème circonscription,Marie-Françoise Kurdziel,marie francoise kurdziel,RN,RN,Rassemblement national,Rassemblement national,21186.0,31.84,23870.0,37.1,https://fr.wikipedia.org/wiki/%C3%89lections_l%C3%A9gislatives_de_2024_dans_la_Manche,66541.0,64342.0,97.48,95.14,1193,2436.0,1.75,3.6,525.0,849.0,0.77,1.26,68259,67627.0,100.0,100.0,28521,29158.0,29.47,30.13,96780,96785.0,70.53,69.87,2
47-4703,47,Lot-et-Garonne,4703,3ème circonscription,Stéphane Travert,stephane travert,TdP (ENS),ENS,Ensemble,Ensemble,25232.0,33.24,43785.0,58.67,https://fr.wikipedia.org/wiki/%C3%89lections_l%C3%A9gislatives_de_2024_dans_la_Manche,75904.0,74629.0,97.48,95.06,1454,2947.0,1.87,3.75,505.0,928.0,0.65,1.18,77863,78504.0,100.0,100.0,33235,32587.0,29.92,29.33,111098,111091.0,70.08,70.67,1
47-4703,47,Lot-et-Garonne,4703,3ème circonscription,Pierre Giry,pierre giry,RAD (RN),UXD,Union de l'extrême droite,Union de l'extrême droite,25725.0,33.89,30844.0,41.33,https://fr.wikipedia.org/wiki/%C3%89lections_l%C3%A9gislatives_de_2024_dans_la_Manche,75904.0,74629.0,97.48,95.06,1454,2947.0,1.87,3.75,505.0,928.0,0.65,1.18,77863,78504.0,100.0,100.0,33235,32587.0,29.92,29.33,111098,111091.0,70.08,70.67,2
47-4704,47,Lot-et-Garonne,4704,4ème circonscription,Anna Pic,anna pic,PS (NFP),UG,Autre NFP,Autre NFP,19940.0,34.23,32748.0,59.64,https://fr.wikipedia.org/wiki/%C3%89lections_l%C3%A9gislatives_de_2024_dans_la_Manche,58259.0,54914.0,97.52,91.86,1082,3848.0,1.81,6.44,399.0,1020.0,0.67,1.71,59740,59782.0,100.0,100.0,28923,28895.0,32.62,32.58,88663,88677.0,67.38,67.42,1
47-4704,47,Lot-et-Garonne,4704,4ème circonscription,Nicolas Conquer,nicolas conquer,RAD (RN),UXD,Union de l'extrême droite,Union de l'extrême droite,17481.0,30.01,22166.0,40.36,https://fr.wikipedia.org/wiki/%C3%89lections_l%C3%A9gislatives_de_2024_dans_la_Manche,58259.0,54914.0,97.52,91.86,1082,3848.0,1.81,6.44,399.0,1020.0,0.67,1.71,59740,59782.0,100.0,100.0,28923,28895.0,32.62,32.58,88663,88677.0,67.38,67.42,2
48-4801,48,Lozère,4801,1ère circonscription,Philippe Gosselin,philippe gosselin,LR (UDC),DVD,Divers droite,Divers droite,22513.0,38.3,36531.0,63.45,https://fr.wikipedia.org/wiki/%C3%89lections_l%C3%A9gislatives_de_2024_dans_la_Manche,58778.0,57577.0,97.91,96.26,929,1694.0,1.55,2.83,328.0,545.0,0.55,0.91,60035,59816.0,100.0,100.0,26692,26913.0,30.78,31.03,86727,86729.0,69.22,68.97,1
48-4801,48,Lozère,4801,1ère circonscription,Franck Simon,franck simon,RN,RN,Rassemblement national,Rassemblement national,19333.0,32.89,21046.0,36.55,https://fr.wikipedia.org/wiki/%C3%89lections_l%C3%A9gislatives_de_2024_dans_la_Manche,58778.0,57577.0,97.91,96.26,929,1694.0,1.55,2.83,328.0,545.0,0.55,0.91,60035,59816.0,100.0,100.0,26692,26913.0,30.78,31.03,86727,86729.0,69.22,68.97,2
48-4802,48,Lozère,4802,2ème circonscription,Bertrand Sorre,bertrand sorre,RE (ENS),ENS,Ensemble,Ensemble,26555.0,39.91,40472.0,62.9,https://fr.wikipedia.org/wiki/%C3%89lections_l%C3%A9gislatives_de_2024_dans_la_Manche,66541.0,64342.0,97.48,95.14,1193,2436.0,1.75,3.6,525.0,849.0,0.77,1.26,68259,67627.0,100.0,100.0,28521,29158.0,29.47,30.13,96780,96785.0,70.53,69.87,1
48-4802,48,Lozère,4802,2ème circonscription,Marie-Françoise Kurdziel,marie francoise kurdziel,RN,RN,Rassemblement national,Rassemblement national,21186.0,31.84,23870.0,37.1,https://fr.wikipedia.org/wiki/%C3%89lections_l%C3%A9gislatives_de_2024_dans_la_Manche,66541.0,64342.0,97.48,95.14,1193,2436.0,1.75,3.6,525.0,849.0,0.77,1.26,68259,67627.0,100.0,100.0,28521,29158.0,29.47,30.13,96780,96785.0,70.53,69.87,2
48-4803,48,Lozère,4803,3ème circonscription,Stéphane Travert,stephane travert,TdP (ENS),ENS,Ensemble,Ensemble,25232.0,33.24,43785.0,58.67,https://fr.wikipedia.org/wiki/%C3%89lections_l%C3%A9gislatives_de_2024_dans_la_Manche,75904.0,74629.0,97.48,95.06,1454,2947.0,1.87,3.75,505.0,928.0,0.65,1.18,77863,78504.0,100.0,100.0,33235,32587.0,29.92,29.33,111098,111091.0,70.08,70.67,1
48-4803,48,Lozère,4803,3ème circonscription,Pierre Giry,pierre giry,RAD (RN),UXD,Union de l'extrême droite,Union de l'extrême droite,25725.0,33.89,30844.0,41.33,https://fr.wikipedia.org/wiki/%C3%89lections_l%C3%A9gislatives_de_2024_dans_la_Manche,75904.0,74629.0,97.48,95.06,1454,2947.0,1.87,3.75,505.0,928.0,0.65,1.18,77863,78504.0,100.0,100.0,33235,32587.0,29.92,29.33,111098,111091.0,70.08,70.67,2
48-4804,48,Lozère,4804,4ème circonscription,Anna Pic,anna pic,PS (NFP),UG,Autre NFP,Autre NFP,19940.0,34.23,32748.0,59.64,https://fr.wikipedia.org/wiki/%C3%89lections_l%C3%A9gislatives_de_2024_dans_la_Manche,58259.0,54914.0,97.52,91.86,1082,3848.0,1.81,6.44,399.0,1020.0,0.67,1.71,59740,59782.0,100.0,100.0,28923,28895.0,32.62,32.58,88663,88677.0,67.38,67.42,1
48-4804,48,Lozère,4804,4ème circonscription,Nicolas Conquer,nicolas conquer,RAD (RN),UXD,Union de l'extrême droite,Union de l'extrême droite,17481.0,30.01,22166.0,40.36,https://fr.wikipedia.org/wiki/%C3%89lections_l%C3%A9gislatives_de_2024_dans_la_Manche,58259.0,54914.0,97.52,91.86,1082,3848.0,1.81,6.44,399.0,1020.0,0.67,1.71,59740,59782.0,100.0,100.0,28923,28895.0,32.62,32.58,88663,88677.0,67.38,67.42,2
49-4901,49,Maine-et-Loire,4901,1ère circonscription,Philippe Gosselin,philippe gosselin,LR (UDC),DVD,Divers droite,Divers droite,22513.0,38.3,36531.0,63.45,https://fr.wikipedia.org/wiki/%C3%89lections_l%C3%A9gislatives_de_2024_dans_la_Manche,58778.0,57577.0,97.91,96.26,929,1694.0,1.55,2.83,328.0,545.0,0.55,0.91,60035,59816.0,100.0,100.0,26692,26913.0,30.78,31.03,86727,86729.0,69.22,68.97,1
49-4901,49,Maine-et-Loire,4901,1ère circonscription,Franck Simon,franck simon,RN,RN,Rassemblement national,Rassemblement national,19333.0,32.89,21046.0,36.55,https://fr.wikipedia.org/wiki/%C3%89lections_l%C3%A9gislatives_de_2024_dans_la_Manche,58778.0,57577.0,97.91,96.26,929,1694.0,1.55,2.83,328.0,545.0,0.55,0.91,60035,59816.0,100.0,100.0,26692,26913.0,30.78,31.03,86727,86729.0,69.22,68.97,2
49-4902,49,Maine-et-Loire,4902,2ème circonscription,Bertrand Sorre,bertrand sorre,RE (ENS),ENS,Ensemble,Ensemble,26555.0,39.91,40472.0,62.9,https://fr.wikipedia.org/wiki/%C3%89lections_l%C3%A9gislatives_de_2024_dans_la_Manche,66541.0,64342.0,97.48,95.14,1193,2436.0,1.75,3.6,525.0,849.0,0.77,1.26,68259,67627.0,100.0,100.0,28521,29158.0,29.47,30.13,96780,96785.0,70.53,69.87,1
49-4902,49,Maine-et-Loire,4902,2ème circonscription,Marie-Françoise Kurdziel,marie francoise kurdziel,RN,RN,Rassemblement national,Rassemblement national,21186.0,31.84,23870.0,37.1,https://fr.wikipedia.org/wiki/%C3%89lections_l%C3%A9gislatives_de_2024_dans_la_Manche,66541.0,64342.0,97.48,95.14,1193,2436.0,1.75,3.6,525.0,849.0,0.77,1.26,68259,67627.0,100.0,100.0,28521,29158.0,29.47,30.13,96780,96785.0,70.53,69.87,2
49-4903,49,Maine-et-Loire,4903,3ème circonscription,Stéphane Travert,stephane travert,TdP (ENS),ENS,Ensemble,Ensemble,25232.0,33.24,43785.0,58.67,https://fr.wikipedia.org/wiki/%C3%89lections_l%C3%A9gislatives_de_2024_dans_la_Manche,75904.0,74629.0,97.48,95.06,1454,2947.0,1.87,3.75,505.0,928.0,0.65,1.18,77863,78504.0,100.0,100.0,33235,32587.0,29.92,29.33,111098,111091.0,70.08,70.67,1
49-4903,49,Maine-et-Loire,4903,3ème circonscription,Pierre Giry,pierre giry,RAD (RN),UXD,Union de l'extrême droite,Union de l'extrême droite,25725.0,33.89,30844.0,41.33,https://fr.wikipedia.org/wiki/%C3%89lections_l%C3%A9gislatives_de_2024_dans_la_Manche,75904.0,74629.0,97.48,95.06,1454,2947.0,1.87,3.75,505.0,928.0,0.65,1.18,77863,78504.0,100.0,100.0,33235,32587.0,29.92,29.33,111098,111091.0,70.08,70.67,2
49-4904,49,Maine-et-Loire,4904,4ème circonscription,Anna Pic,anna pic,PS (NFP),UG,Autre NFP,Autre NFP,19940.0,34.23,32748.0,59.64,https://fr.wikipedia.org/wiki/%C3%89lections_l%C3%A9gislatives_de_2024_dans_la_Manche,58259.0,54914.0,97.52,91.86,1082,3848.0,1.81,6.44,399.0,1020.0,0.67,1.71,59740,59782.0,100.0,100.0,28923,28895.0,32.62,32.58,88663,88677.0,67.38,67.42,1
49-4904,49,Maine-et-Loire,4904,4ème circonscription,Nicolas Conquer,nicolas conquer,RAD (RN),UXD,Union de l'extrême droite,Union de l'extrême droite,17481.0,30.01,22166.0,40.36,https://fr.wikipedia.org/wiki/%C3%89lections_l%C3%A9gislatives_de_2024_dans_la_Manche,58259.0,54914.0,97.52,91.86,1082,3848.0,1.81,6.44,399.0,1020.0,0.67,1.71,59740,59782.0,100.0,100.0,28923,28895.0,32.62,32.58,88663,88677.0,67.38,67.42,2
50-5001,50,Manche,5001,1ère circonscription,Philippe Gosselin,philippe gosselin,LR (UDC),DVD,Divers droite,Divers droite,22513.0,38.3,36531.0,63.45,https://fr.wikipedia.org/wiki/%C3%89lections_l%C3%A9gislatives_de_2024_dans_la_Manche,58778.0,57577.0,97.91,96.26,929,1694.0,1.55,2.83,328.0,545.0,0.55,0.91,60035,59816.0,100.0,100.0,26692,26913.0,30.78,31.03,86727,86729.0,69.22,68.97,1
50-5001,50,Manche,5001,1ère circonscription,Franck Simon,franck simon,RN,RN,Rassemblement national,Rassemblement national,19333.0,32.89,21046.0,36.55,https://fr.wikipedia.org/wiki/%C3%89lections_l%C3%A9gislatives_de_2024_dans_la_Manche,58778.0,57577.0,97.91,96.26,929,1694.0,1.55,2.83,328.0,545.0,0.55,0.91,60035,59816.0,100.0,100.0,26692,26913.0,30.78,31.03,86727,86729.0,69.22,68.97,2
50-5002,50,Manche,5002,2ème circonscription,Bertrand Sorre,bertrand sorre,RE (ENS),ENS,Ensemble,Ensemble,26555.0,39.91,40472.0,62.9,https://fr.wikipedia.org/wiki/%C3%89lections_l%C3%A9gislatives_de_2024_dans_la_Manche,66541.0,64342.0,97.48,95.14,1193,2436.0,1.75,3.6,525.0,849.0,0.77,1.26,68259,67627.0,100.0,100.0,28521,29158.0,29.47,30.13,96780,96785.0,70.53,69.87,1
50-5002,50,Manche,5002,2ème circonscription,Marie-Françoise Kurdziel,marie francoise kurdziel,RN,RN,Rassemblement national,Rassemblement national,21186.0,31.84,23870.0,37.1,https://fr.wikipedia.org/wiki/%C3%89lections_l%C3%A9gislatives_de_2024_dans_la_Manche,66541.0,64342.0,97.48,95.14,1193,2436.0,1.75,3.6,525.0,849.0,0.77,1.26,68259,67627.0,100.0,100.0,28521,29158.0,29.47,30.13,96780,96785.0,70.53,69.87,2
50-5003,50,Manche,5003,3ème circonscription,Stéphane Travert,stephane travert,TdP (ENS),ENS,Ensemble,Ensemble,25232.0,33.24,43785.0,58.67,https://fr.wikipedia.org/wiki/%C3%89lections_l%C3%A9gislatives_de_2024_dans_la_Manche,75904.0,74629.0,97.48,95.06,1454,2947.0,1.87,3.75,505.0,928.0,0.65,1.18,77863,78504.0,100.0,100.0,33235,32587.0,29.92,29.33,111098,111091.0,70.08,70.67,1
50-5003,50,Manche,5003,3ème circonscription,Pierre Giry,pierre giry,RAD (RN),UXD,Union de l'extrême droite,Union de l'extrême droite,25725.0,33.89,30844.0,41.33,https://fr.wikipedia.org/wiki/%C3%89lections_l%C3%A9gislatives_de_2024_dans_la_Manche,75904.0,74629.0,97.48,95.06,1454,2947.0,1.87,3.75,505.0,928.0,0.65,1.18,77863,78504.0,100.0,100.0,33235,32587.0,29.92,29.33,111098,111091.0,70.08,70.67,2
50-5004,50,Manche,5004,4ème circonscription,Anna Pic,anna pic,PS (NFP),UG,Autre NFP,Autre NFP,19940.0,34.23,32748.0,59.64,https://fr.wikipedia.org/wiki/%C3%89lections_l%C3%A9gislatives_de_2024_dans_la_Manche,58259.0,54914.0,97.52,91.86,1082,3848.0,1.81,6.44,399.0,1020.0,0.67,1.71,59740,59782.0,100.0,100.0,28923,28895.0,32.62,32.58,88663,88677.0,67.38,67.42,1
50-5004,50,Manche,5004,4ème circonscription,Nicolas Conquer,nicolas conquer,RAD (RN),UXD,Union de l'extrême droite,Union de l'extrême droite,17481.0,30.01,22166.0,40.36,https://fr.wikipedia.org/wiki/%C3%89lections_l%C3%A9gislatives_de_2024_dans_la_Manche,58259.0,54914.0,97.52,91.86,1082,3848.0,1.81,6.44,399.0,1020.0,0.67,1.71,59740,59782.0,100.0,100.0,28923,28895.0,32.62,32.58,88663,88677.0,67.38,67.42,2
51-5101,51,Marne,5101,1ère circonscription,Xavier Albertini,xavier albertini,HOR (ENS),ENS,Ensemble,Ensemble,16058.0,33.84,27419.0,60.15,https://fr.wikipedia.org/wiki/%C3%89lections_l%C3%A9gislatives_de_2024_dans_la_Marne,47446.0,45584.0,97.68,94.76,789,1963.0,1.62,4.08,340.0,558.0,0.7,1.16,48575,48105.0,100.0,100.0,26815,27309.0,35.57,36.21,75390,75414.0,64.43,63.79,1
51-5101,51,Marne,5101,1ère circonscription,Adrien Mexis,adrien mexis,RAD (RN),UXD,Union de l'extrême droite,Union de l'extrême droite,17697.0,37.3,18165.0,39.85,https://fr.wikipedia.org/wiki/%C3%89lections_l%C3%A9gislatives_de_2024_dans_la_Marne,47446.0,45584.0,97.68,94.76,789,1963.0,1.62,4.08,340.0,558.0,0.7,1.16,48575,48105.0,100.0,100.0,26815,27309.0,35.57,36.21,75390,75414.0,64.43,63.79,2
51-5102,51,Marne,5102,2ème circonscription,Laure Miller,laure miller,RE (ENS),ENS,Ensemble,Ensemble,14756.0,30.39,27511.0,58.08,https://fr.wikipedia.org/wiki/%C3%89lections_l%C3%A9gislatives_de_2024_dans_la_Marne,48553.0,47370.0,98.2,95.67,552,1593.0,1.12,3.22,338.0,552.0,0.68,1.11,49443,49515.0,100.0,100.0,25184,25122.0,33.75,33.66,74627,74637.0,66.25,66.34,1
51-5102,51,Marne,5102,2ème circonscription,Anne-Sophie Frigout[18],anne sophie frigout 18,LAF (RN),RN,Rassemblement national,Rassemblement national,17645.0,36.34,19859.0,41.92,https://fr.wikipedia.org/wiki/%C3%89lections_l%C3%A9gislatives_de_2024_dans_la_Marne,48553.0,47370.0,98.2,95.67,552,1593.0,1.12,3.22,338.0,552.0,0.68,1.11,49443,49515.0,100.0,100.0,25184,25122.0,33.75,33.66,74627,74637.0,66.25,66.34,2
51-5103,51,Marne,5103,3ème circonscription,Maxime Michelet,maxime michelet,RAD (RN),UXD,Union de l'extrême droite,Union de l'extrême droite,21890.0,43.84,25259.0,50.88,https://fr.wikipedia.org/wiki/%C3%89lections_l%C3%A9gislatives_de_2024_dans_la_Marne,49936.0,49643.0,96.46,95.49,1257,1844.0,2.43,3.55,575.0,498.0,1.11,0.96,51768,51985.0,100.0,100.0,26708,26507.0,34.03,33.77,78476,78492.0,65.97,66.23,1
51-5103,51,Marne,5103,3ème circonscription,Éric Girardin,eric girardin,RE (ENS),ENS,Ensemble,Ensemble,15942.0,31.92,24384.0,49.12,https://fr.wikipedia.org/wiki/%C3%89lections_l%C3%A9gislatives_de_2024_dans_la_Marne,49936.0,49643.0,96.46,95.49,1257,1844.0,2.43,3.55,575.0,498.0,1.11,0.96,51768,51985.0,100.0,100.0,26708,26507.0,34.03,33.77,78476,78492.0,65.97,66.23,2
51-5104,51,Marne,5104,4ème circonscription,Lise Magnier,lise magnier,HOR (ENS),ENS,Ensemble,Ensemble,15245.0,30.98,25550.0,52.22,https://fr.wikipedia.org/wiki/%C3%89lections_l%C3%A9gislatives_de_2024_dans_la_Marne,49208.0,48928.0,97.46,96.06,840,1436.0,1.66,2.82,442.0,572.0,0.88,1.12,50490,50936.0,100.0,100.0,27404,26959.0,35.18,34.61,77894,77895.0,64.82,65.39,1
51-5104,51,Marne,5104,4ème circonscription,Achille Bisiaux,achille bisiaux,RN,RN,Rassemblement national,Rassemblement national,21045.0,42.77,23378.0,47.78,https://fr.wikipedia.org/wiki/%C3%89lections_l%C3%A9gislatives_de_2024_dans_la_Marne,49208.0,48928.0,97.46,96.06,840,1436.0,1.66,2.82,442.0,572.0,0.88,1.12,50490,50936.0,100.0,100.0,27404,26959.0,35.18,34.61,77894,77895.0,64.82,65.39,2
51-5105,51,Marne,5105,5ème circonscription,Charles de Courson,charles de courson,LC (UDC),DVC,Divers centre,Divers centre,21751.0,42.66,26393.0,50.43,https://fr.wikipedia.org/wiki/%C3%89lections_l%C3%A9gislatives_de_2024_dans_la_Marne,50981.0,52340.0,98.1,98.34,616,630.0,1.19,1.18,374.0,254.0,0.72,0.48,51971,53224.0,100.0,100.0,23631,22356.0,31.26,29.58,75602,75580.0,68.74,70.42,1
51-5105,51,Marne,5105,5ème circonscription,Thierry Besson,thierry besson,RN,RN,Rassemblement national,Rassemblement national,23954.0,46.99,25947.0,49.57,https://fr.wikipedia.org/wiki/%C3%89lections_l%C3%A9gislatives_de_2024_dans_la_Marne,50981.0,52340.0,98.1,98.34,616,630.0,1.19,1.18,374.0,254.0,0.72,0.48,51971,53224.0,100.0,100.0,23631,22356.0,31.26,29.58,75602,75580.0,68.74,70.42,2
52-5201,52,Haute-Marne,5201,1ère circonscription,Christophe Bentz,christophe bentz,RN,RN,Rassemblement national,Rassemblement national,21815.0,48.83,23772.0,53.9,https://fr.wikipedia.org/wiki/%C3%89lections_l%C3%A9gislatives_de_2024_dans_la_Haute-Marne,44672.0,44107.0,95.88,94.31,1159,1847.0,2.49,3.95,763.0,814.0,1.64,1.74,46594,46768.0,100.0,100.0,22577,22405.0,32.64,32.39,69171,69173.0,67.36,67.61,1
52-5201,52,Haute-Marne,5201,1ère circonscription,Bérangère Abba[22],berangere abba 22,HOR (ENS),ENS,Ensemble,Ensemble,12529.0,28.05,20335.0,46.1,https://fr.wikipedia.org/wiki/%C3%89lections_l%C3%A9gislatives_de_2024_dans_la_Haute-Marne,44672.0,44107.0,95.88,94.31,1159,1847.0,2.49,3.95,763.0,814.0,1.64,1.74,46594,46768.0,100.0,100.0,22577,22405.0,32.64,32.39,69171,69173.0,67.36,67.61,2
53-5301,53,Mayenne,5301,1ère circonscription,Guillaume Garot,guillaume garot,PS (NFP),UG,Autre NFP,Autre NFP,22483.0,45.39,31428.0,67.56,https://fr.wikipedia.org/wiki/%C3%89lections_l%C3%A9gislatives_de_2024_dans_la_Mayenne,49533.0,46517.0,97.54,92.72,859,2788.0,1.69,5.56,391.0,864.0,0.77,1.72,50783,50169.0,100.0,100.0,23384,24019.0,31.53,32.38,74167,74188.0,68.47,67.62,1
53-5301,53,Mayenne,5301,1ère circonscription,Paule Veyre de Soras,paule veyre de soras,RN,RN,Rassemblement national,Rassemblement national,14161.0,28.59,15089.0,32.44,https://fr.wikipedia.org/wiki/%C3%89lections_l%C3%A9gislatives_de_2024_dans_la_Mayenne,49533.0,46517.0,97.54,92.72,859,2788.0,1.69,5.56,391.0,864.0,0.77,1.72,50783,50169.0,100.0,100.0,23384,24019.0,31.53,32.38,74167,74188.0,68.47,67.62,2
53-5302,53,Mayenne,5302,2ème circonscription,Géraldine Bannier,geraldine bannier,MoDem (ENS),ENS,Ensemble,Ensemble,18746.0,35.17,33257.0,63.98,https://fr.wikipedia.org/wiki/%C3%89lections_l%C3%A9gislatives_de_2024_dans_la_Mayenne,53301.0,51984.0,96.95,94.86,1161,2081.0,2.11,3.8,517.0,734.0,0.94,1.34,54979,54799.0,100.0,100.0,24780,24997.0,31.07,31.33,79759,79796.0,68.93,68.67,1
53-5302,53,Mayenne,5302,2ème circonscription,Jean-Michel Cadenas,jean michel cadenas,RN,RN,Rassemblement national,Rassemblement national,16944.0,31.79,18727.0,36.02,https://fr.wikipedia.org/wiki/%C3%89lections_l%C3%A9gislatives_de_2024_dans_la_Mayenne,53301.0,51984.0,96.95,94.86,1161,2081.0,2.11,3.8,517.0,734.0,0.94,1.34,54979,54799.0,100.0,100.0,24780,24997.0,31.07,31.33,79759,79796.0,68.93,68.67,2
53-5303,53,Mayenne,5303,3ème circonscription,"Yannick Favennec-Bécot[15],[16]",yannick favennec becot 15 16,HOR (ENS),HOR,Horizons,Horizons,23294.0,48.68,31379.0,68.9,https://fr.wikipedia.org/wiki/%C3%89lections_l%C3%A9gislatives_de_2024_dans_la_Mayenne,47848.0,45540.0,97.28,95.69,867,1428.0,1.76,3.0,470.0,624.0,0.96,1.31,49185,47592.0,100.0,100.0,23470,25080.0,32.3,34.51,72655,72672.0,67.7,65.49,1
53-5303,53,Mayenne,5303,3ème circonscription,Annie Bell,annie bell,RN,RN,Rassemblement national,Rassemblement national,14884.0,31.11,14161.0,31.1,https://fr.wikipedia.org/wiki/%C3%89lections_l%C3%A9gislatives_de_2024_dans_la_Mayenne,47848.0,45540.0,97.28,95.69,867,1428.0,1.76,3.0,470.0,624.0,0.96,1.31,49185,47592.0,100.0,100.0,23470,25080.0,32.3,34.51,72655,72672.0,67.7,65.49,2
54-5401,54,Meurthe-et-Moselle,5401,1ère circonscription,Suffrages exprimés,suffrages exprimes,Suffrages exprimés,SUFFRAGES EXPRIMÉS,SUFFRAGES EXPRIMÉS,SUFFRAGES EXPRIMÉS,49384.0,96.93,50329.0,96.94,https://fr.wikipedia.org/wiki/%C3%89lections_l%C3%A9gislatives_de_2024_dans_la_Meuse,,,,,932,1117.0,1.83,2.15,630.0,474.0,1.24,0.91,50946,51920.0,100.0,100.0,24016,22994.0,32.04,30.69,74962,74914.0,67.96,69.31,1
54-5401,54,Meurthe-et-Moselle,5401,1ère circonscription,Maxime Amblard[12],maxime amblard 12,RN,RN,Rassemblement national,Rassemblement national,23680.0,47.95,25411.0,50.49,https://fr.wikipedia.org/wiki/%C3%89lections_l%C3%A9gislatives_de_2024_dans_la_Meuse,,,,,932,1117.0,1.83,2.15,630.0,474.0,1.24,0.91,50946,51920.0,100.0,100.0,24016,22994.0,32.04,30.69,74962,74914.0,67.96,69.31,2
54-5401,54,Meurthe-et-Moselle,5401,1ère circonscription,"Bertrand Pancher[13],[14]",bertrand pancher 13 14,Utiles,DVD,Divers droite,Divers droite,16901.0,34.22,24918.0,49.51,https://fr.wikipedia.org/wiki/%C3%89lections_l%C3%A9gislatives_de_2024_dans_la_Meuse,,,,,932,1117.0,1.83,2.15,630.0,474.0,1.24,0.91,50946,51920.0,100.0,100.0,24016,22994.0,32.04,30.69,74962,74914.0,67.96,69.31,3
55-5501,55,Meuse,5501,1ère circonscription,Suffrages exprimés,suffrages exprimes,Suffrages exprimés,SUFFRAGES EXPRIMÉS,SUFFRAGES EXPRIMÉS,SUFFRAGES EXPRIMÉS,49384.0,96.93,50329.0,96.94,https://fr.wikipedia.org/wiki/%C3%89lections_l%C3%A9gislatives_de_2024_dans_la_Meuse,,,,,932,1117.0,1.83,2.15,630.0,474.0,1.24,0.91,50946,51920.0,100.0,100.0,24016,22994.0,32.04,30.69,74962,74914.0,67.96,69.31,1
55-5501,55,Meuse,5501,1ère circonscription,Maxime Amblard[12],maxime amblard 12,RN,RN,Rassemblement national,Rassemblement national,23680.0,47.95,25411.0,50.49,https://fr.wikipedia.org/wiki/%C3%89lections_l%C3%A9gislatives_de_2024_dans_la_Meuse,,,,,932,1117.0,1.83,2.15,630.0,474.0,1.24,0.91,50946,51920.0,100.0,100.0,24016,22994.0,32.04,30.69,74962,74914.0,67.96,69.31,2
55-5501,55,Meuse,5501,1ère circonscription,"Bertrand Pancher[13],[14]",bertrand pancher 13 14,Utiles,DVD,Divers droite,Divers droite,16901.0,34.22,24918.0,49.51,https://fr.wikipedia.org/wiki/%C3%89lections_l%C3%A9gislatives_de_2024_dans_la_Meuse,,,,,932,1117.0,1.83,2.15,630.0,474.0,1.24,0.91,50946,51920.0,100.0,100.0,24016,22994.0,32.04,30.69,74962,74914.0,67.96,69.31,3
56-5601,56,Morbihan,5601,1ère circonscription,Anne Le Hénanff,anne le henanff,HOR (ENS),ENS,Ensemble,Ensemble,35627.0,42.13,57609.0,71.65,https://fr.wikipedia.org/wiki/%C3%89lections_l%C3%A9gislatives_de_2024_dans_le_Morbihan,84561.0,80401.0,98.07,94.82,1251,3387.0,1.45,3.99,416.0,1007.0,0.48,1.19,86228,84795.0,100.0,100.0,29345,30804.0,25.39,26.65,115573,115599.0,74.61,73.35,1
56-5601,56,Morbihan,5601,1ère circonscription,Joseph Martin,joseph martin,RN,RN,Rassemblement national,Rassemblement national,21454.0,25.37,22792.0,28.35,https://fr.wikipedia.org/wiki/%C3%89lections_l%C3%A9gislatives_de_2024_dans_le_Morbihan,84561.0,80401.0,98.07,94.82,1251,3387.0,1.45,3.99,416.0,1007.0,0.48,1.19,86228,84795.0,100.0,100.0,29345,30804.0,25.39,26.65,115573,115599.0,74.61,73.35,2
56-5602,56,Morbihan,5602,2ème circonscription,Jimmy Pahun,jimmy pahun,MoDem (ENS),ENS,Ensemble,Ensemble,26667.0,32.14,52138.0,65.44,https://fr.wikipedia.org/wiki/%C3%89lections_l%C3%A9gislatives_de_2024_dans_le_Morbihan,82978.0,79679.0,97.69,94.5,1402,3450.0,1.23,4.09,562.0,1191.0,0.49,1.41,84942,84320.0,100.0,100.0,28784,29419.0,25.31,25.87,113726,113739.0,74.69,74.13,1
56-5602,56,Morbihan,5602,2ème circonscription,Florent de Kersauson,florent de kersauson,RN,RN,Rassemblement national,Rassemblement national,24920.0,30.03,27541.0,34.56,https://fr.wikipedia.org/wiki/%C3%89lections_l%C3%A9gislatives_de_2024_dans_le_Morbihan,82978.0,79679.0,97.69,94.5,1402,3450.0,1.23,4.09,562.0,1191.0,0.49,1.41,84942,84320.0,100.0,100.0,28784,29419.0,25.31,25.87,113726,113739.0,74.69,74.13,2
56-5603,56,Morbihan,5603,3ème circonscription,Nicole Le Peih,nicole le peih,RE (ENS),ENS,Ensemble,Ensemble,18222.0,26.57,37776.0,57.56,https://fr.wikipedia.org/wiki/%C3%89lections_l%C3%A9gislatives_de_2024_dans_le_Morbihan,68573.0,65630.0,97.25,93.95,1343,2956.0,1.9,4.23,594.0,1268.0,0.84,1.82,70510,69854.0,100.0,100.0,27644,28302.0,28.16,28.83,98154,98156.0,71.84,71.17,1
56-5603,56,Morbihan,5603,3ème circonscription,Antoine Oliviero,antoine oliviero,RN,RN,Rassemblement national,Rassemblement national,24584.0,35.85,27854.0,42.44,https://fr.wikipedia.org/wiki/%C3%89lections_l%C3%A9gislatives_de_2024_dans_le_Morbihan,68573.0,65630.0,97.25,93.95,1343,2956.0,1.9,4.23,594.0,1268.0,0.84,1.82,70510,69854.0,100.0,100.0,27644,28302.0,28.16,28.83,98154,98156.0,71.84,71.17,2
56-5604,56,Morbihan,5604,4ème circonscription,Paul Molac,paul molac,SE (R&PS),REG,Régionalistes,Régionalistes,28912.0,35.84,51799.0,65.12,https://fr.wikipedia.org/wiki/%C3%89lections_l%C3%A9gislatives_de_2024_dans_le_Morbihan,80659.0,79544.0,98.35,97.6,1011,1448.0,1.23,1.78,339.0,511.0,0.41,0.63,82009,81503.0,100.0,100.0,31619,32146.0,27.83,28.29,113628,113649.0,72.17,71.71,1
56-5604,56,Morbihan,5604,4ème circonscription,Katel Le Cuillier,katel le cuillier,RN,RN,Rassemblement national,Rassemblement national,25414.0,31.51,27745.0,34.88,https://fr.wikipedia.org/wiki/%C3%89lections_l%C3%A9gislatives_de_2024_dans_le_Morbihan,80659.0,79544.0,98.35,97.6,1011,1448.0,1.23,1.78,339.0,511.0,0.41,0.63,82009,81503.0,100.0,100.0,31619,32146.0,27.83,28.29,113628,113649.0,72.17,71.71,2
56-5605,56,Morbihan,5605,5ème circonscription,Damien Girard,damien girard,LÉ (NFP),UG,Autre NFP,Autre NFP,19612.0,35.56,21760.0,38.88,https://fr.wikipedia.org/wiki/%C3%89lections_l%C3%A9gislatives_de_2024_dans_le_Morbihan,55146.0,55973.0,97.46,97.69,1128,1075.0,1.99,1.88,311.0,250.0,0.55,0.44,56585,57298.0,100.0,100.0,24235,23525.0,29.99,29.11,80820,80823.0,70.01,70.89,1
56-5605,56,Morbihan,5605,5ème circonscription,Lysiane Métayer,lysiane metayer,TdP (ENS),ENS,Ensemble,Ensemble,19081.0,34.6,19117.0,34.15,https://fr.wikipedia.org/wiki/%C3%89lections_l%C3%A9gislatives_de_2024_dans_le_Morbihan,55146.0,55973.0,97.46,97.69,1128,1075.0,1.99,1.88,311.0,250.0,0.55,0.44,56585,57298.0,100.0,100.0,24235,23525.0,29.99,29.11,80820,80823.0,70.01,70.89,2
56-5605,56,Morbihan,5605,5ème circonscription,Aurélie Le Goff,aurelie le goff,RN,RN,Rassemblement national,Rassemblement national,15386.0,27.9,15096.0,26.97,https://fr.wikipedia.org/wiki/%C3%89lections_l%C3%A9gislatives_de_2024_dans_le_Morbihan,55146.0,55973.0,97.46,97.69,1128,1075.0,1.99,1.88,311.0,250.0,0.55,0.44,56585,57298.0,100.0,100.0,24235,23525.0,29.99,29.11,80820,80823.0,70.01,70.89,3
56-5606,56,Morbihan,5606,6ème circonscription,Jean-Michel Jacques,jean michel jacques,RE (ENS),ENS,Ensemble,Ensemble,21675.0,33.08,37983.0,59.98,https://fr.wikipedia.org/wiki/%C3%89lections_l%C3%A9gislatives_de_2024_dans_le_Morbihan,65525.0,63329.0,97.07,94.03,1404,2877.0,2.08,4.27,575.0,1141.0,0.85,1.69,67504,67347.0,100.0,100.0,26326,26495.0,28.06,28.23,93830,93842.0,71.94,71.77,1
56-5606,56,Morbihan,5606,6ème circonscription,Nathalie Guihot-Vieira,nathalie guihot vieira,RN,RN,Rassemblement national,Rassemblement national,22728.0,34.69,25346.0,40.02,https://fr.wikipedia.org/wiki/%C3%89lections_l%C3%A9gislatives_de_2024_dans_le_Morbihan,65525.0,63329.0,97.07,94.03,1404,2877.0,2.08,4.27,575.0,1141.0,0.85,1.69,67504,67347.0,100.0,100.0,26326,26495.0,28.06,28.23,93830,93842.0,71.94,71.77,2
57-5701,57,Moselle,5701,1ère circonscription,Perrine Goulet,perrine goulet,MoDem (ENS),ENS,Ensemble,Ensemble,13593.0,29.4,24627.0,53.67,https://fr.wikipedia.org/wiki/%C3%89lections_l%C3%A9gislatives_de_2024_dans_la_Ni%C3%A8vre,46238.0,45883.0,96.56,94.6,1217,2034.0,2.54,4.19,432.0,585.0,0.9,1.21,47887,48502.0,100.0,100.0,25963,25365.0,35.16,34.34,73850,73867.0,64.84,65.66,1
57-5701,57,Moselle,5701,1ère circonscription,Charles-Henri Gallois[12],charles henri gallois 12,RLC (RN),RN,Rassemblement national,Rassemblement national,18870.0,40.81,21256.0,46.33,https://fr.wikipedia.org/wiki/%C3%89lections_l%C3%A9gislatives_de_2024_dans_la_Ni%C3%A8vre,46238.0,45883.0,96.56,94.6,1217,2034.0,2.54,4.19,432.0,585.0,0.9,1.21,47887,48502.0,100.0,100.0,25963,25365.0,35.16,34.34,73850,73867.0,64.84,65.66,2
57-5702,57,Moselle,5702,2ème circonscription,Julien Guibert,julien guibert,RN,RN,Rassemblement national,Rassemblement national,23481.0,44.83,27522.0,54.82,https://fr.wikipedia.org/wiki/%C3%89lections_l%C3%A9gislatives_de_2024_dans_la_Ni%C3%A8vre,52383.0,50208.0,96.55,91.12,1054,3396.0,1.94,6.16,819.0,1497.0,1.51,2.72,54256,55101.0,100.0,100.0,24509,23664.0,31.12,30.04,78765,78765.0,68.88,69.96,1
57-5702,57,Moselle,5702,2ème circonscription,Christian Paul,christian paul,PS (NFP),UG,Autre NFP,Autre NFP,13788.0,26.32,22686.0,45.18,https://fr.wikipedia.org/wiki/%C3%89lections_l%C3%A9gislatives_de_2024_dans_la_Ni%C3%A8vre,52383.0,50208.0,96.55,91.12,1054,3396.0,1.94,6.16,819.0,1497.0,1.51,2.72,54256,55101.0,100.0,100.0,24509,23664.0,31.12,30.04,78765,78765.0,68.88,69.96,2
58-5801,58,Nièvre,5801,1ère circonscription,Perrine Goulet,perrine goulet,MoDem (ENS),ENS,Ensemble,Ensemble,13593.0,29.4,24627.0,53.67,https://fr.wikipedia.org/wiki/%C3%89lections_l%C3%A9gislatives_de_2024_dans_la_Ni%C3%A8vre,46238.0,45883.0,96.56,94.6,1217,2034.0,2.54,4.19,432.0,585.0,0.9,1.21,47887,48502.0,100.0,100.0,25963,25365.0,35.16,34.34,73850,73867.0,64.84,65.66,1
58-5801,58,Nièvre,5801,1ère circonscription,Charles-Henri Gallois[12],charles henri gallois 12,RLC (RN),RN,Rassemblement national,Rassemblement national,18870.0,40.81,21256.0,46.33,https://fr.wikipedia.org/wiki/%C3%89lections_l%C3%A9gislatives_de_2024_dans_la_Ni%C3%A8vre,46238.0,45883.0,96.56,94.6,1217,2034.0,2.54,4.19,432.0,585.0,0.9,1.21,47887,48502.0,100.0,100.0,25963,25365.0,35.16,34.34,73850,73867.0,64.84,65.66,2
58-5802,58,Nièvre,5802,2ème circonscription,Julien Guibert,julien guibert,RN,RN,Rassemblement national,Rassemblement national,23481.0,44.83,27522.0,54.82,https://fr.wikipedia.org/wiki/%C3%89lections_l%C3%A9gislatives_de_2024_dans_la_Ni%C3%A8vre,52383.0,50208.0,96.55,91.12,1054,3396.0,1.94,6.16,819.0,1497.0,1.51,2.72,54256,55101.0,100.0,100.0,24509,23664.0,31.12,30.04,78765,78765.0,68.88,69.96,1
58-5802,58,Nièvre,5802,2ème circonscription,Christian Paul,christian paul,PS (NFP),UG,Autre NFP,Autre NFP,13788.0,26.32,22686.0,45.18,https://fr.wikipedia.org/wiki/%C3%89lections_l%C3%A9gislatives_de_2024_dans_la_Ni%C3%A8vre,52383.0,50208.0,96.55,91.12,1054,3396.0,1.94,6.16,819.0,1497.0,1.51,2.72,54256,55101.0,100.0,100.0,24509,23664.0,31.12,30.04,78765,78765.0,68.88,69.96,2
59-5901,59,Nord,5901,1ère circonscription,Suffrages exprimés,suffrages exprimes,Suffrages exprimés,SUFFRAGES EXPRIMÉS,SUFFRAGES EXPRIMÉS,SUFFRAGES EXPRIMÉS,40268.0,98.36,35918.0,90.82,https://fr.wikipedia.org/wiki/%C3%89lections_l%C3%A9gislatives_de_2024_dans_le_Nord,,,,,448,2817.0,1.09,7.12,227.0,813.0,0.55,2.06,40943,39548.0,100.0,100.0,20729,22164.0,33.61,35.92,61672,61712.0,66.39,64.08,1
59-5901,59,Nord,5901,1ère circonscription,Aurélien Le Coq,aurelien le coq,LFI (NFP),UG,LFI / NFP,LFI / NFP,17800.0,44.2,27116.0,75.49,https://fr.wikipedia.org/wiki/%C3%89lections_l%C3%A9gislatives_de_2024_dans_le_Nord,,,,,448,2817.0,1.09,7.12,227.0,813.0,0.55,2.06,40943,39548.0,100.0,100.0,20729,22164.0,33.61,35.92,61672,61712.0,66.39,64.08,2
59-5901,59,Nord,5901,1ère circonscription,Carole Leclercq,carole leclercq,RN,RN,Rassemblement national,Rassemblement national,7298.0,18.12,8802.0,24.51,https://fr.wikipedia.org/wiki/%C3%89lections_l%C3%A9gislatives_de_2024_dans_le_Nord,,,,,448,2817.0,1.09,7.12,227.0,813.0,0.55,2.06,40943,39548.0,100.0,100.0,20729,22164.0,33.61,35.92,61672,61712.0,66.39,64.08,3
59-5902,59,Nord,5902,2ème circonscription,Suffrages exprimés,suffrages exprimes,Suffrages exprimés,SUFFRAGES EXPRIMÉS,SUFFRAGES EXPRIMÉS,SUFFRAGES EXPRIMÉS,55993.0,97.82,55580.0,97.64,https://fr.wikipedia.org/wiki/%C3%89lections_l%C3%A9gislatives_de_2024_dans_le_Nord,,,,,841,940.0,1.47,1.65,404.0,403.0,0.71,0.71,57238,56923.0,100.0,100.0,30117,30463.0,34.48,34.86,87355,87386.0,65.52,65.14,1
59-5902,59,Nord,5902,2ème circonscription,Ugo Bernalicis,ugo bernalicis,LFI (NFP),UG,LFI / NFP,LFI / NFP,26491.0,47.31,29571.0,53.2,https://fr.wikipedia.org/wiki/%C3%89lections_l%C3%A9gislatives_de_2024_dans_le_Nord,,,,,841,940.0,1.47,1.65,404.0,403.0,0.71,0.71,57238,56923.0,100.0,100.0,30117,30463.0,34.48,34.86,87355,87386.0,65.52,65.14,2
59-5902,59,Nord,5902,2ème circonscription,Philippe Guérard,philippe guerard,RN,RN,Rassemblement national,Rassemblement national,12256.0,21.89,13072.0,23.52,https://fr.wikipedia.org/wiki/%C3%89lections_l%C3%A9gislatives_de_2024_dans_le_Nord,,,,,841,940.0,1.47,1.65,404.0,403.0,0.71,0.71,57238,56923.0,100.0,100.0,30117,30463.0,34.48,34.86,87355,87386.0,65.52,65.14,3
59-5902,59,Nord,5902,2ème circonscription,Violette Salanon,violette salanon,RE (ENS),ENS,Ensemble,Ensemble,11630.0,20.77,12937.0,23.28,https://fr.wikipedia.org/wiki/%C3%89lections_l%C3%A9gislatives_de_2024_dans_le_Nord,,,,,841,940.0,1.47,1.65,404.0,403.0,0.71,0.71,57238,56923.0,100.0,100.0,30117,30463.0,34.48,34.86,87355,87386.0,65.52,65.14,4
59-5903,59,Nord,5903,3ème circonscription,Suffrages exprimés,suffrages exprimes,Suffrages exprimés,SUFFRAGES EXPRIMÉS,SUFFRAGES EXPRIMÉS,SUFFRAGES EXPRIMÉS,68634.0,98.04,68358.0,97.85,https://fr.wikipedia.org/wiki/%C3%89lections_l%C3%A9gislatives_de_2024_dans_le_Nord,,,,,967,1077.0,1.38,1.54,403.0,428.0,0.58,0.61,70004,69863.0,100.0,100.0,31829,32000.0,31.26,31.41,101833,101863.0,68.74,68.59,1
59-5903,59,Nord,5903,3ème circonscription,Brigitte Liso,brigitte liso,RE (ENS),ENS,Ensemble,Ensemble,21494.0,31.32,27461.0,40.17,https://fr.wikipedia.org/wiki/%C3%89lections_l%C3%A9gislatives_de_2024_dans_le_Nord,,,,,967,1077.0,1.38,1.54,403.0,428.0,0.58,0.61,70004,69863.0,100.0,100.0,31829,32000.0,31.26,31.41,101833,101863.0,68.74,68.59,2
59-5903,59,Nord,5903,3ème circonscription,Charlotte Brun,charlotte brun,PS (NFP),UG,Autre NFP,Autre NFP,20301.0,29.58,21395.0,31.3,https://fr.wikipedia.org/wiki/%C3%89lections_l%C3%A9gislatives_de_2024_dans_le_Nord,,,,,967,1077.0,1.38,1.54,403.0,428.0,0.58,0.61,70004,69863.0,100.0,100.0,31829,32000.0,31.26,31.41,101833,101863.0,68.74,68.59,3
59-5903,59,Nord,5903,3ème circonscription,Anne Morand,anne morand,RN,RN,Rassemblement national,Rassemblement national,17832.0,25.98,19502.0,28.53,https://fr.wikipedia.org/wiki/%C3%89lections_l%C3%A9gislatives_de_2024_dans_le_Nord,,,,,967,1077.0,1.38,1.54,403.0,428.0,0.58,0.61,70004,69863.0,100.0,100.0,31829,32000.0,31.26,31.41,101833,101863.0,68.74,68.59,4
59-5904,59,Nord,5904,4ème circonscription,Suffrages exprimés,suffrages exprimes,Suffrages exprimés,SUFFRAGES EXPRIMÉS,SUFFRAGES EXPRIMÉS,SUFFRAGES EXPRIMÉS,68394.0,97.25,66037.0,95.64,https://fr.wikipedia.org/wiki/%C3%89lections_l%C3%A9gislatives_de_2024_dans_le_Nord,,,,,1457,2269.0,2.07,3.29,475.0,740.0,0.68,1.07,70326,69046.0,100.0,100.0,31957,33255.0,31.24,32.51,102283,102301.0,68.76,67.49,1
59-5904,59,Nord,5904,4ème circonscription,Sébastien Huyghe,sebastien huyghe,SE (ENS),DVD,Divers droite,Divers droite,23510.0,34.37,37411.0,56.65,https://fr.wikipedia.org/wiki/%C3%89lections_l%C3%A9gislatives_de_2024_dans_le_Nord,,,,,1457,2269.0,2.07,3.29,475.0,740.0,0.68,1.07,70326,69046.0,100.0,100.0,31957,33255.0,31.24,32.51,102283,102301.0,68.76,67.49,2
59-5904,59,Nord,5904,4ème circonscription,Victor Catteau,victor catteau,RN,RN,Rassemblement national,Rassemblement national,27411.0,40.08,28626.0,43.35,https://fr.wikipedia.org/wiki/%C3%89lections_l%C3%A9gislatives_de_2024_dans_le_Nord,,,,,1457,2269.0,2.07,3.29,475.0,740.0,0.68,1.07,70326,69046.0,100.0,100.0,31957,33255.0,31.24,32.51,102283,102301.0,68.76,67.49,3
59-5905,59,Nord,5905,5ème circonscription,Suffrages exprimés,suffrages exprimes,Suffrages exprimés,SUFFRAGES EXPRIMÉS,SUFFRAGES EXPRIMÉS,SUFFRAGES EXPRIMÉS,67807.0,97.68,65445.0,95.85,https://fr.wikipedia.org/wiki/%C3%89lections_l%C3%A9gislatives_de_2024_dans_le_Nord,,,,,1236,2136.0,1.78,3.13,373.0,701.0,0.54,1.03,69416,68282.0,100.0,100.0,25642,26767.0,26.98,28.16,95058,95049.0,73.02,71.84,1
59-5905,59,Nord,5905,5ème circonscription,Charlotte Parmentier-Lecocq,charlotte parmentier lecocq,RE (ENS),ENS,Ensemble,Ensemble,25831.0,38.09,39467.0,60.31,https://fr.wikipedia.org/wiki/%C3%89lections_l%C3%A9gislatives_de_2024_dans_le_Nord,,,,,1236,2136.0,1.78,3.13,373.0,701.0,0.54,1.03,69416,68282.0,100.0,100.0,25642,26767.0,26.98,28.16,95058,95049.0,73.02,71.84,2
59-5905,59,Nord,5905,5ème circonscription,Marie-Hélène Quatrebœufs[40],marie helene quatreboeufs 40,RAD (RN),UXD,Union de l'extrême droite,Union de l'extrême droite,23781.0,35.07,25978.0,39.69,https://fr.wikipedia.org/wiki/%C3%89lections_l%C3%A9gislatives_de_2024_dans_le_Nord,,,,,1236,2136.0,1.78,3.13,373.0,701.0,0.54,1.03,69416,68282.0,100.0,100.0,25642,26767.0,26.98,28.16,95058,95049.0,73.02,71.84,3
59-5906,59,Nord,5906,6ème circonscription,Suffrages exprimés,suffrages exprimes,Suffrages exprimés,SUFFRAGES EXPRIMÉS,SUFFRAGES EXPRIMÉS,SUFFRAGES EXPRIMÉS,46764.0,97.7,47087.0,98.17,https://fr.wikipedia.org/wiki/%C3%89lections_l%C3%A9gislatives_de_2024_dans_le_Nord,,,,,760,637.0,1.59,1.33,341.0,239.0,0.71,0.5,47865,47963.0,100.0,100.0,25579,25489.0,34.83,34.7,73444,73452.0,65.17,65.3,1
59-5906,59,Nord,5906,6ème circonscription,Félicie Gérard,felicie gerard,HOR (ENS),HOR,Horizons,Horizons,17168.0,36.71,18612.0,39.53,https://fr.wikipedia.org/wiki/%C3%89lections_l%C3%A9gislatives_de_2024_dans_le_Nord,,,,,760,637.0,1.59,1.33,341.0,239.0,0.71,0.5,47865,47963.0,100.0,100.0,25579,25489.0,34.83,34.7,73444,73452.0,65.17,65.3,2
59-5906,59,Nord,5906,6ème circonscription,Karima Chouia,karima chouia,LE (NFP),UG,Autre NFP,Autre NFP,15053.0,32.19,15067.0,32.0,https://fr.wikipedia.org/wiki/%C3%89lections_l%C3%A9gislatives_de_2024_dans_le_Nord,,,,,760,637.0,1.59,1.33,341.0,239.0,0.71,0.5,47865,47963.0,100.0,100.0,25579,25489.0,34.83,34.7,73444,73452.0,65.17,65.3,3
59-5906,59,Nord,5906,6ème circonscription,Céline Sayah,celine sayah,RN,RN,Rassemblement national,Rassemblement national,13163.0,28.15,13408.0,28.47,https://fr.wikipedia.org/wiki/%C3%89lections_l%C3%A9gislatives_de_2024_dans_le_Nord,,,,,760,637.0,1.59,1.33,341.0,239.0,0.71,0.5,47865,47963.0,100.0,100.0,25579,25489.0,34.83,34.7,73444,73452.0,65.17,65.3,4
59-5907,59,Nord,5907,7ème circonscription,Suffrages exprimés,suffrages exprimes,Suffrages exprimés,SUFFRAGES EXPRIMÉS,SUFFRAGES EXPRIMÉS,SUFFRAGES EXPRIMÉS,35885.0,97.05,34330.0,92.23,https://fr.wikipedia.org/wiki/%C3%89lections_l%C3%A9gislatives_de_2024_dans_le_Nord,,,,,745,2195.0,2.01,5.9,345.0,697.0,0.93,1.87,36975,37222.0,100.0,100.0,31958,31737.0,46.36,46.02,68933,68959.0,53.64,53.98,1
59-5907,59,Nord,5907,7ème circonscription,David Guiraud,david guiraud,LFI (NFP),UG,LFI / NFP,LFI / NFP,17405.0,48.5,22080.0,64.32,https://fr.wikipedia.org/wiki/%C3%89lections_l%C3%A9gislatives_de_2024_dans_le_Nord,,,,,745,2195.0,2.01,5.9,345.0,697.0,0.93,1.87,36975,37222.0,100.0,100.0,31958,31737.0,46.36,46.02,68933,68959.0,53.64,53.98,2
59-5907,59,Nord,5907,7ème circonscription,Ethan Leys,ethan leys,RN,RN,Rassemblement national,Rassemblement national,11051.0,30.8,12250.0,35.68,https://fr.wikipedia.org/wiki/%C3%89lections_l%C3%A9gislatives_de_2024_dans_le_Nord,,,,,745,2195.0,2.01,5.9,345.0,697.0,0.93,1.87,36975,37222.0,100.0,100.0,31958,31737.0,46.36,46.02,68933,68959.0,53.64,53.98,3
59-5908,59,Nord,5908,8ème circonscription,Suffrages exprimés,suffrages exprimes,Suffrages exprimés,SUFFRAGES EXPRIMÉS,SUFFRAGES EXPRIMÉS,SUFFRAGES EXPRIMÉS,60629.0,98.45,60048.0,98.1,https://fr.wikipedia.org/wiki/%C3%89lections_l%C3%A9gislatives_de_2024_dans_le_Nord,,,,,656,881.0,1.07,1.44,299.0,281.0,0.49,0.46,61584,61210.0,100.0,100.0,30461,30861.0,33.09,33.52,92045,92071.0,66.91,66.48,1
59-5908,59,Nord,5908,8ème circonscription,Violette Spillebout,violette spillebout,RE (ENS),ENS,Ensemble,Ensemble,20620.0,34.01,27081.0,45.1,https://fr.wikipedia.org/wiki/%C3%89lections_l%C3%A9gislatives_de_2024_dans_le_Nord,,,,,656,881.0,1.07,1.44,299.0,281.0,0.49,0.46,61584,61210.0,100.0,100.0,30461,30861.0,33.09,33.52,92045,92071.0,66.91,66.48,2
59-5908,59,Nord,5908,8ème circonscription,Odile Vidal-Sagnier,odile vidal sagnier,LE (NFP),UG,Autre NFP,Autre NFP,18869.0,31.12,19351.0,32.23,https://fr.wikipedia.org/wiki/%C3%89lections_l%C3%A9gislatives_de_2024_dans_le_Nord,,,,,656,881.0,1.07,1.44,299.0,281.0,0.49,0.46,61584,61210.0,100.0,100.0,30461,30861.0,33.09,33.52,92045,92071.0,66.91,66.48,3
59-5908,59,Nord,5908,8ème circonscription,Christine Landru[46],christine landru 46,LAF (RN),RN,Rassemblement national,Rassemblement national,12533.0,20.67,13616.0,22.68,https://fr.wikipedia.org/wiki/%C3%89lections_l%C3%A9gislatives_de_2024_dans_le_Nord,,,,,656,881.0,1.07,1.44,299.0,281.0,0.49,0.46,61584,61210.0,100.0,100.0,30461,30861.0,33.09,33.52,92045,92071.0,66.91,66.48,4
59-5909,59,Nord,5909,9ème circonscription,Suffrages exprimés,suffrages exprimes,Suffrages exprimés,SUFFRAGES EXPRIMÉS,SUFFRAGES EXPRIMÉS,SUFFRAGES EXPRIMÉS,48601.0,97.81,46604.0,95.27,https://fr.wikipedia.org/wiki/%C3%89lections_l%C3%A9gislatives_de_2024_dans_le_Nord,,,,,814,1719.0,1.64,3.51,276.0,593.0,0.56,1.21,49691,48916.0,100.0,100.0,33501,34309.0,40.27,41.22,83192,83225.0,59.73,58.78,1
59-5909,59,Nord,5909,9ème circonscription,Gérald Darmanin,gerald darmanin,RE (ENS),ENS,Ensemble,Ensemble,17512.0,36.03,28603.0,61.37,https://fr.wikipedia.org/wiki/%C3%89lections_l%C3%A9gislatives_de_2024_dans_le_Nord,,,,,814,1719.0,1.64,3.51,276.0,593.0,0.56,1.21,49691,48916.0,100.0,100.0,33501,34309.0,40.27,41.22,83192,83225.0,59.73,58.78,2
59-5909,59,Nord,5909,9ème circonscription,Bastien Verbrugghe[48],bastien verbrugghe 48,LAF (RN),RN,Rassemblement national,Rassemblement national,16675.0,34.31,18001.0,38.63,https://fr.wikipedia.org/wiki/%C3%89lections_l%C3%A9gislatives_de_2024_dans_le_Nord,,,,,814,1719.0,1.64,3.51,276.0,593.0,0.56,1.21,49691,48916.0,100.0,100.0,33501,34309.0,40.27,41.22,83192,83225.0,59.73,58.78,3
59-5910,59,Nord,5910,10ème circonscription,Suffrages exprimés,suffrages exprimes,Suffrages exprimés,SUFFRAGES EXPRIMÉS,SUFFRAGES EXPRIMÉS,SUFFRAGES EXPRIMÉS,59263.0,97.45,55087.0,92.08,https://fr.wikipedia.org/wiki/%C3%89lections_l%C3%A9gislatives_de_2024_dans_le_Nord,,,,,1047,3688.0,1.72,6.16,504.0,1052.0,0.83,1.76,60814,59827.0,100.0,100.0,32377,33404.0,34.74,35.83,93191,93231.0,65.26,64.17,1
59-5910,59,Nord,5910,10ème circonscription,Roger Vicot,roger vicot,PS (NFP),UG,Autre NFP,Autre NFP,22809.0,38.49,33740.0,61.25,https://fr.wikipedia.org/wiki/%C3%89lections_l%C3%A9gislatives_de_2024_dans_le_Nord,,,,,1047,3688.0,1.72,6.16,504.0,1052.0,0.83,1.76,60814,59827.0,100.0,100.0,32377,33404.0,34.74,35.83,93191,93231.0,65.26,64.17,2
59-5910,59,Nord,5910,10ème circonscription,Maxime Moulin,maxime moulin,RN,RN,Rassemblement national,Rassemblement national,18650.0,31.47,21347.0,38.75,https://fr.wikipedia.org/wiki/%C3%89lections_l%C3%A9gislatives_de_2024_dans_le_Nord,,,,,1047,3688.0,1.72,6.16,504.0,1052.0,0.83,1.76,60814,59827.0,100.0,100.0,32377,33404.0,34.74,35.83,93191,93231.0,65.26,64.17,3
59-5911,59,Nord,5911,11ème circonscription,Suffrages exprimés,suffrages exprimes,Suffrages exprimés,SUFFRAGES EXPRIMÉS,SUFFRAGES EXPRIMÉS,SUFFRAGES EXPRIMÉS,49776.0,96.95,49790.0,96.39,https://fr.wikipedia.org/wiki/%C3%89lections_l%C3%A9gislatives_de_2024_dans_le_Nord,,,,,1173,1346.0,2.28,2.61,392.0,520.0,0.76,1.01,51341,51656.0,100.0,100.0,34704,34405.0,40.33,39.98,86045,86061.0,59.67,60.02,1
59-5911,59,Nord,5911,11ème circonscription,"Julien Gokel[56],[54]",julien gokel 56 54,PS diss.[e],DIV,Divers,Divers,16026.0,32.2,26769.0,53.76,https://fr.wikipedia.org/wiki/%C3%89lections_l%C3%A9gislatives_de_2024_dans_le_Nord,,,,,1173,1346.0,2.28,2.61,392.0,520.0,0.76,1.01,51341,51656.0,100.0,100.0,34704,34405.0,40.33,39.98,86045,86061.0,59.67,60.02,2
59-5911,59,Nord,5911,11ème circonscription,Maxence Accart,maxence accart,RN,RN,Rassemblement national,Rassemblement national,21662.0,43.52,23021.0,46.24,https://fr.wikipedia.org/wiki/%C3%89lections_l%C3%A9gislatives_de_2024_dans_le_Nord,,,,,1173,1346.0,2.28,2.61,392.0,520.0,0.76,1.01,51341,51656.0,100.0,100.0,34704,34405.0,40.33,39.98,86045,86061.0,59.67,60.02,3
59-5912,59,Nord,5912,12ème circonscription,Suffrages exprimés,suffrages exprimes,Suffrages exprimés,SUFFRAGES EXPRIMÉS,SUFFRAGES EXPRIMÉS,SUFFRAGES EXPRIMÉS,65122.0,97.25,64417.0,96.46,https://fr.wikipedia.org/wiki/%C3%89lections_l%C3%A9gislatives_de_2024_dans_le_Nord,,,,,1328,1671.0,1.98,2.5,514.0,696.0,0.77,1.04,66964,66784.0,100.0,100.0,32485,32686.0,32.66,32.86,99449,99470.0,67.34,67.14,1
59-5912,59,Nord,5912,12ème circonscription,Paul Christophe,paul christophe,HOR (ENS),DVD,Divers droite,Divers droite,23928.0,36.74,32303.0,50.15,https://fr.wikipedia.org/wiki/%C3%89lections_l%C3%A9gislatives_de_2024_dans_le_Nord,,,,,1328,1671.0,1.98,2.5,514.0,696.0,0.77,1.04,66964,66784.0,100.0,100.0,32485,32686.0,32.66,32.86,99449,99470.0,67.34,67.14,2
59-5912,59,Nord,5912,12ème circonscription,"Jean-Baptiste Gardes[32],[58],[59],[40]",jean baptiste gardes 32 58 59 40,RAD - RN[f],UXD,Union de l'extrême droite,Union de l'extrême droite,30194.0,46.37,32114.0,49.85,https://fr.wikipedia.org/wiki/%C3%89lections_l%C3%A9gislatives_de_2024_dans_le_Nord,,,,,1328,1671.0,1.98,2.5,514.0,696.0,0.77,1.04,66964,66784.0,100.0,100.0,32485,32686.0,32.66,32.86,99449,99470.0,67.34,67.14,3
59-5913,59,Nord,5913,13ème circonscription,Suffrages exprimés,suffrages exprimes,Suffrages exprimés,SUFFRAGES EXPRIMÉS,SUFFRAGES EXPRIMÉS,SUFFRAGES EXPRIMÉS,65031.0,97.22,64198.0,95.82,https://fr.wikipedia.org/wiki/%C3%89lections_l%C3%A9gislatives_de_2024_dans_le_Nord,,,,,1214,1889.0,1.81,2.82,647.0,912.0,0.97,1.36,66892,66999.0,100.0,100.0,30709,30626.0,31.46,31.37,97601,97625.0,66.63,68.63,1
59-5913,59,Nord,5913,13ème circonscription,"Jean-Pierre Bataille[61],[62]",jean pierre bataille 61 62,SE[g],DVD,Divers droite,Divers droite,22206.0,34.15,32228.0,50.2,https://fr.wikipedia.org/wiki/%C3%89lections_l%C3%A9gislatives_de_2024_dans_le_Nord,,,,,1214,1889.0,1.81,2.82,647.0,912.0,0.97,1.36,66892,66999.0,100.0,100.0,30709,30626.0,31.46,31.37,97601,97625.0,66.63,68.63,2
59-5913,59,Nord,5913,13ème circonscription,Pierrick Berteloot,pierrick berteloot,RN,RN,Rassemblement national,Rassemblement national,29894.0,45.97,31970.0,49.8,https://fr.wikipedia.org/wiki/%C3%89lections_l%C3%A9gislatives_de_2024_dans_le_Nord,,,,,1214,1889.0,1.81,2.82,647.0,912.0,0.97,1.36,66892,66999.0,100.0,100.0,30709,30626.0,31.46,31.37,97601,97625.0,66.63,68.63,3
59-5914,59,Nord,5914,14ème circonscription,Suffrages exprimés,suffrages exprimes,Suffrages exprimés,SUFFRAGES EXPRIMÉS,SUFFRAGES EXPRIMÉS,SUFFRAGES EXPRIMÉS,45495.0,97.37,42786.0,93.42,https://fr.wikipedia.org/wiki/%C3%89lections_l%C3%A9gislatives_de_2024_dans_le_Nord,,,,,860,2323.0,1.84,5.07,370.0,691.0,0.79,1.51,46725,45800.0,100.0,100.0,27150,28089.0,36.75,38.02,73875,73889.0,61.58,61.98,1
59-5914,59,Nord,5914,14ème circonscription,"Thierry Tesson[40],[65]",thierry tesson 40 65,RAD (RN),RN,Rassemblement national,Rassemblement national,21803.0,47.92,23873.0,55.8,https://fr.wikipedia.org/wiki/%C3%89lections_l%C3%A9gislatives_de_2024_dans_le_Nord,,,,,860,2323.0,1.84,5.07,370.0,691.0,0.79,1.51,46725,45800.0,100.0,100.0,27150,28089.0,36.75,38.02,73875,73889.0,61.58,61.98,2
59-5914,59,Nord,5914,14ème circonscription,Frédéric Chéreau,frederic chereau,PS (NFP),UG,Autre NFP,Autre NFP,13575.0,29.84,18913.0,44.2,https://fr.wikipedia.org/wiki/%C3%89lections_l%C3%A9gislatives_de_2024_dans_le_Nord,,,,,860,2323.0,1.84,5.07,370.0,691.0,0.79,1.51,46725,45800.0,100.0,100.0,27150,28089.0,36.75,38.02,73875,73889.0,61.58,61.98,3
59-5915,59,Nord,5915,15ème circonscription,Suffrages exprimés,suffrages exprimes,Suffrages exprimés,SUFFRAGES EXPRIMÉS,SUFFRAGES EXPRIMÉS,SUFFRAGES EXPRIMÉS,48922.0,97.53,47459.0,96.61,https://fr.wikipedia.org/wiki/%C3%89lections_l%C3%A9gislatives_de_2024_dans_le_Nord,,,,,884,1217.0,1.76,2.48,357.0,447.0,0.71,0.91,50163,49123.0,100.0,100.0,30997,32050.0,38.19,39.48,81160,81173.0,61.81,60.52,1
59-5915,59,Nord,5915,15ème circonscription,Valérie Létard,valerie letard,UDI (ENS),UDI,UDI,UDI,14280.0,29.19,24485.0,51.59,https://fr.wikipedia.org/wiki/%C3%89lections_l%C3%A9gislatives_de_2024_dans_le_Nord,,,,,884,1217.0,1.76,2.48,357.0,447.0,0.71,0.91,50163,49123.0,100.0,100.0,30997,32050.0,38.19,39.48,81160,81173.0,61.81,60.52,2
59-5915,59,Nord,5915,15ème circonscription,Laurence Bara,laurence bara,RN,RN,Rassemblement national,Rassemblement national,21337.0,43.61,22974.0,48.41,https://fr.wikipedia.org/wiki/%C3%89lections_l%C3%A9gislatives_de_2024_dans_le_Nord,,,,,884,1217.0,1.76,2.48,357.0,447.0,0.71,0.91,50163,49123.0,100.0,100.0,30997,32050.0,38.19,39.48,81160,81173.0,61.81,60.52,3
60-6001,60,Oise,6001,1ère circonscription,Suffrages exprimés,suffrages exprimes,Suffrages exprimés,SUFFRAGES EXPRIMÉS,SUFFRAGES EXPRIMÉS,SUFFRAGES EXPRIMÉS,53298.0,97.86,51894.0,96.27,https://fr.wikipedia.org/wiki/%C3%89lections_l%C3%A9gislatives_de_2024_dans_l%27Oise,,,,,774,1442.0,1.42,2.67,389.0,571.0,0.71,1.06,54461,53907.0,100.0,100.0,28797,29344.0,34.59,35.25,83258,83251.0,65.41,64.75,1
60-6001,60,Oise,6001,1ère circonscription,Claire Marais-Beuil,claire marais beuil,RN,RN,Rassemblement national,Rassemblement national,24621.0,46.19,26824.0,51.69,https://fr.wikipedia.org/wiki/%C3%89lections_l%C3%A9gislatives_de_2024_dans_l%27Oise,,,,,774,1442.0,1.42,2.67,389.0,571.0,0.71,1.06,54461,53907.0,100.0,100.0,28797,29344.0,34.59,35.25,83258,83251.0,65.41,64.75,2
60-6001,60,Oise,6001,1ère circonscription,Victor Habert-Dassault[21],victor habert dassault 21,LR (UDC),LR,Les Républicains,Les Républicains,13049.0,24.48,25070.0,48.31,https://fr.wikipedia.org/wiki/%C3%89lections_l%C3%A9gislatives_de_2024_dans_l%27Oise,,,,,774,1442.0,1.42,2.67,389.0,571.0,0.71,1.06,54461,53907.0,100.0,100.0,28797,29344.0,34.59,35.25,83258,83251.0,65.41,64.75,3
60-6002,60,Oise,6002,2ème circonscription,Suffrages exprimés,suffrages exprimes,Suffrages exprimés,SUFFRAGES EXPRIMÉS,SUFFRAGES EXPRIMÉS,SUFFRAGES EXPRIMÉS,45218.0,97.34,42221.0,90.89,https://fr.wikipedia.org/wiki/%C3%89lections_l%C3%A9gislatives_de_2024_dans_l%27Oise,,,,,902,3241.0,1.94,6.98,332.0,990.0,0.71,2.13,46452,46452.0,100.0,100.0,28043,28060.0,37.64,37.66,74495,74512.0,62.36,62.34,1
60-6002,60,Oise,6002,2ème circonscription,Alexandre Sabatou,alexandre sabatou,LAF (RN),RN,Rassemblement national,Rassemblement national,19487.0,43.1,21940.0,51.96,https://fr.wikipedia.org/wiki/%C3%89lections_l%C3%A9gislatives_de_2024_dans_l%27Oise,,,,,902,3241.0,1.94,6.98,332.0,990.0,0.71,2.13,46452,46452.0,100.0,100.0,28043,28060.0,37.64,37.66,74495,74512.0,62.36,62.34,2
60-6002,60,Oise,6002,2ème circonscription,Amadou Ka,amadou ka,LFI (NFP),UG,LFI / NFP,LFI / NFP,14149.0,31.29,20281.0,48.04,https://fr.wikipedia.org/wiki/%C3%89lections_l%C3%A9gislatives_de_2024_dans_l%27Oise,,,,,902,3241.0,1.94,6.98,332.0,990.0,0.71,2.13,46452,46452.0,100.0,100.0,28043,28060.0,37.64,37.66,74495,74512.0,62.36,62.34,3
60-6003,60,Oise,6003,3ème circonscription,Suffrages exprimés,suffrages exprimes,Suffrages exprimés,SUFFRAGES EXPRIMÉS,SUFFRAGES EXPRIMÉS,SUFFRAGES EXPRIMÉS,62378.0,97.9,60200.0,95.33,https://fr.wikipedia.org/wiki/%C3%89lections_l%C3%A9gislatives_de_2024_dans_l%27Oise,,,,,955,2246.0,1.5,3.56,385.0,700.0,0.6,1.11,63718,63146.0,100.0,100.0,30465,31060.0,32.35,32.97,94183,94206.0,67.65,67.03,1
60-6003,60,Oise,6003,3ème circonscription,Éric Woerth,eric woerth,RE (ENS),ENS,Ensemble,Ensemble,18646.0,29.89,32174.0,53.45,https://fr.wikipedia.org/wiki/%C3%89lections_l%C3%A9gislatives_de_2024_dans_l%27Oise,,,,,955,2246.0,1.5,3.56,385.0,700.0,0.6,1.11,63718,63146.0,100.0,100.0,30465,31060.0,32.35,32.97,94183,94206.0,67.65,67.03,2
60-6003,60,Oise,6003,3ème circonscription,Mathieu Grimpret,mathieu grimpret,RN,RN,Rassemblement national,Rassemblement national,25093.0,40.23,28026.0,46.55,https://fr.wikipedia.org/wiki/%C3%89lections_l%C3%A9gislatives_de_2024_dans_l%27Oise,,,,,955,2246.0,1.5,3.56,385.0,700.0,0.6,1.11,63718,63146.0,100.0,100.0,30465,31060.0,32.35,32.97,94183,94206.0,67.65,67.03,3
60-6004,60,Oise,6004,4ème circonscription,Suffrages exprimés,suffrages exprimes,Suffrages exprimés,SUFFRAGES EXPRIMÉS,SUFFRAGES EXPRIMÉS,SUFFRAGES EXPRIMÉS,47611.0,97.94,44244.0,91.75,https://fr.wikipedia.org/wiki/%C3%89lections_l%C3%A9gislatives_de_2024_dans_l%27Oise,,,,,704,3124.0,1.45,6.48,299.0,854.0,0.62,1.77,48614,48222.0,100.0,100.0,25031,25423.0,33.99,34.52,73645,73645.0,66.01,65.48,1
60-6004,60,Oise,6004,4ème circonscription,Frédéric-Pierre Vos,frederic pierre vos,RN,RN,Rassemblement national,Rassemblement national,20070.0,42.15,24669.0,55.76,https://fr.wikipedia.org/wiki/%C3%89lections_l%C3%A9gislatives_de_2024_dans_l%27Oise,,,,,704,3124.0,1.45,6.48,299.0,854.0,0.62,1.77,48614,48222.0,100.0,100.0,25031,25423.0,33.99,34.52,73645,73645.0,66.01,65.48,2
60-6004,60,Oise,6004,4ème circonscription,Bertrand Brassens[37],bertrand brassens 37,PS (NFP),UG,Autre NFP,Autre NFP,10491.0,22.03,19575.0,44.24,https://fr.wikipedia.org/wiki/%C3%89lections_l%C3%A9gislatives_de_2024_dans_l%27Oise,,,,,704,3124.0,1.45,6.48,299.0,854.0,0.62,1.77,48614,48222.0,100.0,100.0,25031,25423.0,33.99,34.52,73645,73645.0,66.01,65.48,3
60-6005,60,Oise,6005,5ème circonscription,Suffrages exprimés,suffrages exprimes,Suffrages exprimés,SUFFRAGES EXPRIMÉS,SUFFRAGES EXPRIMÉS,SUFFRAGES EXPRIMÉS,48879.0,97.32,47783.0,95.72,https://fr.wikipedia.org/wiki/%C3%89lections_l%C3%A9gislatives_de_2024_dans_l%27Oise,,,,,996,1645.0,1.98,3.3,352.0,492.0,0.7,0.99,50227,49920.0,100.0,100.0,25629,25942.0,33.79,34.2,75856,75862.0,66.21,65.8,1
60-6005,60,Oise,6005,5ème circonscription,Michel Guiniot,michel guiniot,RN,RN,Rassemblement national,Rassemblement national,23402.0,47.88,25058.0,52.44,https://fr.wikipedia.org/wiki/%C3%89lections_l%C3%A9gislatives_de_2024_dans_l%27Oise,,,,,996,1645.0,1.98,3.3,352.0,492.0,0.7,0.99,50227,49920.0,100.0,100.0,25629,25942.0,33.79,34.2,75856,75862.0,66.21,65.8,2
60-6005,60,Oise,6005,5ème circonscription,Daniel Leca,daniel leca,UDI (ENS),UDI,UDI,UDI,11207.0,22.93,22725.0,47.56,https://fr.wikipedia.org/wiki/%C3%89lections_l%C3%A9gislatives_de_2024_dans_l%27Oise,,,,,996,1645.0,1.98,3.3,352.0,492.0,0.7,0.99,50227,49920.0,100.0,100.0,25629,25942.0,33.79,34.2,75856,75862.0,66.21,65.8,3
60-6006,60,Oise,6006,6ème circonscription,Suffrages exprimés,suffrages exprimes,Suffrages exprimés,SUFFRAGES EXPRIMÉS,SUFFRAGES EXPRIMÉS,SUFFRAGES EXPRIMÉS,48891.0,97.87,49395.0,97.84,https://fr.wikipedia.org/wiki/%C3%89lections_l%C3%A9gislatives_de_2024_dans_l%27Oise,,,,,749,822.0,1.5,1.63,313.0,267.0,0.63,0.53,49953,50484.0,100.0,100.0,27165,26648.0,35.23,34.55,77118,77132.0,64.77,65.45,1
60-6006,60,Oise,6006,6ème circonscription,David Magnier,david magnier,RN,RN,Rassemblement national,Rassemblement national,19769.0,40.43,21662.0,43.85,https://fr.wikipedia.org/wiki/%C3%89lections_l%C3%A9gislatives_de_2024_dans_l%27Oise,,,,,749,822.0,1.5,1.63,313.0,267.0,0.63,0.53,49953,50484.0,100.0,100.0,27165,26648.0,35.23,34.55,77118,77132.0,64.77,65.45,2
60-6006,60,Oise,6006,6ème circonscription,Loïc Pen,loic pen,PCF (NFP),UG,PCF / NFP,PCF / NFP,13289.0,27.18,16999.0,34.41,https://fr.wikipedia.org/wiki/%C3%89lections_l%C3%A9gislatives_de_2024_dans_l%27Oise,,,,,749,822.0,1.5,1.63,313.0,267.0,0.63,0.53,49953,50484.0,100.0,100.0,27165,26648.0,35.23,34.55,77118,77132.0,64.77,65.45,3
60-6006,60,Oise,6006,6ème circonscription,Maxime Minot,maxime minot,LR (UDC),LR,Les Républicains,Les Républicains,10519.0,21.52,10734.0,21.73,https://fr.wikipedia.org/wiki/%C3%89lections_l%C3%A9gislatives_de_2024_dans_l%27Oise,,,,,749,822.0,1.5,1.63,313.0,267.0,0.63,0.53,49953,50484.0,100.0,100.0,27165,26648.0,35.23,34.55,77118,77132.0,64.77,65.45,4
61-6101,61,Orne,6101,1ère circonscription,Chantal Jourdan,chantal jourdan,PS (NFP),UG,Autre NFP,Autre NFP,12264.0,27.33,22804.0,53.89,https://fr.wikipedia.org/wiki/%C3%89lections_l%C3%A9gislatives_de_2024_dans_l%27Orne,44869.0,42315.0,97.06,91.4,941,3090.0,2.04,6.67,417.0,891.0,0.9,1.92,46227,46296.0,100.0,100.0,21957,21893.0,32.2,32.11,68184,68189.0,67.8,67.89,1
61-6101,61,Orne,6101,1ère circonscription,Nadine Belzidsky,nadine belzidsky,RN,RN,Rassemblement national,Rassemblement national,15783.0,35.18,19511.0,46.11,https://fr.wikipedia.org/wiki/%C3%89lections_l%C3%A9gislatives_de_2024_dans_l%27Orne,44869.0,42315.0,97.06,91.4,941,3090.0,2.04,6.67,417.0,891.0,0.9,1.92,46227,46296.0,100.0,100.0,21957,21893.0,32.2,32.11,68184,68189.0,67.8,67.89,2
61-6102,61,Orne,6102,2ème circonscription,Véronique Louwagie,veronique louwagie,LR (UDC),DVD,Divers droite,Divers droite,14411.0,32.95,23433.0,54.43,https://fr.wikipedia.org/wiki/%C3%89lections_l%C3%A9gislatives_de_2024_dans_l%27Orne,43739.0,43054.0,97.8,96.27,719,1279.0,1.61,2.86,266.0,389.0,0.59,0.87,44724,44722.0,100.0,100.0,19812,19814.0,30.7,30.7,64536,64536.0,69.3,69.3,1
61-6102,61,Orne,6102,2ème circonscription,Gérard Vienne,gerard vienne,RN,RN,Rassemblement national,Rassemblement national,17502.0,40.01,19621.0,45.57,https://fr.wikipedia.org/wiki/%C3%89lections_l%C3%A9gislatives_de_2024_dans_l%27Orne,43739.0,43054.0,97.8,96.27,719,1279.0,1.61,2.86,266.0,389.0,0.59,0.87,44724,44722.0,100.0,100.0,19812,19814.0,30.7,30.7,64536,64536.0,69.3,69.3,2
61-6103,61,Orne,6103,3ème circonscription,Jérôme Nury,jerome nury,LR (UDC),DVD,Divers droite,Divers droite,20701.0,43.67,29782.0,64.73,https://fr.wikipedia.org/wiki/%C3%89lections_l%C3%A9gislatives_de_2024_dans_l%27Orne,47398.0,46008.0,97.72,96.06,795,1448.0,1.64,3.02,310.0,441.0,0.64,0.92,48503,47897.0,100.0,100.0,22150,22759.0,31.35,32.21,70653,70656.0,68.65,67.79,1
61-6103,61,Orne,6103,3ème circonscription,Ludmila Petchenina,ludmila petchenina,RN,RN,Rassemblement national,Rassemblement national,15364.0,32.41,16226.0,35.27,https://fr.wikipedia.org/wiki/%C3%89lections_l%C3%A9gislatives_de_2024_dans_l%27Orne,47398.0,46008.0,97.72,96.06,795,1448.0,1.64,3.02,310.0,441.0,0.64,0.92,48503,47897.0,100.0,100.0,22150,22759.0,31.35,32.21,70653,70656.0,68.65,67.79,2
62-6201,62,Pas-de-Calais,6201,1ère circonscription,Suffrages exprimés,suffrages exprimes,Suffrages exprimés,SUFFRAGES EXPRIMÉS,SUFFRAGES EXPRIMÉS,SUFFRAGES EXPRIMÉS,59603.0,97.6,56670.0,94.96,https://fr.wikipedia.org/wiki/%C3%89lections_l%C3%A9gislatives_de_2024_dans_le_Pas-de-Calais,,,,,981,1960.0,1.61,3.28,484.0,1045.0,0.79,1.75,61068,59675.0,100.0,100.0,27528,28931.0,31.07,32.65,88596,88606.0,68.93,67.35,1
62-6201,62,Pas-de-Calais,6201,1ère circonscription,Agnès Pannier-Runacher[22],agnes pannier runacher 22,RE - TdP (ENS),ENS,Ensemble,Ensemble,12838.0,21.54,31642.0,55.84,https://fr.wikipedia.org/wiki/%C3%89lections_l%C3%A9gislatives_de_2024_dans_le_Pas-de-Calais,,,,,981,1960.0,1.61,3.28,484.0,1045.0,0.79,1.75,61068,59675.0,100.0,100.0,27528,28931.0,31.07,32.65,88596,88606.0,68.93,67.35,2
62-6201,62,Pas-de-Calais,6201,1ère circonscription,Alban Heusèle,alban heusele,RN,RN,Rassemblement national,Rassemblement national,22239.0,37.31,25028.0,44.16,https://fr.wikipedia.org/wiki/%C3%89lections_l%C3%A9gislatives_de_2024_dans_le_Pas-de-Calais,,,,,981,1960.0,1.61,3.28,484.0,1045.0,0.79,1.75,61068,59675.0,100.0,100.0,27528,28931.0,31.07,32.65,88596,88606.0,68.93,67.35,3
62-6202,62,Pas-de-Calais,6202,2ème circonscription,Suffrages exprimés,suffrages exprimes,Suffrages exprimés,SUFFRAGES EXPRIMÉS,SUFFRAGES EXPRIMÉS,SUFFRAGES EXPRIMÉS,59718.0,97.41,59465.0,95.81,https://fr.wikipedia.org/wiki/%C3%89lections_l%C3%A9gislatives_de_2024_dans_le_Pas-de-Calais,,,,,1089,1717.0,1.78,2.77,501.0,881.0,0.82,1.42,61308,62063.0,100.0,100.0,28655,27896.0,31.85,31.01,89963,89959.0,68.15,68.99,1
62-6202,62,Pas-de-Calais,6202,2ème circonscription,Philippe Fait[29],philippe fait 29,HOR (ENS),ENS,Ensemble,Ensemble,18309.0,30.66,30237.0,50.85,https://fr.wikipedia.org/wiki/%C3%89lections_l%C3%A9gislatives_de_2024_dans_le_Pas-de-Calais,,,,,1089,1717.0,1.78,2.77,501.0,881.0,0.82,1.42,61308,62063.0,100.0,100.0,28655,27896.0,31.85,31.01,89963,89959.0,68.15,68.99,2
62-6202,62,Pas-de-Calais,6202,2ème circonscription,Benoît Dolle[28],benoit dolle 28,LAF (RN),RN,Rassemblement national,Rassemblement national,25286.0,42.34,29228.0,49.15,https://fr.wikipedia.org/wiki/%C3%89lections_l%C3%A9gislatives_de_2024_dans_le_Pas-de-Calais,,,,,1089,1717.0,1.78,2.77,501.0,881.0,0.82,1.42,61308,62063.0,100.0,100.0,28655,27896.0,31.85,31.01,89963,89959.0,68.15,68.99,3
62-6203,62,Pas-de-Calais,6203,3ème circonscription,Suffrages exprimés,suffrages exprimes,Suffrages exprimés,SUFFRAGES EXPRIMÉS,SUFFRAGES EXPRIMÉS,SUFFRAGES EXPRIMÉS,55564.0,97.85,53863.0,94.49,https://fr.wikipedia.org/wiki/%C3%89lections_l%C3%A9gislatives_de_2024_dans_le_Pas-de-Calais,,,,,869,2306.0,1.53,4.05,351.0,835.0,0.62,1.46,56784,57004.0,100.0,100.0,34122,33918.0,37.54,37.3,90906,90922.0,62.46,62.7,1
62-6203,62,Pas-de-Calais,6203,3ème circonscription,Antoine Golliot,antoine golliot,RN,RN,Rassemblement national,Rassemblement national,23974.0,43.15,27176.0,50.45,https://fr.wikipedia.org/wiki/%C3%89lections_l%C3%A9gislatives_de_2024_dans_le_Pas-de-Calais,,,,,869,2306.0,1.53,4.05,351.0,835.0,0.62,1.46,56784,57004.0,100.0,100.0,34122,33918.0,37.54,37.3,90906,90922.0,62.46,62.7,2
62-6203,62,Pas-de-Calais,6203,3ème circonscription,Olivier Barbarin,olivier barbarin,PS (NFP),UG,Autre NFP,Autre NFP,16095.0,28.97,26687.0,49.55,https://fr.wikipedia.org/wiki/%C3%89lections_l%C3%A9gislatives_de_2024_dans_le_Pas-de-Calais,,,,,869,2306.0,1.53,4.05,351.0,835.0,0.62,1.46,56784,57004.0,100.0,100.0,34122,33918.0,37.54,37.3,90906,90922.0,62.46,62.7,3
62-6204,62,Pas-de-Calais,6204,4ème circonscription,Suffrages exprimés,suffrages exprimes,Suffrages exprimés,SUFFRAGES EXPRIMÉS,SUFFRAGES EXPRIMÉS,SUFFRAGES EXPRIMÉS,56408.0,97.91,56459.0,96.98,https://fr.wikipedia.org/wiki/%C3%89lections_l%C3%A9gislatives_de_2024_dans_le_Pas-de-Calais,,,,,779,1112.0,1.35,1.91,423.0,649.0,0.73,1.11,57610,58220.0,100.0,100.0,37049,36462.0,39.14,38.51,94659,94682.0,60.86,61.49,1
62-6204,62,Pas-de-Calais,6204,4ème circonscription,Marc de Fleurian,marc de fleurian,RN,RN,Rassemblement national,Rassemblement national,26995.0,47.86,29282.0,51.86,https://fr.wikipedia.org/wiki/%C3%89lections_l%C3%A9gislatives_de_2024_dans_le_Pas-de-Calais,,,,,779,1112.0,1.35,1.91,423.0,649.0,0.73,1.11,57610,58220.0,100.0,100.0,37049,36462.0,39.14,38.51,94659,94682.0,60.86,61.49,2
62-6204,62,Pas-de-Calais,6204,4ème circonscription,Pierre-Henri Dumont,pierre henri dumont,LR (UDC),LR,Les Républicains,Les Républicains,19036.0,33.75,27177.0,48.14,https://fr.wikipedia.org/wiki/%C3%89lections_l%C3%A9gislatives_de_2024_dans_le_Pas-de-Calais,,,,,779,1112.0,1.35,1.91,423.0,649.0,0.73,1.11,57610,58220.0,100.0,100.0,37049,36462.0,39.14,38.51,94659,94682.0,60.86,61.49,3
62-6205,62,Pas-de-Calais,6205,5ème circonscription,Suffrages exprimés,suffrages exprimes,Suffrages exprimés,SUFFRAGES EXPRIMÉS,SUFFRAGES EXPRIMÉS,SUFFRAGES EXPRIMÉS,58485.0,97.4,56961.0,95.34,https://fr.wikipedia.org/wiki/%C3%89lections_l%C3%A9gislatives_de_2024_dans_le_Pas-de-Calais,,,,,934,1772.0,1.56,2.97,627.0,1013.0,1.04,1.7,60046,59746.0,100.0,100.0,32342,32646.0,35.01,35.33,92388,92392.0,64.99,64.67,1
62-6205,62,Pas-de-Calais,6205,5ème circonscription,Auguste Évrard,auguste evrard,RN,RN,Rassemblement national,Rassemblement national,27164.0,46.45,29775.0,52.27,https://fr.wikipedia.org/wiki/%C3%89lections_l%C3%A9gislatives_de_2024_dans_le_Pas-de-Calais,,,,,934,1772.0,1.56,2.97,627.0,1013.0,1.04,1.7,60046,59746.0,100.0,100.0,32342,32646.0,35.01,35.33,92388,92392.0,64.99,64.67,2
62-6205,62,Pas-de-Calais,6205,5ème circonscription,"Bertrand Petit[34],[35]",bertrand petit 34 35,PS (NFP)[a],UG,Autre NFP,Autre NFP,18697.0,31.97,27186.0,47.73,https://fr.wikipedia.org/wiki/%C3%89lections_l%C3%A9gislatives_de_2024_dans_le_Pas-de-Calais,,,,,934,1772.0,1.56,2.97,627.0,1013.0,1.04,1.7,60046,59746.0,100.0,100.0,32342,32646.0,35.01,35.33,92388,92392.0,64.99,64.67,3
62-6206,62,Pas-de-Calais,6206,6ème circonscription,Suffrages exprimés,suffrages exprimes,Suffrages exprimés,SUFFRAGES EXPRIMÉS,SUFFRAGES EXPRIMÉS,SUFFRAGES EXPRIMÉS,52558.0,97.18,49992.0,94.87,https://fr.wikipedia.org/wiki/%C3%89lections_l%C3%A9gislatives_de_2024_dans_le_Pas-de-Calais,,,,,1009,1764.0,1.87,3.35,514.0,938.0,0.95,1.78,54081,52694.0,100.0,100.0,26681,28079.0,33.04,34.76,80762,80773.0,66.96,65.24,1
62-6206,62,Pas-de-Calais,6206,6ème circonscription,Caroline Parmentier,caroline parmentier,RN,RN,Rassemblement national,Rassemblement national,25674.0,48.85,27318.0,54.64,https://fr.wikipedia.org/wiki/%C3%89lections_l%C3%A9gislatives_de_2024_dans_le_Pas-de-Calais,,,,,1009,1764.0,1.87,3.35,514.0,938.0,0.95,1.78,54081,52694.0,100.0,100.0,26681,28079.0,33.04,34.76,80762,80773.0,66.96,65.24,2
62-6206,62,Pas-de-Calais,6206,6ème circonscription,Hadrien Coisne,hadrien coisne,MoDem (ENS),ENS,Ensemble,Ensemble,10394.0,19.78,22674.0,45.36,https://fr.wikipedia.org/wiki/%C3%89lections_l%C3%A9gislatives_de_2024_dans_le_Pas-de-Calais,,,,,1009,1764.0,1.87,3.35,514.0,938.0,0.95,1.78,54081,52694.0,100.0,100.0,26681,28079.0,33.04,34.76,80762,80773.0,66.96,65.24,3
63-6301,63,Puy-de-Dôme,6301,1ère circonscription,Marianne Maximi[12],marianne maximi 12,LFI - GES (NFP),UG,LFI / NFP,LFI / NFP,20841.0,38.14,23772.0,43.24,https://fr.wikipedia.org/wiki/%C3%89lections_l%C3%A9gislatives_de_2024_dans_le_Puy-de-D%C3%B4me,54645.0,54981.0,97.44,97.48,948,996.0,1.69,1.77,488.0,427.0,0.87,0.76,56081,56404.0,100.0,100.0,27707,27401.0,33.07,32.7,83788,83805.0,66.93,67.3,1
63-6301,63,Puy-de-Dôme,6301,1ère circonscription,Louis Clément,louis clement,RN,RN,Rassemblement national,Rassemblement national,15025.0,27.5,16311.0,29.67,https://fr.wikipedia.org/wiki/%C3%89lections_l%C3%A9gislatives_de_2024_dans_le_Puy-de-D%C3%B4me,54645.0,54981.0,97.44,97.48,948,996.0,1.69,1.77,488.0,427.0,0.87,0.76,56081,56404.0,100.0,100.0,27707,27401.0,33.07,32.7,83788,83805.0,66.93,67.3,2
63-6301,63,Puy-de-Dôme,6301,1ère circonscription,Hervé Prononce,herve prononce,HOR (ENS),ENS,Ensemble,Ensemble,13156.0,24.08,14898.0,27.1,https://fr.wikipedia.org/wiki/%C3%89lections_l%C3%A9gislatives_de_2024_dans_le_Puy-de-D%C3%B4me,54645.0,54981.0,97.44,97.48,948,996.0,1.69,1.77,488.0,427.0,0.87,0.76,56081,56404.0,100.0,100.0,27707,27401.0,33.07,32.7,83788,83805.0,66.93,67.3,3
63-6302,63,Puy-de-Dôme,6302,2ème circonscription,Christine Pirès-Beaune,christine pires beaune,PS (NFP),UG,Autre NFP,Autre NFP,23175.0,36.2,34546.0,56.63,https://fr.wikipedia.org/wiki/%C3%89lections_l%C3%A9gislatives_de_2024_dans_le_Puy-de-D%C3%B4me,64023.0,60999.0,97.27,92.56,1202,3587.0,1.83,5.44,596.0,1319.0,0.91,2.0,65821,65905.0,100.0,100.0,24462,24267.0,27.09,26.91,90283,90172.0,72.91,73.09,1
63-6302,63,Puy-de-Dôme,6302,2ème circonscription,Isabelle Dupré,isabelle dupre,RN,RN,Rassemblement national,Rassemblement national,21987.0,34.34,26453.0,43.37,https://fr.wikipedia.org/wiki/%C3%89lections_l%C3%A9gislatives_de_2024_dans_le_Puy-de-D%C3%B4me,64023.0,60999.0,97.27,92.56,1202,3587.0,1.83,5.44,596.0,1319.0,0.91,2.0,65821,65905.0,100.0,100.0,24462,24267.0,27.09,26.91,90283,90172.0,72.91,73.09,2
63-6303,63,Puy-de-Dôme,6303,3ème circonscription,Nicolas Bonnet,nicolas bonnet,LÉ (NFP),UG,Autre NFP,Autre NFP,20470.0,31.72,23816.0,37.12,https://fr.wikipedia.org/wiki/%C3%89lections_l%C3%A9gislatives_de_2024_dans_le_Puy-de-D%C3%B4me,64541.0,64163.0,97.41,96.93,1154,1521.0,1.74,2.3,562.0,514.0,0.85,0.78,66257,66198.0,100.0,100.0,23937,23993.0,26.54,26.6,90194,90191.0,73.46,73.4,1
63-6303,63,Puy-de-Dôme,6303,3ème circonscription,Laurence Vichnievsky,laurence vichnievsky,MoDem (ENS),ENS,Ensemble,Ensemble,16800.0,26.03,21525.0,33.55,https://fr.wikipedia.org/wiki/%C3%89lections_l%C3%A9gislatives_de_2024_dans_le_Puy-de-D%C3%B4me,64541.0,64163.0,97.41,96.93,1154,1521.0,1.74,2.3,562.0,514.0,0.85,0.78,66257,66198.0,100.0,100.0,23937,23993.0,26.54,26.6,90194,90191.0,73.46,73.4,2
63-6303,63,Puy-de-Dôme,6303,3ème circonscription,Nadine Pers,nadine pers,RN,RN,Rassemblement national,Rassemblement national,16735.0,25.93,18822.0,29.33,https://fr.wikipedia.org/wiki/%C3%89lections_l%C3%A9gislatives_de_2024_dans_le_Puy-de-D%C3%B4me,64541.0,64163.0,97.41,96.93,1154,1521.0,1.74,2.3,562.0,514.0,0.85,0.78,66257,66198.0,100.0,100.0,23937,23993.0,26.54,26.6,90194,90191.0,73.46,73.4,3
63-6304,63,Puy-de-Dôme,6304,4ème circonscription,Delphine Lingemann,delphine lingemann,MoDem (ENS),ENS,Ensemble,Ensemble,19299.0,27.38,42380.0,62.28,https://fr.wikipedia.org/wiki/%C3%89lections_l%C3%A9gislatives_de_2024_dans_le_Puy-de-D%C3%B4me,70483.0,68043.0,96.81,93.82,1544,3349.0,2.12,4.62,775.0,1136.0,1.06,1.57,72802,72528.0,100.0,100.0,29179,29452.0,28.61,28.88,101981,101980.0,71.39,71.12,1
63-6304,63,Puy-de-Dôme,6304,4ème circonscription,Benjamin Chalus,benjamin chalus,RN,RN,Rassemblement national,Rassemblement national,22290.0,31.62,25663.0,37.72,https://fr.wikipedia.org/wiki/%C3%89lections_l%C3%A9gislatives_de_2024_dans_le_Puy-de-D%C3%B4me,70483.0,68043.0,96.81,93.82,1544,3349.0,2.12,4.62,775.0,1136.0,1.06,1.57,72802,72528.0,100.0,100.0,29179,29452.0,28.61,28.88,101981,101980.0,71.39,71.12,2
63-6305,63,Puy-de-Dôme,6305,5ème circonscription,André Chassaigne,andre chassaigne,PCF (NFP),UG,PCF / NFP,PCF / NFP,27137.0,37.78,38293.0,55.27,https://fr.wikipedia.org/wiki/%C3%89lections_l%C3%A9gislatives_de_2024_dans_le_Puy-de-D%C3%B4me,71835.0,69286.0,97.15,92.89,1383,3901.0,1.87,5.23,727.0,1400.0,0.98,1.88,73945,74587.0,100.0,100.0,31107,30470.0,29.61,29.0,105052,105057.0,70.39,71.0,1
63-6305,63,Puy-de-Dôme,6305,5ème circonscription,Brigitte Carletto,brigitte carletto,RN,RN,Rassemblement national,Rassemblement national,26595.0,37.02,30993.0,44.73,https://fr.wikipedia.org/wiki/%C3%89lections_l%C3%A9gislatives_de_2024_dans_le_Puy-de-D%C3%B4me,71835.0,69286.0,97.15,92.89,1383,3901.0,1.87,5.23,727.0,1400.0,0.98,1.88,73945,74587.0,100.0,100.0,31107,30470.0,29.61,29.0,105052,105057.0,70.39,71.0,2
64-6401,64,Pyrénées-Atlantiques,6401,1ère circonscription,Josy Poueyto,josy poueyto,MoDem (ENS),ENS,Ensemble,Ensemble,12939.0,26.82,30942.0,66.69,https://fr.wikipedia.org/wiki/%C3%89lections_l%C3%A9gislatives_de_2024_dans_les_Pyr%C3%A9n%C3%A9es-Atlantiques,48244.0,46397.0,97.64,94.0,813,2128.0,1.65,4.31,351.0,831.0,0.71,1.68,49408,49356.0,100.0,100.0,20039,20098.0,28.86,28.94,69447,69454.0,71.14,71.06,1
64-6401,64,Pyrénées-Atlantiques,6401,1ère circonscription,François Verrière,francois verriere,RN,RN,Rassemblement national,Rassemblement national,13490.0,27.96,15455.0,33.31,https://fr.wikipedia.org/wiki/%C3%89lections_l%C3%A9gislatives_de_2024_dans_les_Pyr%C3%A9n%C3%A9es-Atlantiques,48244.0,46397.0,97.64,94.0,813,2128.0,1.65,4.31,351.0,831.0,0.71,1.68,49408,49356.0,100.0,100.0,20039,20098.0,28.86,28.94,69447,69454.0,71.14,71.06,2
64-6402,64,Pyrénées-Atlantiques,6402,2ème circonscription,Jean-Paul Matteï,jean paul mattei,MoDem (ENS),ENS,Ensemble,Ensemble,17972.0,29.6,37347.0,63.74,https://fr.wikipedia.org/wiki/%C3%89lections_l%C3%A9gislatives_de_2024_dans_les_Pyr%C3%A9n%C3%A9es-Atlantiques,60718.0,58589.0,97.37,94.23,1130,2583.0,1.81,4.15,508.0,1007.0,0.81,1.62,62356,62179.0,100.0,100.0,22316,22498.0,26.36,26.57,84672,84677.0,73.64,73.43,1
64-6402,64,Pyrénées-Atlantiques,6402,2ème circonscription,Monique Becker,monique becker,RN,RN,Rassemblement national,Rassemblement national,18910.0,31.14,21242.0,36.26,https://fr.wikipedia.org/wiki/%C3%89lections_l%C3%A9gislatives_de_2024_dans_les_Pyr%C3%A9n%C3%A9es-Atlantiques,60718.0,58589.0,97.37,94.23,1130,2583.0,1.81,4.15,508.0,1007.0,0.81,1.62,62356,62179.0,100.0,100.0,22316,22498.0,26.36,26.57,84672,84677.0,73.64,73.43,2
64-6403,64,Pyrénées-Atlantiques,6403,3ème circonscription,David Habib,david habib,LC,DVG,Divers gauche,Divers gauche,22271.0,37.63,37303.0,64.5,https://fr.wikipedia.org/wiki/%C3%89lections_l%C3%A9gislatives_de_2024_dans_les_Pyr%C3%A9n%C3%A9es-Atlantiques,59181.0,57833.0,97.73,95.81,974,1804.0,1.61,2.99,402.0,727.0,0.66,1.2,60557,60364.0,100.0,100.0,23372,23566.0,27.85,28.08,83929,83930.0,72.15,71.92,1
64-6403,64,Pyrénées-Atlantiques,6403,3ème circonscription,Nicolas Cresson,nicolas cresson,RN,RN,Rassemblement national,Rassemblement national,18670.0,31.55,20530.0,35.5,https://fr.wikipedia.org/wiki/%C3%89lections_l%C3%A9gislatives_de_2024_dans_les_Pyr%C3%A9n%C3%A9es-Atlantiques,59181.0,57833.0,97.73,95.81,974,1804.0,1.61,2.99,402.0,727.0,0.66,1.2,60557,60364.0,100.0,100.0,23372,23566.0,27.85,28.08,83929,83930.0,72.15,71.92,2
64-6404,64,Pyrénées-Atlantiques,6404,4ème circonscription,Iñaki Echaniz,i aki echaniz,PS (NFP),UG,Autre NFP,Autre NFP,21968.0,38.01,27762.0,47.92,https://fr.wikipedia.org/wiki/%C3%89lections_l%C3%A9gislatives_de_2024_dans_les_Pyr%C3%A9n%C3%A9es-Atlantiques,57795.0,57934.0,97.72,97.1,928,1304.0,1.57,2.19,422.0,429.0,0.71,0.72,59145,59667.0,100.0,100.0,21647,21131.0,26.79,26.15,80792,80798.0,73.21,73.85,1
64-6404,64,Pyrénées-Atlantiques,6404,4ème circonscription,Sylviane Lopez,sylviane lopez,RN,RN,Rassemblement national,Rassemblement national,14806.0,25.62,16753.0,28.92,https://fr.wikipedia.org/wiki/%C3%89lections_l%C3%A9gislatives_de_2024_dans_les_Pyr%C3%A9n%C3%A9es-Atlantiques,57795.0,57934.0,97.72,97.1,928,1304.0,1.57,2.19,422.0,429.0,0.71,0.72,59145,59667.0,100.0,100.0,21647,21131.0,26.79,26.15,80792,80798.0,73.21,73.85,2
64-6404,64,Pyrénées-Atlantiques,6404,4ème circonscription,Jean Lassalle,jean lassalle,RES,DVD,Divers droite,Divers droite,10434.0,18.05,13419.0,23.16,https://fr.wikipedia.org/wiki/%C3%89lections_l%C3%A9gislatives_de_2024_dans_les_Pyr%C3%A9n%C3%A9es-Atlantiques,57795.0,57934.0,97.72,97.1,928,1304.0,1.57,2.19,422.0,429.0,0.71,0.72,59145,59667.0,100.0,100.0,21647,21131.0,26.79,26.15,80792,80798.0,73.21,73.85,3
64-6405,64,Pyrénées-Atlantiques,6405,5ème circonscription,Colette Capdevielle,colette capdevielle,PS (NFP),UG,Autre NFP,Autre NFP,22643.0,32.3,40607.0,62.64,https://fr.wikipedia.org/wiki/%C3%89lections_l%C3%A9gislatives_de_2024_dans_les_Pyr%C3%A9n%C3%A9es-Atlantiques,70109.0,64828.0,97.82,90.64,1073,5253.0,1.5,7.34,488.0,1439.0,0.68,2.01,71670,71520.0,100.0,100.0,29466,29617.0,29.14,29.28,101136,101137.0,70.86,70.72,1
64-6405,64,Pyrénées-Atlantiques,6405,5ème circonscription,Serge Rosso,serge rosso,RN,RN,Rassemblement national,Rassemblement national,19308.0,27.54,24221.0,37.36,https://fr.wikipedia.org/wiki/%C3%89lections_l%C3%A9gislatives_de_2024_dans_les_Pyr%C3%A9n%C3%A9es-Atlantiques,70109.0,64828.0,97.82,90.64,1073,5253.0,1.5,7.34,488.0,1439.0,0.68,2.01,71670,71520.0,100.0,100.0,29466,29617.0,29.14,29.28,101136,101137.0,70.86,70.72,2
64-6406,64,Pyrénées-Atlantiques,6406,6ème circonscription,Peio Dufau[34],peio dufau 34,EH Bai (NFP)[b],UG,Autre NFP,Autre NFP,21650.0,29.42,27117.0,36.28,https://fr.wikipedia.org/wiki/%C3%89lections_l%C3%A9gislatives_de_2024_dans_les_Pyr%C3%A9n%C3%A9es-Atlantiques,73578.0,74742.0,97.42,97.15,1390,1634.0,1.84,2.12,562.0,556.0,0.74,0.72,75530,76932.0,100.0,100.0,31087,29689.0,29.16,27.85,106617,106621.0,70.84,72.15,1
64-6406,64,Pyrénées-Atlantiques,6406,6ème circonscription,Christian Devèze,christian deveze,MoDem (ENS),ENS,Ensemble,Ensemble,19806.0,26.92,26403.0,35.33,https://fr.wikipedia.org/wiki/%C3%89lections_l%C3%A9gislatives_de_2024_dans_les_Pyr%C3%A9n%C3%A9es-Atlantiques,73578.0,74742.0,97.42,97.15,1390,1634.0,1.84,2.12,562.0,556.0,0.74,0.72,75530,76932.0,100.0,100.0,31087,29689.0,29.16,27.85,106617,106621.0,70.84,72.15,2
64-6406,64,Pyrénées-Atlantiques,6406,6ème circonscription,"Victor Lastécouères[35],[36]",victor lastecoueres 35 36,MC - RAD (RN),UXD,Union de l'extrême droite,Union de l'extrême droite,18610.0,25.29,21222.0,28.39,https://fr.wikipedia.org/wiki/%C3%89lections_l%C3%A9gislatives_de_2024_dans_les_Pyr%C3%A9n%C3%A9es-Atlantiques,73578.0,74742.0,97.42,97.15,1390,1634.0,1.84,2.12,562.0,556.0,0.74,0.72,75530,76932.0,100.0,100.0,31087,29689.0,29.16,27.85,106617,106621.0,70.84,72.15,3
65-6501,65,Hautes-Pyrénées,6501,1ère circonscription,Suffrages exprimés,suffrages exprimes,Suffrages exprimés,SUFFRAGES EXPRIMÉS,SUFFRAGES EXPRIMÉS,SUFFRAGES EXPRIMÉS,59474.0,96.72,53182.0,86.75,https://fr.wikipedia.org/wiki/%C3%89lections_l%C3%A9gislatives_de_2024_dans_les_Hautes-Pyr%C3%A9n%C3%A9es,,,,,1386,5805.0,2.25,9.47,634.0,2320.0,1.03,3.78,61494,61307.0,100.0,100.0,25834,26005.0,29.58,29.78,87328,87312.0,70.42,70.22,1
65-6501,65,Hautes-Pyrénées,6501,1ère circonscription,Sylvie Ferrer,sylvie ferrer,LFI (NFP),UG,LFI / NFP,LFI / NFP,17564.0,29.53,28245.0,53.11,https://fr.wikipedia.org/wiki/%C3%89lections_l%C3%A9gislatives_de_2024_dans_les_Hautes-Pyr%C3%A9n%C3%A9es,,,,,1386,5805.0,2.25,9.47,634.0,2320.0,1.03,3.78,61494,61307.0,100.0,100.0,25834,26005.0,29.58,29.78,87328,87312.0,70.42,70.22,2
65-6501,65,Hautes-Pyrénées,6501,1ère circonscription,Marie-Christine Sorin,marie christine sorin,RN,RN,Rassemblement national,Rassemblement national,20272.0,34.09,24937.0,46.89,https://fr.wikipedia.org/wiki/%C3%89lections_l%C3%A9gislatives_de_2024_dans_les_Hautes-Pyr%C3%A9n%C3%A9es,,,,,1386,5805.0,2.25,9.47,634.0,2320.0,1.03,3.78,61494,61307.0,100.0,100.0,25834,26005.0,29.58,29.78,87328,87312.0,70.42,70.22,3
65-6502,65,Hautes-Pyrénées,6502,2ème circonscription,Suffrages exprimés,suffrages exprimes,Suffrages exprimés,SUFFRAGES EXPRIMÉS,SUFFRAGES EXPRIMÉS,SUFFRAGES EXPRIMÉS,60709.0,96.68,56740.0,90.17,https://fr.wikipedia.org/wiki/%C3%89lections_l%C3%A9gislatives_de_2024_dans_les_Hautes-Pyr%C3%A9n%C3%A9es,,,,,1422,4531.0,2.26,7.2,662.0,1655.0,1.05,2.63,62793,62926.0,100.0,100.0,25703,25581.0,29.04,28.9,88496,88507.0,70.96,71.1,1
65-6502,65,Hautes-Pyrénées,6502,2ème circonscription,Denis Fégné,denis fegne,PS (NFP),UG,Autre NFP,Autre NFP,17055.0,28.09,29345.0,51.72,https://fr.wikipedia.org/wiki/%C3%89lections_l%C3%A9gislatives_de_2024_dans_les_Hautes-Pyr%C3%A9n%C3%A9es,,,,,1422,4531.0,2.26,7.2,662.0,1655.0,1.05,2.63,62793,62926.0,100.0,100.0,25703,25581.0,29.04,28.9,88496,88507.0,70.96,71.1,2
65-6502,65,Hautes-Pyrénées,6502,2ème circonscription,Olivier Monteil,olivier monteil,RN,RN,Rassemblement national,Rassemblement national,22436.0,36.96,27395.0,48.28,https://fr.wikipedia.org/wiki/%C3%89lections_l%C3%A9gislatives_de_2024_dans_les_Hautes-Pyr%C3%A9n%C3%A9es,,,,,1422,4531.0,2.26,7.2,662.0,1655.0,1.05,2.63,62793,62926.0,100.0,100.0,25703,25581.0,29.04,28.9,88496,88507.0,70.96,71.1,3
66-6601,66,Pyrénées-Orientales,6601,1ère circonscription,Suffrages exprimés,suffrages exprimes,Suffrages exprimés,SUFFRAGES EXPRIMÉS,SUFFRAGES EXPRIMÉS,SUFFRAGES EXPRIMÉS,47821.0,97.41,43675.0,90.45,https://fr.wikipedia.org/wiki/%C3%89lections_l%C3%A9gislatives_de_2024_dans_les_Pyr%C3%A9n%C3%A9es-Orientales,,,,,768,3298.0,1.56,6.83,504.0,1316.0,1.03,2.73,49093,48289.0,100.0,100.0,24965,25782.0,33.71,34.81,74058,74071.0,66.29,65.19,1
66-6601,66,Pyrénées-Orientales,6601,1ère circonscription,Sophie Blanc,sophie blanc,RN,RN,Rassemblement national,Rassemblement national,21633.0,45.24,25150.0,57.58,https://fr.wikipedia.org/wiki/%C3%89lections_l%C3%A9gislatives_de_2024_dans_les_Pyr%C3%A9n%C3%A9es-Orientales,,,,,768,3298.0,1.56,6.83,504.0,1316.0,1.03,2.73,49093,48289.0,100.0,100.0,24965,25782.0,33.71,34.81,74058,74071.0,66.29,65.19,2
66-6601,66,Pyrénées-Orientales,6601,1ère circonscription,Francis Daspe,francis daspe,LFI (NFP),UG,LFI / NFP,LFI / NFP,12184.0,25.48,18525.0,42.42,https://fr.wikipedia.org/wiki/%C3%89lections_l%C3%A9gislatives_de_2024_dans_les_Pyr%C3%A9n%C3%A9es-Orientales,,,,,768,3298.0,1.56,6.83,504.0,1316.0,1.03,2.73,49093,48289.0,100.0,100.0,24965,25782.0,33.71,34.81,74058,74071.0,66.29,65.19,3
66-6602,66,Pyrénées-Orientales,6602,2ème circonscription,Suffrages exprimés,suffrages exprimes,Suffrages exprimés,SUFFRAGES EXPRIMÉS,SUFFRAGES EXPRIMÉS,SUFFRAGES EXPRIMÉS,55660.0,96.31,51741.0,90.06,https://fr.wikipedia.org/wiki/%C3%89lections_l%C3%A9gislatives_de_2024_dans_les_Pyr%C3%A9n%C3%A9es-Orientales,,,,,1417,4099.0,2.45,7.13,717.0,1611.0,1.24,2.8,57794,57451.0,100.0,100.0,27856,28204.0,32.52,32.93,85650,85655.0,67.48,67.07,1
66-6602,66,Pyrénées-Orientales,6602,2ème circonscription,Sandrine Dogor-Such,sandrine dogor such,RN,RN,Rassemblement national,Rassemblement national,25363.0,45.57,29118.0,56.28,https://fr.wikipedia.org/wiki/%C3%89lections_l%C3%A9gislatives_de_2024_dans_les_Pyr%C3%A9n%C3%A9es-Orientales,,,,,1417,4099.0,2.45,7.13,717.0,1611.0,1.24,2.8,57794,57451.0,100.0,100.0,27856,28204.0,32.52,32.93,85650,85655.0,67.48,67.07,2
66-6602,66,Pyrénées-Orientales,6602,2ème circonscription,Nathalie Cullell,nathalie cullell,LFI (NFP),UG,LFI / NFP,LFI / NFP,15603.0,28.03,22623.0,43.72,https://fr.wikipedia.org/wiki/%C3%89lections_l%C3%A9gislatives_de_2024_dans_les_Pyr%C3%A9n%C3%A9es-Orientales,,,,,1417,4099.0,2.45,7.13,717.0,1611.0,1.24,2.8,57794,57451.0,100.0,100.0,27856,28204.0,32.52,32.93,85650,85655.0,67.48,67.07,3
66-6603,66,Pyrénées-Orientales,6603,3ème circonscription,Suffrages exprimés,suffrages exprimes,Suffrages exprimés,SUFFRAGES EXPRIMÉS,SUFFRAGES EXPRIMÉS,SUFFRAGES EXPRIMÉS,69231.0,97.04,65440.0,92.24,https://fr.wikipedia.org/wiki/%C3%89lections_l%C3%A9gislatives_de_2024_dans_les_Pyr%C3%A9n%C3%A9es-Orientales,,,,,1301,3900.0,1.82,5.5,810.0,1604.0,1.14,2.26,71342,70944.0,100.0,100.0,31400,31803.0,30.56,30.95,102742,102747.0,69.44,69.05,1
66-6603,66,Pyrénées-Orientales,6603,3ème circonscription,Michèle Martinez,michele martinez,RN,RN,Rassemblement national,Rassemblement national,33159.0,47.9,38045.0,58.14,https://fr.wikipedia.org/wiki/%C3%89lections_l%C3%A9gislatives_de_2024_dans_les_Pyr%C3%A9n%C3%A9es-Orientales,,,,,1301,3900.0,1.82,5.5,810.0,1604.0,1.14,2.26,71342,70944.0,100.0,100.0,31400,31803.0,30.56,30.95,102742,102747.0,69.44,69.05,2
66-6603,66,Pyrénées-Orientales,6603,3ème circonscription,Julien Baraillé,julien baraille,PS (NFP),UG,Autre NFP,Autre NFP,17963.0,25.95,27395.0,41.86,https://fr.wikipedia.org/wiki/%C3%89lections_l%C3%A9gislatives_de_2024_dans_les_Pyr%C3%A9n%C3%A9es-Orientales,,,,,1301,3900.0,1.82,5.5,810.0,1604.0,1.14,2.26,71342,70944.0,100.0,100.0,31400,31803.0,30.56,30.95,102742,102747.0,69.44,69.05,3
67-6701,67,Bas-Rhin,6701,1ère circonscription,Sandra Regol,sandra regol,LÉ (NFP),UG,Autre NFP,Autre NFP,20631.0,47.6,23414.0,58.81,https://fr.wikipedia.org/wiki/%C3%89lections_l%C3%A9gislatives_de_2024_dans_le_Bas-Rhin,43339.0,39813.0,98.94,94.93,321,1612.0,0.73,3.84,143.0,516.0,0.33,1.23,43803,41941.0,100.0,100.0,18738,20622.0,29.96,32.96,62541,62563.0,70.04,67.04,1
67-6701,67,Bas-Rhin,6701,1ère circonscription,Étienne Loos[12],etienne loos 12,RE - TdP (ENS),ENS,Ensemble,Ensemble,10513.0,24.26,16399.0,41.19,https://fr.wikipedia.org/wiki/%C3%89lections_l%C3%A9gislatives_de_2024_dans_le_Bas-Rhin,43339.0,39813.0,98.94,94.93,321,1612.0,0.73,3.84,143.0,516.0,0.33,1.23,43803,41941.0,100.0,100.0,18738,20622.0,29.96,32.96,62541,62563.0,70.04,67.04,2
67-6702,67,Bas-Rhin,6702,2ème circonscription,Emmanuel Fernandes,emmanuel fernandes,LFI (NFP),UG,LFI / NFP,LFI / NFP,21533.0,43.91,24089.0,48.79,https://fr.wikipedia.org/wiki/%C3%89lections_l%C3%A9gislatives_de_2024_dans_le_Bas-Rhin,49041.0,49377.0,98.62,98.16,476,709.0,0.96,1.41,209.0,217.0,0.42,0.43,49726,50303.0,100.0,100.0,23266,22713.0,31.87,31.11,72992,73016.0,68.13,68.89,1
67-6702,67,Bas-Rhin,6702,2ème circonscription,Rebecca Breitman,rebecca breitman,MoDem (ENS),ENS,Ensemble,Ensemble,11063.0,22.56,13962.0,28.28,https://fr.wikipedia.org/wiki/%C3%89lections_l%C3%A9gislatives_de_2024_dans_le_Bas-Rhin,49041.0,49377.0,98.62,98.16,476,709.0,0.96,1.41,209.0,217.0,0.42,0.43,49726,50303.0,100.0,100.0,23266,22713.0,31.87,31.11,72992,73016.0,68.13,68.89,2
67-6702,67,Bas-Rhin,6702,2ème circonscription,Virginie Joron,virginie joron,RN,RN,Rassemblement national,Rassemblement national,10407.0,21.22,11326.0,22.94,https://fr.wikipedia.org/wiki/%C3%89lections_l%C3%A9gislatives_de_2024_dans_le_Bas-Rhin,49041.0,49377.0,98.62,98.16,476,709.0,0.96,1.41,209.0,217.0,0.42,0.43,49726,50303.0,100.0,100.0,23266,22713.0,31.87,31.11,72992,73016.0,68.13,68.89,3
67-6703,67,Bas-Rhin,6703,3ème circonscription,Thierry Sother,thierry sother,PS (NFP),UG,Autre NFP,Autre NFP,17355.0,37.94,20150.0,43.27,https://fr.wikipedia.org/wiki/%C3%89lections_l%C3%A9gislatives_de_2024_dans_le_Bas-Rhin,45744.0,46567.0,98.44,98.24,467,620.0,1.0,1.31,257.0,213.0,0.55,0.45,46468,47400.0,100.0,100.0,24477,23561.0,34.5,33.2,70945,70961.0,65.5,66.8,1
67-6703,67,Bas-Rhin,6703,3ème circonscription,Bruno Studer,bruno studer,RE (ENS),ENS,Ensemble,Ensemble,13260.0,28.99,15115.0,32.46,https://fr.wikipedia.org/wiki/%C3%89lections_l%C3%A9gislatives_de_2024_dans_le_Bas-Rhin,45744.0,46567.0,98.44,98.24,467,620.0,1.0,1.31,257.0,213.0,0.55,0.45,46468,47400.0,100.0,100.0,24477,23561.0,34.5,33.2,70945,70961.0,65.5,66.8,2
67-6703,67,Bas-Rhin,6703,3ème circonscription,Stéphanie Dô,stephanie do,RN,RN,Rassemblement national,Rassemblement national,10567.0,23.1,11302.0,24.27,https://fr.wikipedia.org/wiki/%C3%89lections_l%C3%A9gislatives_de_2024_dans_le_Bas-Rhin,45744.0,46567.0,98.44,98.24,467,620.0,1.0,1.31,257.0,213.0,0.55,0.45,46468,47400.0,100.0,100.0,24477,23561.0,34.5,33.2,70945,70961.0,65.5,66.8,3
67-6704,67,Bas-Rhin,6704,4ème circonscription,Françoise Buffet,francoise buffet,RE (ENS),ENS,Ensemble,Ensemble,22107.0,32.36,41629.0,61.44,https://fr.wikipedia.org/wiki/%C3%89lections_l%C3%A9gislatives_de_2024_dans_le_Bas-Rhin,68325.0,67759.0,98.19,96.04,902,2184.0,1.3,3.1,360.0,610.0,0.52,0.86,69587,70553.0,100.0,100.0,29462,28513.0,29.74,28.78,99049,99066.0,70.26,71.22,1
67-6704,67,Bas-Rhin,6704,4ème circonscription,Delphine Daubenberger,delphine daubenberger,RN,RN,Rassemblement national,Rassemblement national,22625.0,33.11,26130.0,38.56,https://fr.wikipedia.org/wiki/%C3%89lections_l%C3%A9gislatives_de_2024_dans_le_Bas-Rhin,68325.0,67759.0,98.19,96.04,902,2184.0,1.3,3.1,360.0,610.0,0.52,0.86,69587,70553.0,100.0,100.0,29462,28513.0,29.74,28.78,99049,99066.0,70.26,71.22,2
67-6705,67,Bas-Rhin,6705,5ème circonscription,Charles Sitzenstuhl,charles sitzenstuhl,RE (ENS),ENS,Ensemble,Ensemble,22993.0,32.31,39124.0,55.18,https://fr.wikipedia.org/wiki/%C3%89lections_l%C3%A9gislatives_de_2024_dans_le_Bas-Rhin,71159.0,70902.0,97.97,96.05,1007,2243.0,1.39,3.04,464.0,675.0,0.64,0.91,72630,73820.0,100.0,100.0,34964,33782.0,32.5,31.4,107594,107602.0,67.5,68.6,1
67-6705,67,Bas-Rhin,6705,5ème circonscription,Thomas Esteve,thomas esteve,RN,RN,Rassemblement national,Rassemblement national,27897.0,39.2,31778.0,44.82,https://fr.wikipedia.org/wiki/%C3%89lections_l%C3%A9gislatives_de_2024_dans_le_Bas-Rhin,71159.0,70902.0,97.97,96.05,1007,2243.0,1.39,3.04,464.0,675.0,0.64,0.91,72630,73820.0,100.0,100.0,34964,33782.0,32.5,31.4,107594,107602.0,67.5,68.6,2
67-6706,67,Bas-Rhin,6706,6ème circonscription,Louise Morel,louise morel,MoDem (ENS),ENS,Ensemble,Ensemble,18228.0,27.76,35890.0,55.02,https://fr.wikipedia.org/wiki/%C3%89lections_l%C3%A9gislatives_de_2024_dans_le_Bas-Rhin,65657.0,65228.0,98.09,96.13,923,2056.0,1.38,3.03,355.0,568.0,0.53,0.84,66935,67852.0,100.0,100.0,31287,30429.0,31.85,30.96,98222,98281.0,68.15,69.04,1
67-6706,67,Bas-Rhin,6706,6ème circonscription,Vincent Coussedière,vincent coussediere,RN,RN,Rassemblement national,Rassemblement national,25275.0,38.5,29338.0,44.98,https://fr.wikipedia.org/wiki/%C3%89lections_l%C3%A9gislatives_de_2024_dans_le_Bas-Rhin,65657.0,65228.0,98.09,96.13,923,2056.0,1.38,3.03,355.0,568.0,0.53,0.84,66935,67852.0,100.0,100.0,31287,30429.0,31.85,30.96,98222,98281.0,68.15,69.04,2
67-6707,67,Bas-Rhin,6707,7ème circonscription,Patrick Hetzel,patrick hetzel,LR (UDC),LR,Les Républicains,Les Républicains,17974.0,32.31,30986.0,54.8,https://fr.wikipedia.org/wiki/%C3%89lections_l%C3%A9gislatives_de_2024_dans_le_Bas-Rhin,55633.0,56544.0,97.93,96.77,800,1413.0,1.41,2.42,374.0,472.0,0.66,0.81,56807,58429.0,100.0,100.0,29335,27735.0,34.05,32.19,86142,86164.0,65.95,67.81,1
67-6707,67,Bas-Rhin,6707,7ème circonscription,Denis Kieffer,denis kieffer,RN,RN,Rassemblement national,Rassemblement national,23071.0,41.47,25558.0,45.2,https://fr.wikipedia.org/wiki/%C3%89lections_l%C3%A9gislatives_de_2024_dans_le_Bas-Rhin,55633.0,56544.0,97.93,96.77,800,1413.0,1.41,2.42,374.0,472.0,0.66,0.81,56807,58429.0,100.0,100.0,29335,27735.0,34.05,32.19,86142,86164.0,65.95,67.81,2
67-6708,67,Bas-Rhin,6708,8ème circonscription,Théo Bernhardt,theo bernhardt,RN,RN,Rassemblement national,Rassemblement national,26313.0,44.16,31015.0,51.44,https://fr.wikipedia.org/wiki/%C3%89lections_l%C3%A9gislatives_de_2024_dans_le_Bas-Rhin,59584.0,60299.0,97.89,96.32,920,1730.0,1.51,2.76,364.0,574.0,0.6,0.92,60868,62603.0,100.0,100.0,33810,32097.0,35.71,33.89,94678,94700.0,64.29,66.11,1
67-6708,67,Bas-Rhin,6708,8ème circonscription,Stéphanie Kochert,stephanie kochert,HOR (ENS),ENS,Ensemble,Ensemble,14006.0,23.51,29284.0,48.56,https://fr.wikipedia.org/wiki/%C3%89lections_l%C3%A9gislatives_de_2024_dans_le_Bas-Rhin,59584.0,60299.0,97.89,96.32,920,1730.0,1.51,2.76,364.0,574.0,0.6,0.92,60868,62603.0,100.0,100.0,33810,32097.0,35.71,33.89,94678,94700.0,64.29,66.11,2
67-6709,67,Bas-Rhin,6709,9ème circonscription,Vincent Thiébaut,vincent thiebaut,HOR (ENS),ENS,Ensemble,Ensemble,18206.0,29.24,34046.0,54.06,https://fr.wikipedia.org/wiki/%C3%89lections_l%C3%A9gislatives_de_2024_dans_le_Bas-Rhin,62264.0,62976.0,98.16,96.62,804,1677.0,1.27,2.57,360.0,523.0,0.57,0.8,63428,65176.0,100.0,100.0,32788,31102.0,34.08,32.3,96216,96278.0,65.92,67.7,1
67-6709,67,Bas-Rhin,6709,9ème circonscription,Marc Wolff,marc wolff,RN,RN,Rassemblement national,Rassemblement national,25199.0,40.47,28930.0,45.94,https://fr.wikipedia.org/wiki/%C3%89lections_l%C3%A9gislatives_de_2024_dans_le_Bas-Rhin,62264.0,62976.0,98.16,96.62,804,1677.0,1.27,2.57,360.0,523.0,0.57,0.8,63428,65176.0,100.0,100.0,32788,31102.0,34.08,32.3,96216,96278.0,65.92,67.7,2
68-6801,68,Haut-Rhin,6801,1ère circonscription,Brigitte Klinkert,brigitte klinkert,RE (ENS),ENS,Ensemble,Ensemble,14945.0,30.4,28349.0,58.14,https://fr.wikipedia.org/wiki/%C3%89lections_l%C3%A9gislatives_de_2024_dans_le_Haut-Rhin,49165.0,48760.0,97.92,95.74,721,1639.0,1.44,3.22,323.0,533.0,0.64,1.05,50209,50932.0,100.0,100.0,28778,28073.0,36.43,35.53,78987,79005.0,63.57,64.47,1
68-6801,68,Haut-Rhin,6801,1ère circonscription,Laurent Gnaedig,laurent gnaedig,RN,RN,Rassemblement national,Rassemblement national,16833.0,34.24,20411.0,41.86,https://fr.wikipedia.org/wiki/%C3%89lections_l%C3%A9gislatives_de_2024_dans_le_Haut-Rhin,49165.0,48760.0,97.92,95.74,721,1639.0,1.44,3.22,323.0,533.0,0.64,1.05,50209,50932.0,100.0,100.0,28778,28073.0,36.43,35.53,78987,79005.0,63.57,64.47,2
68-6802,68,Haut-Rhin,6802,2ème circonscription,Hubert Ott,hubert ott,MoDem (ENS),ENS,Ensemble,Ensemble,19785.0,32.46,34907.0,57.82,https://fr.wikipedia.org/wiki/%C3%89lections_l%C3%A9gislatives_de_2024_dans_le_Haut-Rhin,60959.0,60370.0,97.63,95.82,973,2007.0,1.56,3.19,504.0,624.0,0.81,0.99,62436,63001.0,100.0,100.0,30040,29496.0,32.48,31.89,92476,92497.0,67.52,68.11,1
68-6802,68,Haut-Rhin,6802,2ème circonscription,Nathalie Aubert,nathalie aubert,RN,RN,Rassemblement national,Rassemblement national,22049.0,36.17,25463.0,42.18,https://fr.wikipedia.org/wiki/%C3%89lections_l%C3%A9gislatives_de_2024_dans_le_Haut-Rhin,60959.0,60370.0,97.63,95.82,973,2007.0,1.56,3.19,504.0,624.0,0.81,0.99,62436,63001.0,100.0,100.0,30040,29496.0,32.48,31.89,92476,92497.0,67.52,68.11,2
68-6803,68,Haut-Rhin,6803,3ème circonscription,Didier Lemaire,didier lemaire,HOR (ENS),ENS,Ensemble,Ensemble,13980.0,24.93,29028.0,51.92,https://fr.wikipedia.org/wiki/%C3%89lections_l%C3%A9gislatives_de_2024_dans_le_Haut-Rhin,56074.0,55911.0,97.79,95.9,921,1884.0,1.61,3.23,344.0,507.0,0.6,0.87,57339,58302.0,100.0,100.0,30020,29068.0,34.36,33.27,87359,87370.0,65.64,66.73,1
68-6803,68,Haut-Rhin,6803,3ème circonscription,Christian Zimmermann,christian zimmermann,RN,RN,Rassemblement national,Rassemblement national,21790.0,38.86,26883.0,48.08,https://fr.wikipedia.org/wiki/%C3%89lections_l%C3%A9gislatives_de_2024_dans_le_Haut-Rhin,56074.0,55911.0,97.79,95.9,921,1884.0,1.61,3.23,344.0,507.0,0.6,0.87,57339,58302.0,100.0,100.0,30020,29068.0,34.36,33.27,87359,87370.0,65.64,66.73,2
68-6804,68,Haut-Rhin,6804,4ème circonscription,Raphaël Schellenberger,raphael schellenberger,LR (UDC),LR,Les Républicains,Les Républicains,21166.0,31.39,34309.0,50.68,https://fr.wikipedia.org/wiki/%C3%89lections_l%C3%A9gislatives_de_2024_dans_le_Haut-Rhin,67435.0,67702.0,97.72,96.38,1211,1993.0,1.75,2.84,364.0,550.0,0.53,0.78,69010,70245.0,100.0,100.0,35227,34007.0,33.8,32.62,104237,104252.0,66.2,67.38,1
68-6804,68,Haut-Rhin,6804,4ème circonscription,Marion Wilhelm,marion wilhelm,RN,RN,Rassemblement national,Rassemblement national,30294.0,44.92,33393.0,49.32,https://fr.wikipedia.org/wiki/%C3%89lections_l%C3%A9gislatives_de_2024_dans_le_Haut-Rhin,67435.0,67702.0,97.72,96.38,1211,1993.0,1.75,2.84,364.0,550.0,0.53,0.78,69010,70245.0,100.0,100.0,35227,34007.0,33.8,32.62,104237,104252.0,66.2,67.38,2
68-6805,68,Haut-Rhin,6805,5ème circonscription,Olivier Becht[19],olivier becht 19,Agir - RE (ENS),ENS,Ensemble,Ensemble,17749.0,37.23,31766.0,67.0,https://fr.wikipedia.org/wiki/%C3%89lections_l%C3%A9gislatives_de_2024_dans_le_Haut-Rhin,47680.0,47415.0,97.48,96.25,1090,1676.0,2.23,3.4,143.0,173.0,0.29,0.35,48913,49264.0,100.0,100.0,27176,26856.0,35.72,35.28,76089,76120.0,64.28,64.72,1
68-6805,68,Haut-Rhin,6805,5ème circonscription,Pierre Pinto,pierre pinto,RN,RN,Rassemblement national,Rassemblement national,14096.0,29.56,15649.0,33.0,https://fr.wikipedia.org/wiki/%C3%89lections_l%C3%A9gislatives_de_2024_dans_le_Haut-Rhin,47680.0,47415.0,97.48,96.25,1090,1676.0,2.23,3.4,143.0,173.0,0.29,0.35,48913,49264.0,100.0,100.0,27176,26856.0,35.72,35.28,76089,76120.0,64.28,64.72,2
68-6806,68,Haut-Rhin,6806,6ème circonscription,Bruno Fuchs,bruno fuchs,MoDem (ENS),ENS,Ensemble,Ensemble,17660.0,30.19,32651.0,55.25,https://fr.wikipedia.org/wiki/%C3%89lections_l%C3%A9gislatives_de_2024_dans_le_Haut-Rhin,58490.0,59095.0,97.54,96.29,1139,1849.0,1.9,3.01,337.0,426.0,0.56,0.69,59966,61370.0,100.0,100.0,33895,32559.0,36.11,34.66,93861,93929.0,63.89,65.34,1
68-6806,68,Haut-Rhin,6806,6ème circonscription,Christelle Ritz,christelle ritz,RN,RN,Rassemblement national,Rassemblement national,23246.0,39.74,26444.0,44.75,https://fr.wikipedia.org/wiki/%C3%89lections_l%C3%A9gislatives_de_2024_dans_le_Haut-Rhin,58490.0,59095.0,97.54,96.29,1139,1849.0,1.9,3.01,337.0,426.0,0.56,0.69,59966,61370.0,100.0,100.0,33895,32559.0,36.11,34.66,93861,93929.0,63.89,65.34,2
69-6901,69,Rhône,6901,1ère circonscription,Anaïs Belouassa-Cherifi,anais belouassa cherifi,LFI (NFP),UG,LFI / NFP,LFI / NFP,22045.0,42.62,23970.0,46.6,https://fr.wikipedia.org/wiki/%C3%89lections_l%C3%A9gislatives_de_2024_dans_le_Rh%C3%B4ne,51728.0,51438.0,98.66,98.21,505,702.0,0.96,1.34,198.0,233.0,0.38,0.44,52431,52373.0,100.0,100.0,19486,19541.0,27.1,27.17,71917,71914.0,72.9,72.83,1
69-6901,69,Rhône,6901,1ère circonscription,Thomas Rudigoz,thomas rudigoz,RE (ENS),ENS,Ensemble,Ensemble,15275.0,29.53,18117.0,35.22,https://fr.wikipedia.org/wiki/%C3%89lections_l%C3%A9gislatives_de_2024_dans_le_Rh%C3%B4ne,51728.0,51438.0,98.66,98.21,505,702.0,0.96,1.34,198.0,233.0,0.38,0.44,52431,52373.0,100.0,100.0,19486,19541.0,27.1,27.17,71917,71914.0,72.9,72.83,2
69-6901,69,Rhône,6901,1ère circonscription,Laurent Mouton,laurent mouton,RN,RN,Rassemblement national,Rassemblement national,9361.0,18.1,9351.0,18.18,https://fr.wikipedia.org/wiki/%C3%89lections_l%C3%A9gislatives_de_2024_dans_le_Rh%C3%B4ne,51728.0,51438.0,98.66,98.21,505,702.0,0.96,1.34,198.0,233.0,0.38,0.44,52431,52373.0,100.0,100.0,19486,19541.0,27.1,27.17,71917,71914.0,72.9,72.83,3
69-6902,69,Rhône,6902,2ème circonscription,Boris Tavernier,boris tavernier,LÉ (NFP),UG,Autre NFP,Autre NFP,28567.0,49.65,30239.0,58.58,https://fr.wikipedia.org/wiki/%C3%89lections_l%C3%A9gislatives_de_2024_dans_le_Rh%C3%B4ne,57534.0,51624.0,98.94,94.84,427,2109.0,0.73,3.87,189.0,702.0,0.33,1.29,58150,54435.0,100.0,100.0,16461,20188.0,22.06,27.05,74611,74623.0,77.94,72.95,1
69-6902,69,Rhône,6902,2ème circonscription,Loïc Terrenes,loic terrenes,RE (ENS),ENS,Ensemble,Ensemble,14455.0,25.12,21385.0,41.42,https://fr.wikipedia.org/wiki/%C3%89lections_l%C3%A9gislatives_de_2024_dans_le_Rh%C3%B4ne,57534.0,51624.0,98.94,94.84,427,2109.0,0.73,3.87,189.0,702.0,0.33,1.29,58150,54435.0,100.0,100.0,16461,20188.0,22.06,27.05,74611,74623.0,77.94,72.95,2
69-6903,69,Rhône,6903,3ème circonscription,Sandrine Runel,sandrine runel,PS (NFP),UG,Autre NFP,Autre NFP,22959.0,38.0,24852.0,42.48,https://fr.wikipedia.org/wiki/%C3%89lections_l%C3%A9gislatives_de_2024_dans_le_Rh%C3%B4ne,60418.0,58509.0,98.91,98.36,517,764.0,0.85,1.28,151.0,213.0,0.25,0.36,61086,59486.0,100.0,100.0,17812,19417.0,22.58,24.61,78898,78903.0,77.42,75.39,1
69-6903,69,Rhône,6903,3ème circonscription,Anne Brugnera,anne brugnera,RE (ENS),ENS,Ensemble,Ensemble,18744.0,31.02,23208.0,39.67,https://fr.wikipedia.org/wiki/%C3%89lections_l%C3%A9gislatives_de_2024_dans_le_Rh%C3%B4ne,60418.0,58509.0,98.91,98.36,517,764.0,0.85,1.28,151.0,213.0,0.25,0.36,61086,59486.0,100.0,100.0,17812,19417.0,22.58,24.61,78898,78903.0,77.42,75.39,2
69-6903,69,Rhône,6903,3ème circonscription,Yannick Chaumont,yannick chaumont,RN,RN,Rassemblement national,Rassemblement national,10818.0,17.91,10449.0,17.86,https://fr.wikipedia.org/wiki/%C3%89lections_l%C3%A9gislatives_de_2024_dans_le_Rh%C3%B4ne,60418.0,58509.0,98.91,98.36,517,764.0,0.85,1.28,151.0,213.0,0.25,0.36,61086,59486.0,100.0,100.0,17812,19417.0,22.58,24.61,78898,78903.0,77.42,75.39,3
69-6904,69,Rhône,6904,4ème circonscription,Blandine Brocard,blandine brocard,MoDem (ENS),ENS,Ensemble,Ensemble,21402.0,32.04,29758.0,45.61,https://fr.wikipedia.org/wiki/%C3%89lections_l%C3%A9gislatives_de_2024_dans_le_Rh%C3%B4ne,66797.0,65245.0,98.68,98.09,691,1037.0,1.02,1.56,202.0,236.0,0.3,0.35,67690,66518.0,100.0,100.0,22917,24104.0,25.29,26.6,90607,90622.0,74.71,73.4,1
69-6904,69,Rhône,6904,4ème circonscription,Sasha Bitoum,sasha bitoum,RN,RN,Rassemblement national,Rassemblement national,16962.0,25.39,19170.0,29.38,https://fr.wikipedia.org/wiki/%C3%89lections_l%C3%A9gislatives_de_2024_dans_le_Rh%C3%B4ne,66797.0,65245.0,98.68,98.09,691,1037.0,1.02,1.56,202.0,236.0,0.3,0.35,67690,66518.0,100.0,100.0,22917,24104.0,25.29,26.6,90607,90622.0,74.71,73.4,2
69-6904,69,Rhône,6904,4ème circonscription,Fabrice Matteucci,fabrice matteucci,PS (NFP),UG,Autre NFP,Autre NFP,17701.0,26.5,16317.0,25.01,https://fr.wikipedia.org/wiki/%C3%89lections_l%C3%A9gislatives_de_2024_dans_le_Rh%C3%B4ne,66797.0,65245.0,98.68,98.09,691,1037.0,1.02,1.56,202.0,236.0,0.3,0.35,67690,66518.0,100.0,100.0,22917,24104.0,25.29,26.6,90607,90622.0,74.71,73.4,3
69-6905,69,Rhône,6905,5ème circonscription,Gabriel Amard,gabriel amard,LFI (NFP),UG,LFI / NFP,LFI / NFP,26876.0,46.16,25352.0,50.57,https://fr.wikipedia.org/wiki/%C3%89lections_l%C3%A9gislatives_de_2024_dans_le_Rh%C3%B4ne,58228.0,50135.0,98.32,93.14,758,2930.0,1.28,5.44,234.0,762.0,0.4,1.42,59220,53827.0,100.0,100.0,32788,38193.0,35.64,41.51,92008,92020.0,64.36,58.49,1
69-6905,69,Rhône,6905,5ème circonscription,Jean-Paul Bret[36],jean paul bret 36,PS diss.,DVG,Divers gauche,Divers gauche,11628.0,19.97,24783.0,49.43,https://fr.wikipedia.org/wiki/%C3%89lections_l%C3%A9gislatives_de_2024_dans_le_Rh%C3%B4ne,58228.0,50135.0,98.32,93.14,758,2930.0,1.28,5.44,234.0,762.0,0.4,1.42,59220,53827.0,100.0,100.0,32788,38193.0,35.64,41.51,92008,92020.0,64.36,58.49,2
69-6906,69,Rhône,6906,6ème circonscription,Abdelkader Lahmar,abdelkader lahmar,LFI (NFP),UG,LFI / NFP,LFI / NFP,20063.0,46.0,21966.0,50.04,https://fr.wikipedia.org/wiki/%C3%89lections_l%C3%A9gislatives_de_2024_dans_le_Rh%C3%B4ne,43615.0,43901.0,98.25,98.51,527,474.0,1.19,1.06,248.0,189.0,0.56,0.42,44390,44564.0,100.0,100.0,28217,28070.0,38.86,38.65,72607,72634.0,61.14,61.35,1
69-6906,69,Rhône,6906,6ème circonscription,Alexandre Vincendet,alexandre vincendet,HOR (ENS),ENS,Ensemble,Ensemble,11799.0,27.05,13214.0,30.1,https://fr.wikipedia.org/wiki/%C3%89lections_l%C3%A9gislatives_de_2024_dans_le_Rh%C3%B4ne,43615.0,43901.0,98.25,98.51,527,474.0,1.19,1.06,248.0,189.0,0.56,0.42,44390,44564.0,100.0,100.0,28217,28070.0,38.86,38.65,72607,72634.0,61.14,61.35,2
69-6906,69,Rhône,6906,6ème circonscription,Cédric Pignal,cedric pignal,RN,RN,Rassemblement national,Rassemblement national,9280.0,21.28,8721.0,19.87,https://fr.wikipedia.org/wiki/%C3%89lections_l%C3%A9gislatives_de_2024_dans_le_Rh%C3%B4ne,43615.0,43901.0,98.25,98.51,527,474.0,1.19,1.06,248.0,189.0,0.56,0.42,44390,44564.0,100.0,100.0,28217,28070.0,38.86,38.65,72607,72634.0,61.14,61.35,3
69-6907,69,Rhône,6907,7ème circonscription,Jonathan Géry,jonathan gery,RN,RN,Rassemblement national,Rassemblement national,25810.0,33.46,29317.0,37.9,https://fr.wikipedia.org/wiki/%C3%89lections_l%C3%A9gislatives_de_2024_dans_le_Rh%C3%B4ne,77143.0,77363.0,98.13,97.78,1108,1378.0,1.41,1.74,362.0,375.0,0.46,0.47,78613,79116.0,100.0,100.0,27393,26870.0,25.84,25.35,106006,105986.0,74.16,74.65,1
69-6907,69,Rhône,6907,7ème circonscription,Nathalie Serre,nathalie serre,LR (UDC),LR,Les Républicains,Les Républicains,15941.0,20.66,24556.0,31.74,https://fr.wikipedia.org/wiki/%C3%89lections_l%C3%A9gislatives_de_2024_dans_le_Rh%C3%B4ne,77143.0,77363.0,98.13,97.78,1108,1378.0,1.41,1.74,362.0,375.0,0.46,0.47,78613,79116.0,100.0,100.0,27393,26870.0,25.84,25.35,106006,105986.0,74.16,74.65,2
69-6907,69,Rhône,6907,7ème circonscription,Anne Reymbaut,anne reymbaut,PS (NFP),UG,Autre NFP,Autre NFP,17548.0,22.75,23439.0,30.3,https://fr.wikipedia.org/wiki/%C3%89lections_l%C3%A9gislatives_de_2024_dans_le_Rh%C3%B4ne,77143.0,77363.0,98.13,97.78,1108,1378.0,1.41,1.74,362.0,375.0,0.46,0.47,78613,79116.0,100.0,100.0,27393,26870.0,25.84,25.35,106006,105986.0,74.16,74.65,3
69-6908,69,Rhône,6908,8ème circonscription,Alexandre Portier,alexandre portier,LR (UDC),LR,Les Républicains,Les Républicains,17554.0,25.4,40872.0,60.37,https://fr.wikipedia.org/wiki/%C3%89lections_l%C3%A9gislatives_de_2024_dans_le_Rh%C3%B4ne,69098.0,67708.0,98.23,96.79,973,1755.0,1.38,2.51,272.0,487.0,0.39,0.7,70343,69950.0,100.0,100.0,27780,28203.0,28.31,28.73,98123,98153.0,71.69,71.27,1
69-6908,69,Rhône,6908,8ème circonscription,Patrick Louis[45],patrick louis 45,RÀD (RN),UXD,Union de l'extrême droite,Union de l'extrême droite,24466.0,35.41,26836.0,39.63,https://fr.wikipedia.org/wiki/%C3%89lections_l%C3%A9gislatives_de_2024_dans_le_Rh%C3%B4ne,69098.0,67708.0,98.23,96.79,973,1755.0,1.38,2.51,272.0,487.0,0.39,0.7,70343,69950.0,100.0,100.0,27780,28203.0,28.31,28.73,98123,98153.0,71.69,71.27,2
69-6909,69,Rhône,6909,9ème circonscription,"Thomas Gassilloud[48],[49]",thomas gassilloud 48 49,Agir - RE (ENS),ENS,Ensemble,Ensemble,23964.0,32.54,45099.0,62.93,https://fr.wikipedia.org/wiki/%C3%89lections_l%C3%A9gislatives_de_2024_dans_le_Rh%C3%B4ne,73642.0,71661.0,98.28,96.2,998,2245.0,1.33,3.01,288.0,589.0,0.38,0.79,74928,74495.0,100.0,100.0,24116,24572.0,24.35,24.8,99044,99067.0,75.65,75.2,1
69-6909,69,Rhône,6909,9ème circonscription,Cécile Patout,cecile patout,RN,RN,Rassemblement national,Rassemblement national,22942.0,31.15,26562.0,37.07,https://fr.wikipedia.org/wiki/%C3%89lections_l%C3%A9gislatives_de_2024_dans_le_Rh%C3%B4ne,73642.0,71661.0,98.28,96.2,998,2245.0,1.33,3.01,288.0,589.0,0.38,0.79,74928,74495.0,100.0,100.0,24116,24572.0,24.35,24.8,99044,99067.0,75.65,75.2,2
69-6910,69,Rhône,6910,10ème circonscription,Jean-Luc Fugit,jean luc fugit,RE (ENS),ENS,Ensemble,Ensemble,18564.0,26.93,38214.0,56.8,https://fr.wikipedia.org/wiki/%C3%89lections_l%C3%A9gislatives_de_2024_dans_le_Rh%C3%B4ne,68932.0,67283.0,97.86,95.73,1100,2343.0,1.56,3.33,405.0,660.0,0.57,0.94,70437,70286.0,100.0,100.0,27583,27754.0,28.14,28.31,98020,98040.0,71.86,71.69,1
69-6910,69,Rhône,6910,10ème circonscription,Alexandre Humbert Dupalais[52],alexandre humbert dupalais 52,RÀD (RN),UXD,Union de l'extrême droite,Union de l'extrême droite,25371.0,36.81,29069.0,43.2,https://fr.wikipedia.org/wiki/%C3%89lections_l%C3%A9gislatives_de_2024_dans_le_Rh%C3%B4ne,68932.0,67283.0,97.86,95.73,1100,2343.0,1.56,3.33,405.0,660.0,0.57,0.94,70437,70286.0,100.0,100.0,27583,27754.0,28.14,28.31,98020,98040.0,71.86,71.69,2
69-6911,69,Rhône,6911,11ème circonscription,Cyrille Isaac-Sibille,cyrille isaac sibille,MoDem (ENS),ENS,Ensemble,Ensemble,17333.0,28.88,23200.0,38.79,https://fr.wikipedia.org/wiki/%C3%89lections_l%C3%A9gislatives_de_2024_dans_le_Rh%C3%B4ne,60010.0,59816.0,98.62,98.19,608,827.0,1.0,1.36,229.0,274.0,0.38,0.45,60847,60917.0,100.0,100.0,21900,21855.0,26.47,26.4,82747,82772.0,73.53,73.6,1
69-6911,69,Rhône,6911,11ème circonscription,Lucie Gaillot-Durand,lucie gaillot durand,LÉ (NFP),UG,Autre NFP,Autre NFP,18039.0,30.06,19938.0,33.33,https://fr.wikipedia.org/wiki/%C3%89lections_l%C3%A9gislatives_de_2024_dans_le_Rh%C3%B4ne,60010.0,59816.0,98.62,98.19,608,827.0,1.0,1.36,229.0,274.0,0.38,0.45,60847,60917.0,100.0,100.0,21900,21855.0,26.47,26.4,82747,82772.0,73.53,73.6,2
69-6911,69,Rhône,6911,11ème circonscription,Clémence Luisier,clemence luisier,RN,RN,Rassemblement national,Rassemblement national,14989.0,24.98,16678.0,27.88,https://fr.wikipedia.org/wiki/%C3%89lections_l%C3%A9gislatives_de_2024_dans_le_Rh%C3%B4ne,60010.0,59816.0,98.62,98.19,608,827.0,1.0,1.36,229.0,274.0,0.38,0.45,60847,60917.0,100.0,100.0,21900,21855.0,26.47,26.4,82747,82772.0,73.53,73.6,3
69-6912,69,Rhône,6912,12ème circonscription,Tiffany Joncour[55],tiffany joncour 55,RN,RN,Rassemblement national,Rassemblement national,22417.0,36.35,28872.0,51.87,https://fr.wikipedia.org/wiki/%C3%89lections_l%C3%A9gislatives_de_2024_dans_le_Rh%C3%B4ne,61671.0,55666.0,98.36,89.72,751,5146.0,1.2,8.29,280.0,1230.0,0.45,1.98,62702,62042.0,100.0,100.0,27099,27778.0,30.18,30.93,89801,89820.0,69.82,69.07,1
69-6912,69,Rhône,6912,12ème circonscription,Victor Prandt[56],victor prandt 56,REV (NFP),UG,Autre NFP,Autre NFP,16178.0,26.23,26794.0,48.13,https://fr.wikipedia.org/wiki/%C3%89lections_l%C3%A9gislatives_de_2024_dans_le_Rh%C3%B4ne,61671.0,55666.0,98.36,89.72,751,5146.0,1.2,8.29,280.0,1230.0,0.45,1.98,62702,62042.0,100.0,100.0,27099,27778.0,30.18,30.93,89801,89820.0,69.82,69.07,2
69-6913,69,Rhône,6913,13ème circonscription,Idir Boumertit,idir boumertit,LFI (NFP),UG,LFI / NFP,LFI / NFP,21854.0,48.78,26974.0,65.03,https://fr.wikipedia.org/wiki/%C3%89lections_l%C3%A9gislatives_de_2024_dans_le_Rh%C3%B4ne,44798.0,41482.0,97.83,92.56,655,2553.0,1.43,5.7,339.0,780.0,0.74,1.74,45792,44815.0,100.0,100.0,30780,31787.0,40.2,41.5,76572,76602.0,59.8,58.5,1
69-6913,69,Rhône,6913,13ème circonscription,Cédric Mermet,cedric mermet,RN,RN,Rassemblement national,Rassemblement national,12637.0,28.21,14508.0,34.97,https://fr.wikipedia.org/wiki/%C3%89lections_l%C3%A9gislatives_de_2024_dans_le_Rh%C3%B4ne,44798.0,41482.0,97.83,92.56,655,2553.0,1.43,5.7,339.0,780.0,0.74,1.74,45792,44815.0,100.0,100.0,30780,31787.0,40.2,41.5,76572,76602.0,59.8,58.5,2
70-7001,70,Haute-Saône,7001,1ère circonscription,Antoine Villedieu[13],antoine villedieu 13,RN,RN,Rassemblement national,Rassemblement national,29459.0,48.82,32044.0,53.54,https://fr.wikipedia.org/wiki/%C3%89lections_l%C3%A9gislatives_de_2024_dans_la_Haute-Sa%C3%B4ne,60337.0,59856.0,96.52,94.99,1227,2043.0,1.96,3.24,947.0,1112.0,1.51,1.76,62511,63011.0,100.0,100.0,25844,25337.0,29.25,28.68,88355,88348.0,70.75,71.32,1
70-7001,70,Haute-Saône,7001,1ère circonscription,Alain Chrétien,alain chretien,HOR (ENS),ENS,Ensemble,Ensemble,18093.0,29.99,27812.0,46.46,https://fr.wikipedia.org/wiki/%C3%89lections_l%C3%A9gislatives_de_2024_dans_la_Haute-Sa%C3%B4ne,60337.0,59856.0,96.52,94.99,1227,2043.0,1.96,3.24,947.0,1112.0,1.51,1.76,62511,63011.0,100.0,100.0,25844,25337.0,29.25,28.68,88355,88348.0,70.75,71.32,2
71-7101,71,Saône-et-Loire,7101,1ère circonscription,Julie Delpech,julie delpech,RE (ENS),ENS,Ensemble,Ensemble,15111.0,30.84,29050.0,60.91,https://fr.wikipedia.org/wiki/%C3%89lections_l%C3%A9gislatives_de_2024_dans_la_Sarthe,49003.0,47696.0,96.78,94.15,1213,2481.0,2.4,4.9,419.0,482.0,0.83,0.95,50635,50659.0,100.0,100.0,23131,23127.0,31.36,31.34,73766,73786.0,68.64,68.66,1
71-7101,71,Saône-et-Loire,7101,1ère circonscription,Céline de Cossé Brissac,celine de cosse brissac,RN,RN,Rassemblement national,Rassemblement national,16465.0,33.6,18646.0,39.09,https://fr.wikipedia.org/wiki/%C3%89lections_l%C3%A9gislatives_de_2024_dans_la_Sarthe,49003.0,47696.0,96.78,94.15,1213,2481.0,2.4,4.9,419.0,482.0,0.83,0.95,50635,50659.0,100.0,100.0,23131,23127.0,31.36,31.34,73766,73786.0,68.64,68.66,2
71-7102,71,Saône-et-Loire,7102,2ème circonscription,Marietta Karamanli,marietta karamanli,PS (NFP),UG,Autre NFP,Autre NFP,20700.0,39.95,28660.0,57.31,https://fr.wikipedia.org/wiki/%C3%89lections_l%C3%A9gislatives_de_2024_dans_la_Sarthe,51811.0,50009.0,96.58,92.97,1510,3221.0,2.81,5.99,322.0,563.0,0.6,1.05,53643,53793.0,100.0,100.0,30121,29986.0,35.96,35.79,83764,83779.0,64.04,64.21,1
71-7102,71,Saône-et-Loire,7102,2ème circonscription,François Fèvre,francois fevre,RÀD (RN),UXD,Union de l'extrême droite,Union de l'extrême droite,18282.0,35.29,21349.0,42.69,https://fr.wikipedia.org/wiki/%C3%89lections_l%C3%A9gislatives_de_2024_dans_la_Sarthe,51811.0,50009.0,96.58,92.97,1510,3221.0,2.81,5.99,322.0,563.0,0.6,1.05,53643,53793.0,100.0,100.0,30121,29986.0,35.96,35.79,83764,83779.0,64.04,64.21,2
71-7103,71,Saône-et-Loire,7103,3ème circonscription,Éric Martineau,eric martineau,MoDem (ENS),ENS,Ensemble,Ensemble,16209.0,29.17,28392.0,51.44,https://fr.wikipedia.org/wiki/%C3%89lections_l%C3%A9gislatives_de_2024_dans_la_Sarthe,55558.0,55191.0,96.58,95.1,1318,1981.0,2.29,3.41,647.0,860.0,1.12,1.48,57523,58032.0,100.0,100.0,28355,27862.0,33.02,32.44,85878,85894.0,66.98,67.56,1
71-7103,71,Saône-et-Loire,7103,3ème circonscription,Romain Lemoigne,romain lemoigne,RN,RN,Rassemblement national,Rassemblement national,23637.0,42.54,26799.0,48.56,https://fr.wikipedia.org/wiki/%C3%89lections_l%C3%A9gislatives_de_2024_dans_la_Sarthe,55558.0,55191.0,96.58,95.1,1318,1981.0,2.29,3.41,647.0,860.0,1.12,1.48,57523,58032.0,100.0,100.0,28355,27862.0,33.02,32.44,85878,85894.0,66.98,67.56,2
71-7104,71,Saône-et-Loire,7104,4ème circonscription,Suffrages exprimés,suffrages exprimes,Suffrages exprimés,SUFFRAGES EXPRIMÉS,SUFFRAGES EXPRIMÉS,SUFFRAGES EXPRIMÉS,52424.0,96.83,48047.0,89.13,https://fr.wikipedia.org/wiki/%C3%89lections_l%C3%A9gislatives_de_2024_dans_la_Sarthe,,,,,1247,4705.0,2.3,8.73,472.0,1155.0,0.87,2.14,54143,53907.0,100.0,100.0,27296,27554.0,33.52,33.82,81439,81461.0,66.48,66.18,1
71-7104,71,Saône-et-Loire,7104,4ème circonscription,Élise Leboucher,elise leboucher,LFI (NFP),UG,LFI / NFP,LFI / NFP,13600.0,25.94,24136.0,50.23,https://fr.wikipedia.org/wiki/%C3%89lections_l%C3%A9gislatives_de_2024_dans_la_Sarthe,,,,,1247,4705.0,2.3,8.73,472.0,1155.0,0.87,2.14,54143,53907.0,100.0,100.0,27296,27554.0,33.52,33.82,81439,81461.0,66.48,66.18,2
71-7104,71,Saône-et-Loire,7104,4ème circonscription,Marie-Caroline Le Pen,marie caroline le pen,RN,RN,Rassemblement national,Rassemblement national,20584.0,39.26,23911.0,49.77,https://fr.wikipedia.org/wiki/%C3%89lections_l%C3%A9gislatives_de_2024_dans_la_Sarthe,,,,,1247,4705.0,2.3,8.73,472.0,1155.0,0.87,2.14,54143,53907.0,100.0,100.0,27296,27554.0,33.52,33.82,81439,81461.0,66.48,66.18,3
71-7105,71,Saône-et-Loire,7105,5ème circonscription,Jean-Carles Grelier[25],jean carles grelier 25,RE (ENS),ENS,Ensemble,Ensemble,17898.0,31.28,32006.0,57.04,https://fr.wikipedia.org/wiki/%C3%89lections_l%C3%A9gislatives_de_2024_dans_la_Sarthe,57213.0,56108.0,96.84,94.82,1367,2443.0,2.31,4.03,500.0,620.0,0.85,1.05,59080,59171.0,100.0,100.0,28900,28833.0,32.85,32.76,87980,88004.0,67.15,67.24,1
71-7105,71,Saône-et-Loire,7105,5ème circonscription,Pierre Vaugarny,pierre vaugarny,RN,RN,Rassemblement national,Rassemblement national,21870.0,38.23,24102.0,42.96,https://fr.wikipedia.org/wiki/%C3%89lections_l%C3%A9gislatives_de_2024_dans_la_Sarthe,57213.0,56108.0,96.84,94.82,1367,2443.0,2.31,4.03,500.0,620.0,0.85,1.05,59080,59171.0,100.0,100.0,28900,28833.0,32.85,32.76,87980,88004.0,67.15,67.24,2
72-7201,72,Sarthe,7201,1ère circonscription,Julie Delpech,julie delpech,RE (ENS),ENS,Ensemble,Ensemble,15111.0,30.84,29050.0,60.91,https://fr.wikipedia.org/wiki/%C3%89lections_l%C3%A9gislatives_de_2024_dans_la_Sarthe,49003.0,47696.0,96.78,94.15,1213,2481.0,2.4,4.9,419.0,482.0,0.83,0.95,50635,50659.0,100.0,100.0,23131,23127.0,31.36,31.34,73766,73786.0,68.64,68.66,1
72-7201,72,Sarthe,7201,1ère circonscription,Céline de Cossé Brissac,celine de cosse brissac,RN,RN,Rassemblement national,Rassemblement national,16465.0,33.6,18646.0,39.09,https://fr.wikipedia.org/wiki/%C3%89lections_l%C3%A9gislatives_de_2024_dans_la_Sarthe,49003.0,47696.0,96.78,94.15,1213,2481.0,2.4,4.9,419.0,482.0,0.83,0.95,50635,50659.0,100.0,100.0,23131,23127.0,31.36,31.34,73766,73786.0,68.64,68.66,2
72-7202,72,Sarthe,7202,2ème circonscription,Marietta Karamanli,marietta karamanli,PS (NFP),UG,Autre NFP,Autre NFP,20700.0,39.95,28660.0,57.31,https://fr.wikipedia.org/wiki/%C3%89lections_l%C3%A9gislatives_de_2024_dans_la_Sarthe,51811.0,50009.0,96.58,92.97,1510,3221.0,2.81,5.99,322.0,563.0,0.6,1.05,53643,53793.0,100.0,100.0,30121,29986.0,35.96,35.79,83764,83779.0,64.04,64.21,1
72-7202,72,Sarthe,7202,2ème circonscription,François Fèvre,francois fevre,RÀD (RN),UXD,Union de l'extrême droite,Union de l'extrême droite,18282.0,35.29,21349.0,42.69,https://fr.wikipedia.org/wiki/%C3%89lections_l%C3%A9gislatives_de_2024_dans_la_Sarthe,51811.0,50009.0,96.58,92.97,1510,3221.0,2.81,5.99,322.0,563.0,0.6,1.05,53643,53793.0,100.0,100.0,30121,29986.0,35.96,35.79,83764,83779.0,64.04,64.21,2
72-7203,72,Sarthe,7203,3ème circonscription,Éric Martineau,eric martineau,MoDem (ENS),ENS,Ensemble,Ensemble,16209.0,29.17,28392.0,51.44,https://fr.wikipedia.org/wiki/%C3%89lections_l%C3%A9gislatives_de_2024_dans_la_Sarthe,55558.0,55191.0,96.58,95.1,1318,1981.0,2.29,3.41,647.0,860.0,1.12,1.48,57523,58032.0,100.0,100.0,28355,27862.0,33.02,32.44,85878,85894.0,66.98,67.56,1
72-7203,72,Sarthe,7203,3ème circonscription,Romain Lemoigne,romain lemoigne,RN,RN,Rassemblement national,Rassemblement national,23637.0,42.54,26799.0,48.56,https://fr.wikipedia.org/wiki/%C3%89lections_l%C3%A9gislatives_de_2024_dans_la_Sarthe,55558.0,55191.0,96.58,95.1,1318,1981.0,2.29,3.41,647.0,860.0,1.12,1.48,57523,58032.0,100.0,100.0,28355,27862.0,33.02,32.44,85878,85894.0,66.98,67.56,2
72-7204,72,Sarthe,7204,4ème circonscription,Suffrages exprimés,suffrages exprimes,Suffrages exprimés,SUFFRAGES EXPRIMÉS,SUFFRAGES EXPRIMÉS,SUFFRAGES EXPRIMÉS,52424.0,96.83,48047.0,89.13,https://fr.wikipedia.org/wiki/%C3%89lections_l%C3%A9gislatives_de_2024_dans_la_Sarthe,,,,,1247,4705.0,2.3,8.73,472.0,1155.0,0.87,2.14,54143,53907.0,100.0,100.0,27296,27554.0,33.52,33.82,81439,81461.0,66.48,66.18,1
72-7204,72,Sarthe,7204,4ème circonscription,Élise Leboucher,elise leboucher,LFI (NFP),UG,LFI / NFP,LFI / NFP,13600.0,25.94,24136.0,50.23,https://fr.wikipedia.org/wiki/%C3%89lections_l%C3%A9gislatives_de_2024_dans_la_Sarthe,,,,,1247,4705.0,2.3,8.73,472.0,1155.0,0.87,2.14,54143,53907.0,100.0,100.0,27296,27554.0,33.52,33.82,81439,81461.0,66.48,66.18,2
72-7204,72,Sarthe,7204,4ème circonscription,Marie-Caroline Le Pen,marie caroline le pen,RN,RN,Rassemblement national,Rassemblement national,20584.0,39.26,23911.0,49.77,https://fr.wikipedia.org/wiki/%C3%89lections_l%C3%A9gislatives_de_2024_dans_la_Sarthe,,,,,1247,4705.0,2.3,8.73,472.0,1155.0,0.87,2.14,54143,53907.0,100.0,100.0,27296,27554.0,33.52,33.82,81439,81461.0,66.48,66.18,3
72-7205,72,Sarthe,7205,5ème circonscription,Jean-Carles Grelier[25],jean carles grelier 25,RE (ENS),ENS,Ensemble,Ensemble,17898.0,31.28,32006.0,57.04,https://fr.wikipedia.org/wiki/%C3%89lections_l%C3%A9gislatives_de_2024_dans_la_Sarthe,57213.0,56108.0,96.84,94.82,1367,2443.0,2.31,4.03,500.0,620.0,0.85,1.05,59080,59171.0,100.0,100.0,28900,28833.0,32.85,32.76,87980,88004.0,67.15,67.24,1
72-7205,72,Sarthe,7205,5ème circonscription,Pierre Vaugarny,pierre vaugarny,RN,RN,Rassemblement national,Rassemblement national,21870.0,38.23,24102.0,42.96,https://fr.wikipedia.org/wiki/%C3%89lections_l%C3%A9gislatives_de_2024_dans_la_Sarthe,57213.0,56108.0,96.84,94.82,1367,2443.0,2.31,4.03,500.0,620.0,0.85,1.05,59080,59171.0,100.0,100.0,28900,28833.0,32.85,32.76,87980,88004.0,67.15,67.24,2
73-7301,73,Savoie,7301,1ère circonscription,Florence Hérouin-Léautey,florence herouin leautey,PS (NFP),UG,Autre NFP,Autre NFP,20040.0,44.44,22790.0,51.23,https://fr.wikipedia.org/wiki/%C3%89lections_l%C3%A9gislatives_de_2024_dans_la_Seine-Maritime,45095.0,44489.0,98.27,97.89,585,709.0,1.27,1.56,208.0,248.0,0.45,0.55,45888,45446.0,100.0,100.0,20713,21175.0,31.1,31.78,66601,66621.0,68.9,68.22,1
73-7301,73,Savoie,7301,1ère circonscription,Damien Adam,damien adam,RE (ENS),ENS,Ensemble,Ensemble,12456.0,27.62,12690.0,28.52,https://fr.wikipedia.org/wiki/%C3%89lections_l%C3%A9gislatives_de_2024_dans_la_Seine-Maritime,45095.0,44489.0,98.27,97.89,585,709.0,1.27,1.56,208.0,248.0,0.45,0.55,45888,45446.0,100.0,100.0,20713,21175.0,31.1,31.78,66601,66621.0,68.9,68.22,2
73-7301,73,Savoie,7301,1ère circonscription,Grégoire Houdan,gregoire houdan,RN,RN,Rassemblement national,Rassemblement national,8567.0,19.0,9009.0,20.25,https://fr.wikipedia.org/wiki/%C3%89lections_l%C3%A9gislatives_de_2024_dans_la_Seine-Maritime,45095.0,44489.0,98.27,97.89,585,709.0,1.27,1.56,208.0,248.0,0.45,0.55,45888,45446.0,100.0,100.0,20713,21175.0,31.1,31.78,66601,66621.0,68.9,68.22,3
73-7302,73,Savoie,7302,2ème circonscription,Annie Vidal,annie vidal,RE (ENS),ENS,Ensemble,Ensemble,18996.0,27.73,39754.0,59.92,https://fr.wikipedia.org/wiki/%C3%89lections_l%C3%A9gislatives_de_2024_dans_la_Seine-Maritime,68499.0,66348.0,97.65,95.22,1266,2679.0,1.8,3.84,386.0,655.0,0.55,0.94,70151,69682.0,100.0,100.0,25625,26095.0,26.76,27.25,95776,95777.0,73.24,72.75,1
73-7302,73,Savoie,7302,2ème circonscription,Vanessa Lancelot,vanessa lancelot,RN,RN,Rassemblement national,Rassemblement national,23135.0,33.77,26594.0,40.08,https://fr.wikipedia.org/wiki/%C3%89lections_l%C3%A9gislatives_de_2024_dans_la_Seine-Maritime,68499.0,66348.0,97.65,95.22,1266,2679.0,1.8,3.84,386.0,655.0,0.55,0.94,70151,69682.0,100.0,100.0,25625,26095.0,26.76,27.25,95776,95777.0,73.24,72.75,2
73-7303,73,Savoie,7303,3ème circonscription,Édouard Bénard,edouard benard,PCF (NFP),UG,PCF / NFP,PCF / NFP,21000.0,48.64,27329.0,66.88,https://fr.wikipedia.org/wiki/%C3%89lections_l%C3%A9gislatives_de_2024_dans_la_Seine-Maritime,43173.0,40862.0,97.56,93.52,781,2224.0,1.76,5.09,299.0,608.0,0.68,1.39,44253,43694.0,100.0,100.0,26370,26939.0,37.34,38.14,70623,70633.0,62.66,61.86,1
73-7303,73,Savoie,7303,3ème circonscription,Pauline Daniel,pauline daniel,RN,RN,Rassemblement national,Rassemblement national,12194.0,28.24,13533.0,33.12,https://fr.wikipedia.org/wiki/%C3%89lections_l%C3%A9gislatives_de_2024_dans_la_Seine-Maritime,43173.0,40862.0,97.56,93.52,781,2224.0,1.76,5.09,299.0,608.0,0.68,1.39,44253,43694.0,100.0,100.0,26370,26939.0,37.34,38.14,70623,70633.0,62.66,61.86,2
73-7304,73,Savoie,7304,4ème circonscription,Alma Dufour,alma dufour,LFI (NFP),UG,LFI / NFP,LFI / NFP,17335.0,32.65,26194.0,52.51,https://fr.wikipedia.org/wiki/%C3%89lections_l%C3%A9gislatives_de_2024_dans_la_Seine-Maritime,53091.0,49887.0,97.13,91.21,1146,3764.0,2.1,6.88,420.0,1041.0,0.77,1.9,54657,54692.0,100.0,100.0,31630,31537.0,36.66,36.57,86287,86229.0,63.34,63.43,1
73-7304,73,Savoie,7304,4ème circonscription,Guillaume Pennelle,guillaume pennelle,RN,RN,Rassemblement national,Rassemblement national,20748.0,39.08,23693.0,47.49,https://fr.wikipedia.org/wiki/%C3%89lections_l%C3%A9gislatives_de_2024_dans_la_Seine-Maritime,53091.0,49887.0,97.13,91.21,1146,3764.0,2.1,6.88,420.0,1041.0,0.77,1.9,54657,54692.0,100.0,100.0,31630,31537.0,36.66,36.57,86287,86229.0,63.34,63.43,2
73-7305,73,Savoie,7305,5ème circonscription,Gérard Leseul,gerard leseul,PS (NFP),UG,Autre NFP,Autre NFP,21281.0,33.36,31994.0,51.68,https://fr.wikipedia.org/wiki/%C3%89lections_l%C3%A9gislatives_de_2024_dans_la_Seine-Maritime,63789.0,61902.0,97.67,94.32,1156,2955.0,1.77,4.5,367.0,771.0,0.56,1.17,65312,65628.0,100.0,100.0,29562,29279.0,31.16,30.85,94874,94907.0,68.84,69.15,1
73-7305,73,Savoie,7305,5ème circonscription,Jean-Cyril Montier,jean cyril montier,RN,RN,Rassemblement national,Rassemblement national,26406.0,41.4,29908.0,48.32,https://fr.wikipedia.org/wiki/%C3%89lections_l%C3%A9gislatives_de_2024_dans_la_Seine-Maritime,63789.0,61902.0,97.67,94.32,1156,2955.0,1.77,4.5,367.0,771.0,0.56,1.17,65312,65628.0,100.0,100.0,29562,29279.0,31.16,30.85,94874,94907.0,68.84,69.15,2
73-7306,73,Savoie,7306,6ème circonscription,Patrice Martin,patrice martin,RN,RN,Rassemblement national,Rassemblement national,32235.0,44.91,36281.0,51.21,https://fr.wikipedia.org/wiki/%C3%89lections_l%C3%A9gislatives_de_2024_dans_la_Seine-Maritime,71784.0,70852.0,97.37,94.44,1436,3287.0,1.95,4.38,500.0,884.0,0.68,1.18,73720,75023.0,100.0,100.0,35541,34252.0,32.53,31.34,109261,109275.0,67.47,68.66,1
73-7306,73,Savoie,7306,6ème circonscription,Sébastien Jumel,sebastien jumel,PCF (NFP),UG,PCF / NFP,PCF / NFP,24763.0,34.5,34571.0,48.79,https://fr.wikipedia.org/wiki/%C3%89lections_l%C3%A9gislatives_de_2024_dans_la_Seine-Maritime,71784.0,70852.0,97.37,94.44,1436,3287.0,1.95,4.38,500.0,884.0,0.68,1.18,73720,75023.0,100.0,100.0,35541,34252.0,32.53,31.34,109261,109275.0,67.47,68.66,2
73-7307,73,Savoie,7307,7ème circonscription,Agnès Firmin-Le Bodo,agnes firmin le bodo,HOR (ENS),HOR,Horizons,Horizons,19734.0,34.83,36050.0,66.18,https://fr.wikipedia.org/wiki/%C3%89lections_l%C3%A9gislatives_de_2024_dans_la_Seine-Maritime,56651.0,54473.0,97.36,94.35,1419,3009.0,2.44,5.21,119.0,253.0,0.2,0.44,58189,57735.0,100.0,100.0,27344,27809.0,31.97,32.51,85533,85544.0,68.03,67.49,1
73-7307,73,Savoie,7307,7ème circonscription,Anaïs Thomas,anais thomas,RN,RN,Rassemblement national,Rassemblement national,16221.0,28.63,18423.0,33.82,https://fr.wikipedia.org/wiki/%C3%89lections_l%C3%A9gislatives_de_2024_dans_la_Seine-Maritime,56651.0,54473.0,97.36,94.35,1419,3009.0,2.44,5.21,119.0,253.0,0.2,0.44,58189,57735.0,100.0,100.0,27344,27809.0,31.97,32.51,85533,85544.0,68.03,67.49,2
73-7308,73,Savoie,7308,8ème circonscription,Jean-Paul Lecoq,jean paul lecoq,PCF (NFP),UG,PCF / NFP,PCF / NFP,16205.0,42.81,23040.0,63.08,https://fr.wikipedia.org/wiki/%C3%89lections_l%C3%A9gislatives_de_2024_dans_la_Seine-Maritime,37849.0,36525.0,97.44,93.69,955,2373.0,2.46,6.09,41.0,86.0,0.11,0.22,38845,38984.0,100.0,100.0,25631,25507.0,39.75,39.55,64476,64491.0,60.25,60.45,1
73-7308,73,Savoie,7308,8ème circonscription,Isabelle Le Coz,isabelle le coz,RN,RN,Rassemblement national,Rassemblement national,11855.0,31.32,13485.0,36.92,https://fr.wikipedia.org/wiki/%C3%89lections_l%C3%A9gislatives_de_2024_dans_la_Seine-Maritime,37849.0,36525.0,97.44,93.69,955,2373.0,2.46,6.09,41.0,86.0,0.11,0.22,38845,38984.0,100.0,100.0,25631,25507.0,39.75,39.55,64476,64491.0,60.25,60.45,2
73-7309,73,Savoie,7309,9ème circonscription,Marie-Agnès Poussier-Winsback,marie agnes poussier winsback,HOR (ENS),HOR,Horizons,Horizons,20528.0,32.08,31548.0,50.34,https://fr.wikipedia.org/wiki/%C3%89lections_l%C3%A9gislatives_de_2024_dans_la_Seine-Maritime,63998.0,62670.0,97.03,94.97,1553,2534.0,2.35,3.84,408.0,785.0,0.62,1.19,65959,65989.0,100.0,100.0,29474,29459.0,30.88,30.86,95433,95448.0,69.12,69.14,1
73-7309,73,Savoie,7309,9ème circonscription,Douglas Potier,douglas potier,RN,RN,Rassemblement national,Rassemblement national,28528.0,44.58,31122.0,49.66,https://fr.wikipedia.org/wiki/%C3%89lections_l%C3%A9gislatives_de_2024_dans_la_Seine-Maritime,63998.0,62670.0,97.03,94.97,1553,2534.0,2.35,3.84,408.0,785.0,0.62,1.19,65959,65989.0,100.0,100.0,29474,29459.0,30.88,30.86,95433,95448.0,69.12,69.14,2
73-7310,73,Savoie,7310,10ème circonscription,Robert Le Bourgeois,robert le bourgeois,RN,RN,Rassemblement national,Rassemblement national,34431.0,45.29,38606.0,51.67,https://fr.wikipedia.org/wiki/%C3%89lections_l%C3%A9gislatives_de_2024_dans_la_Seine-Maritime,76018.0,74721.0,97.06,95.13,1694,2971.0,2.16,3.78,607.0,853.0,0.78,1.09,78319,78545.0,100.0,100.0,32566,32342.0,29.37,29.17,110885,110887.0,70.63,70.83,1
73-7310,73,Savoie,7310,10ème circonscription,Xavier Batut,xavier batut,HOR (ENS),HOR,Horizons,Horizons,19420.0,25.55,36115.0,48.33,https://fr.wikipedia.org/wiki/%C3%89lections_l%C3%A9gislatives_de_2024_dans_la_Seine-Maritime,76018.0,74721.0,97.06,95.13,1694,2971.0,2.16,3.78,607.0,853.0,0.78,1.09,78319,78545.0,100.0,100.0,32566,32342.0,29.37,29.17,110885,110887.0,70.63,70.83,2
74-7401,74,Haute-Savoie,7401,1ère circonscription,Florence Hérouin-Léautey,florence herouin leautey,PS (NFP),UG,Autre NFP,Autre NFP,20040.0,44.44,22790.0,51.23,https://fr.wikipedia.org/wiki/%C3%89lections_l%C3%A9gislatives_de_2024_dans_la_Seine-Maritime,45095.0,44489.0,98.27,97.89,585,709.0,1.27,1.56,208.0,248.0,0.45,0.55,45888,45446.0,100.0,100.0,20713,21175.0,31.1,31.78,66601,66621.0,68.9,68.22,1
74-7401,74,Haute-Savoie,7401,1ère circonscription,Damien Adam,damien adam,RE (ENS),ENS,Ensemble,Ensemble,12456.0,27.62,12690.0,28.52,https://fr.wikipedia.org/wiki/%C3%89lections_l%C3%A9gislatives_de_2024_dans_la_Seine-Maritime,45095.0,44489.0,98.27,97.89,585,709.0,1.27,1.56,208.0,248.0,0.45,0.55,45888,45446.0,100.0,100.0,20713,21175.0,31.1,31.78,66601,66621.0,68.9,68.22,2
74-7401,74,Haute-Savoie,7401,1ère circonscription,Grégoire Houdan,gregoire houdan,RN,RN,Rassemblement national,Rassemblement national,8567.0,19.0,9009.0,20.25,https://fr.wikipedia.org/wiki/%C3%89lections_l%C3%A9gislatives_de_2024_dans_la_Seine-Maritime,45095.0,44489.0,98.27,97.89,585,709.0,1.27,1.56,208.0,248.0,0.45,0.55,45888,45446.0,100.0,100.0,20713,21175.0,31.1,31.78,66601,66621.0,68.9,68.22,3
74-7402,74,Haute-Savoie,7402,2ème circonscription,Annie Vidal,annie vidal,RE (ENS),ENS,Ensemble,Ensemble,18996.0,27.73,39754.0,59.92,https://fr.wikipedia.org/wiki/%C3%89lections_l%C3%A9gislatives_de_2024_dans_la_Seine-Maritime,68499.0,66348.0,97.65,95.22,1266,2679.0,1.8,3.84,386.0,655.0,0.55,0.94,70151,69682.0,100.0,100.0,25625,26095.0,26.76,27.25,95776,95777.0,73.24,72.75,1
74-7402,74,Haute-Savoie,7402,2ème circonscription,Vanessa Lancelot,vanessa lancelot,RN,RN,Rassemblement national,Rassemblement national,23135.0,33.77,26594.0,40.08,https://fr.wikipedia.org/wiki/%C3%89lections_l%C3%A9gislatives_de_2024_dans_la_Seine-Maritime,68499.0,66348.0,97.65,95.22,1266,2679.0,1.8,3.84,386.0,655.0,0.55,0.94,70151,69682.0,100.0,100.0,25625,26095.0,26.76,27.25,95776,95777.0,73.24,72.75,2
74-7403,74,Haute-Savoie,7403,3ème circonscription,Édouard Bénard,edouard benard,PCF (NFP),UG,PCF / NFP,PCF / NFP,21000.0,48.64,27329.0,66.88,https://fr.wikipedia.org/wiki/%C3%89lections_l%C3%A9gislatives_de_2024_dans_la_Seine-Maritime,43173.0,40862.0,97.56,93.52,781,2224.0,1.76,5.09,299.0,608.0,0.68,1.39,44253,43694.0,100.0,100.0,26370,26939.0,37.34,38.14,70623,70633.0,62.66,61.86,1
74-7403,74,Haute-Savoie,7403,3ème circonscription,Pauline Daniel,pauline daniel,RN,RN,Rassemblement national,Rassemblement national,12194.0,28.24,13533.0,33.12,https://fr.wikipedia.org/wiki/%C3%89lections_l%C3%A9gislatives_de_2024_dans_la_Seine-Maritime,43173.0,40862.0,97.56,93.52,781,2224.0,1.76,5.09,299.0,608.0,0.68,1.39,44253,43694.0,100.0,100.0,26370,26939.0,37.34,38.14,70623,70633.0,62.66,61.86,2
74-7404,74,Haute-Savoie,7404,4ème circonscription,Alma Dufour,alma dufour,LFI (NFP),UG,LFI / NFP,LFI / NFP,17335.0,32.65,26194.0,52.51,https://fr.wikipedia.org/wiki/%C3%89lections_l%C3%A9gislatives_de_2024_dans_la_Seine-Maritime,53091.0,49887.0,97.13,91.21,1146,3764.0,2.1,6.88,420.0,1041.0,0.77,1.9,54657,54692.0,100.0,100.0,31630,31537.0,36.66,36.57,86287,86229.0,63.34,63.43,1
74-7404,74,Haute-Savoie,7404,4ème circonscription,Guillaume Pennelle,guillaume pennelle,RN,RN,Rassemblement national,Rassemblement national,20748.0,39.08,23693.0,47.49,https://fr.wikipedia.org/wiki/%C3%89lections_l%C3%A9gislatives_de_2024_dans_la_Seine-Maritime,53091.0,49887.0,97.13,91.21,1146,3764.0,2.1,6.88,420.0,1041.0,0.77,1.9,54657,54692.0,100.0,100.0,31630,31537.0,36.66,36.57,86287,86229.0,63.34,63.43,2
74-7405,74,Haute-Savoie,7405,5ème circonscription,Gérard Leseul,gerard leseul,PS (NFP),UG,Autre NFP,Autre NFP,21281.0,33.36,31994.0,51.68,https://fr.wikipedia.org/wiki/%C3%89lections_l%C3%A9gislatives_de_2024_dans_la_Seine-Maritime,63789.0,61902.0,97.67,94.32,1156,2955.0,1.77,4.5,367.0,771.0,0.56,1.17,65312,65628.0,100.0,100.0,29562,29279.0,31.16,30.85,94874,94907.0,68.84,69.15,1
74-7405,74,Haute-Savoie,7405,5ème circonscription,Jean-Cyril Montier,jean cyril montier,RN,RN,Rassemblement national,Rassemblement national,26406.0,41.4,29908.0,48.32,https://fr.wikipedia.org/wiki/%C3%89lections_l%C3%A9gislatives_de_2024_dans_la_Seine-Maritime,63789.0,61902.0,97.67,94.32,1156,2955.0,1.77,4.5,367.0,771.0,0.56,1.17,65312,65628.0,100.0,100.0,29562,29279.0,31.16,30.85,94874,94907.0,68.84,69.15,2
74-7406,74,Haute-Savoie,7406,6ème circonscription,Patrice Martin,patrice martin,RN,RN,Rassemblement national,Rassemblement national,32235.0,44.91,36281.0,51.21,https://fr.wikipedia.org/wiki/%C3%89lections_l%C3%A9gislatives_de_2024_dans_la_Seine-Maritime,71784.0,70852.0,97.37,94.44,1436,3287.0,1.95,4.38,500.0,884.0,0.68,1.18,73720,75023.0,100.0,100.0,35541,34252.0,32.53,31.34,109261,109275.0,67.47,68.66,1
74-7406,74,Haute-Savoie,7406,6ème circonscription,Sébastien Jumel,sebastien jumel,PCF (NFP),UG,PCF / NFP,PCF / NFP,24763.0,34.5,34571.0,48.79,https://fr.wikipedia.org/wiki/%C3%89lections_l%C3%A9gislatives_de_2024_dans_la_Seine-Maritime,71784.0,70852.0,97.37,94.44,1436,3287.0,1.95,4.38,500.0,884.0,0.68,1.18,73720,75023.0,100.0,100.0,35541,34252.0,32.53,31.34,109261,109275.0,67.47,68.66,2
74-7407,74,Haute-Savoie,7407,7ème circonscription,Agnès Firmin-Le Bodo,agnes firmin le bodo,HOR (ENS),HOR,Horizons,Horizons,19734.0,34.83,36050.0,66.18,https://fr.wikipedia.org/wiki/%C3%89lections_l%C3%A9gislatives_de_2024_dans_la_Seine-Maritime,56651.0,54473.0,97.36,94.35,1419,3009.0,2.44,5.21,119.0,253.0,0.2,0.44,58189,57735.0,100.0,100.0,27344,27809.0,31.97,32.51,85533,85544.0,68.03,67.49,1
74-7407,74,Haute-Savoie,7407,7ème circonscription,Anaïs Thomas,anais thomas,RN,RN,Rassemblement national,Rassemblement national,16221.0,28.63,18423.0,33.82,https://fr.wikipedia.org/wiki/%C3%89lections_l%C3%A9gislatives_de_2024_dans_la_Seine-Maritime,56651.0,54473.0,97.36,94.35,1419,3009.0,2.44,5.21,119.0,253.0,0.2,0.44,58189,57735.0,100.0,100.0,27344,27809.0,31.97,32.51,85533,85544.0,68.03,67.49,2
74-7408,74,Haute-Savoie,7408,8ème circonscription,Jean-Paul Lecoq,jean paul lecoq,PCF (NFP),UG,PCF / NFP,PCF / NFP,16205.0,42.81,23040.0,63.08,https://fr.wikipedia.org/wiki/%C3%89lections_l%C3%A9gislatives_de_2024_dans_la_Seine-Maritime,37849.0,36525.0,97.44,93.69,955,2373.0,2.46,6.09,41.0,86.0,0.11,0.22,38845,38984.0,100.0,100.0,25631,25507.0,39.75,39.55,64476,64491.0,60.25,60.45,1
74-7408,74,Haute-Savoie,7408,8ème circonscription,Isabelle Le Coz,isabelle le coz,RN,RN,Rassemblement national,Rassemblement national,11855.0,31.32,13485.0,36.92,https://fr.wikipedia.org/wiki/%C3%89lections_l%C3%A9gislatives_de_2024_dans_la_Seine-Maritime,37849.0,36525.0,97.44,93.69,955,2373.0,2.46,6.09,41.0,86.0,0.11,0.22,38845,38984.0,100.0,100.0,25631,25507.0,39.75,39.55,64476,64491.0,60.25,60.45,2
74-7409,74,Haute-Savoie,7409,9ème circonscription,Marie-Agnès Poussier-Winsback,marie agnes poussier winsback,HOR (ENS),HOR,Horizons,Horizons,20528.0,32.08,31548.0,50.34,https://fr.wikipedia.org/wiki/%C3%89lections_l%C3%A9gislatives_de_2024_dans_la_Seine-Maritime,63998.0,62670.0,97.03,94.97,1553,2534.0,2.35,3.84,408.0,785.0,0.62,1.19,65959,65989.0,100.0,100.0,29474,29459.0,30.88,30.86,95433,95448.0,69.12,69.14,1
74-7409,74,Haute-Savoie,7409,9ème circonscription,Douglas Potier,douglas potier,RN,RN,Rassemblement national,Rassemblement national,28528.0,44.58,31122.0,49.66,https://fr.wikipedia.org/wiki/%C3%89lections_l%C3%A9gislatives_de_2024_dans_la_Seine-Maritime,63998.0,62670.0,97.03,94.97,1553,2534.0,2.35,3.84,408.0,785.0,0.62,1.19,65959,65989.0,100.0,100.0,29474,29459.0,30.88,30.86,95433,95448.0,69.12,69.14,2
74-7410,74,Haute-Savoie,7410,10ème circonscription,Robert Le Bourgeois,robert le bourgeois,RN,RN,Rassemblement national,Rassemblement national,34431.0,45.29,38606.0,51.67,https://fr.wikipedia.org/wiki/%C3%89lections_l%C3%A9gislatives_de_2024_dans_la_Seine-Maritime,76018.0,74721.0,97.06,95.13,1694,2971.0,2.16,3.78,607.0,853.0,0.78,1.09,78319,78545.0,100.0,100.0,32566,32342.0,29.37,29.17,110885,110887.0,70.63,70.83,1
74-7410,74,Haute-Savoie,7410,10ème circonscription,Xavier Batut,xavier batut,HOR (ENS),HOR,Horizons,Horizons,19420.0,25.55,36115.0,48.33,https://fr.wikipedia.org/wiki/%C3%89lections_l%C3%A9gislatives_de_2024_dans_la_Seine-Maritime,76018.0,74721.0,97.06,95.13,1694,2971.0,2.16,3.78,607.0,853.0,0.78,1.09,78319,78545.0,100.0,100.0,32566,32342.0,29.37,29.17,110885,110887.0,70.63,70.83,2
75-7501,75,Paris,7501,1ère circonscription,Florence Hérouin-Léautey,florence herouin leautey,PS (NFP),UG,Autre NFP,Autre NFP,20040.0,44.44,22790.0,51.23,https://fr.wikipedia.org/wiki/%C3%89lections_l%C3%A9gislatives_de_2024_dans_la_Seine-Maritime,45095.0,44489.0,98.27,97.89,585,709.0,1.27,1.56,208.0,248.0,0.45,0.55,45888,45446.0,100.0,100.0,20713,21175.0,31.1,31.78,66601,66621.0,68.9,68.22,1
75-7501,75,Paris,7501,1ère circonscription,Damien Adam,damien adam,RE (ENS),ENS,Ensemble,Ensemble,12456.0,27.62,12690.0,28.52,https://fr.wikipedia.org/wiki/%C3%89lections_l%C3%A9gislatives_de_2024_dans_la_Seine-Maritime,45095.0,44489.0,98.27,97.89,585,709.0,1.27,1.56,208.0,248.0,0.45,0.55,45888,45446.0,100.0,100.0,20713,21175.0,31.1,31.78,66601,66621.0,68.9,68.22,2
75-7501,75,Paris,7501,1ère circonscription,Grégoire Houdan,gregoire houdan,RN,RN,Rassemblement national,Rassemblement national,8567.0,19.0,9009.0,20.25,https://fr.wikipedia.org/wiki/%C3%89lections_l%C3%A9gislatives_de_2024_dans_la_Seine-Maritime,45095.0,44489.0,98.27,97.89,585,709.0,1.27,1.56,208.0,248.0,0.45,0.55,45888,45446.0,100.0,100.0,20713,21175.0,31.1,31.78,66601,66621.0,68.9,68.22,3
75-7502,75,Paris,7502,2ème circonscription,Annie Vidal,annie vidal,RE (ENS),ENS,Ensemble,Ensemble,18996.0,27.73,39754.0,59.92,https://fr.wikipedia.org/wiki/%C3%89lections_l%C3%A9gislatives_de_2024_dans_la_Seine-Maritime,68499.0,66348.0,97.65,95.22,1266,2679.0,1.8,3.84,386.0,655.0,0.55,0.94,70151,69682.0,100.0,100.0,25625,26095.0,26.76,27.25,95776,95777.0,73.24,72.75,1
75-7502,75,Paris,7502,2ème circonscription,Vanessa Lancelot,vanessa lancelot,RN,RN,Rassemblement national,Rassemblement national,23135.0,33.77,26594.0,40.08,https://fr.wikipedia.org/wiki/%C3%89lections_l%C3%A9gislatives_de_2024_dans_la_Seine-Maritime,68499.0,66348.0,97.65,95.22,1266,2679.0,1.8,3.84,386.0,655.0,0.55,0.94,70151,69682.0,100.0,100.0,25625,26095.0,26.76,27.25,95776,95777.0,73.24,72.75,2
75-7503,75,Paris,7503,3ème circonscription,Édouard Bénard,edouard benard,PCF (NFP),UG,PCF / NFP,PCF / NFP,21000.0,48.64,27329.0,66.88,https://fr.wikipedia.org/wiki/%C3%89lections_l%C3%A9gislatives_de_2024_dans_la_Seine-Maritime,43173.0,40862.0,97.56,93.52,781,2224.0,1.76,5.09,299.0,608.0,0.68,1.39,44253,43694.0,100.0,100.0,26370,26939.0,37.34,38.14,70623,70633.0,62.66,61.86,1
75-7503,75,Paris,7503,3ème circonscription,Pauline Daniel,pauline daniel,RN,RN,Rassemblement national,Rassemblement national,12194.0,28.24,13533.0,33.12,https://fr.wikipedia.org/wiki/%C3%89lections_l%C3%A9gislatives_de_2024_dans_la_Seine-Maritime,43173.0,40862.0,97.56,93.52,781,2224.0,1.76,5.09,299.0,608.0,0.68,1.39,44253,43694.0,100.0,100.0,26370,26939.0,37.34,38.14,70623,70633.0,62.66,61.86,2
75-7504,75,Paris,7504,4ème circonscription,Alma Dufour,alma dufour,LFI (NFP),UG,LFI / NFP,LFI / NFP,17335.0,32.65,26194.0,52.51,https://fr.wikipedia.org/wiki/%C3%89lections_l%C3%A9gislatives_de_2024_dans_la_Seine-Maritime,53091.0,49887.0,97.13,91.21,1146,3764.0,2.1,6.88,420.0,1041.0,0.77,1.9,54657,54692.0,100.0,100.0,31630,31537.0,36.66,36.57,86287,86229.0,63.34,63.43,1
75-7504,75,Paris,7504,4ème circonscription,Guillaume Pennelle,guillaume pennelle,RN,RN,Rassemblement national,Rassemblement national,20748.0,39.08,23693.0,47.49,https://fr.wikipedia.org/wiki/%C3%89lections_l%C3%A9gislatives_de_2024_dans_la_Seine-Maritime,53091.0,49887.0,97.13,91.21,1146,3764.0,2.1,6.88,420.0,1041.0,0.77,1.9,54657,54692.0,100.0,100.0,31630,31537.0,36.66,36.57,86287,86229.0,63.34,63.43,2
75-7505,75,Paris,7505,5ème circonscription,Gérard Leseul,gerard leseul,PS (NFP),UG,Autre NFP,Autre NFP,21281.0,33.36,31994.0,51.68,https://fr.wikipedia.org/wiki/%C3%89lections_l%C3%A9gislatives_de_2024_dans_la_Seine-Maritime,63789.0,61902.0,97.67,94.32,1156,2955.0,1.77,4.5,367.0,771.0,0.56,1.17,65312,65628.0,100.0,100.0,29562,29279.0,31.16,30.85,94874,94907.0,68.84,69.15,1
75-7505,75,Paris,7505,5ème circonscription,Jean-Cyril Montier,jean cyril montier,RN,RN,Rassemblement national,Rassemblement national,26406.0,41.4,29908.0,48.32,https://fr.wikipedia.org/wiki/%C3%89lections_l%C3%A9gislatives_de_2024_dans_la_Seine-Maritime,63789.0,61902.0,97.67,94.32,1156,2955.0,1.77,4.5,367.0,771.0,0.56,1.17,65312,65628.0,100.0,100.0,29562,29279.0,31.16,30.85,94874,94907.0,68.84,69.15,2
75-7506,75,Paris,7506,6ème circonscription,Patrice Martin,patrice martin,RN,RN,Rassemblement national,Rassemblement national,32235.0,44.91,36281.0,51.21,https://fr.wikipedia.org/wiki/%C3%89lections_l%C3%A9gislatives_de_2024_dans_la_Seine-Maritime,71784.0,70852.0,97.37,94.44,1436,3287.0,1.95,4.38,500.0,884.0,0.68,1.18,73720,75023.0,100.0,100.0,35541,34252.0,32.53,31.34,109261,109275.0,67.47,68.66,1
75-7506,75,Paris,7506,6ème circonscription,Sébastien Jumel,sebastien jumel,PCF (NFP),UG,PCF / NFP,PCF / NFP,24763.0,34.5,34571.0,48.79,https://fr.wikipedia.org/wiki/%C3%89lections_l%C3%A9gislatives_de_2024_dans_la_Seine-Maritime,71784.0,70852.0,97.37,94.44,1436,3287.0,1.95,4.38,500.0,884.0,0.68,1.18,73720,75023.0,100.0,100.0,35541,34252.0,32.53,31.34,109261,109275.0,67.47,68.66,2
75-7507,75,Paris,7507,7ème circonscription,Agnès Firmin-Le Bodo,agnes firmin le bodo,HOR (ENS),HOR,Horizons,Horizons,19734.0,34.83,36050.0,66.18,https://fr.wikipedia.org/wiki/%C3%89lections_l%C3%A9gislatives_de_2024_dans_la_Seine-Maritime,56651.0,54473.0,97.36,94.35,1419,3009.0,2.44,5.21,119.0,253.0,0.2,0.44,58189,57735.0,100.0,100.0,27344,27809.0,31.97,32.51,85533,85544.0,68.03,67.49,1
75-7507,75,Paris,7507,7ème circonscription,Anaïs Thomas,anais thomas,RN,RN,Rassemblement national,Rassemblement national,16221.0,28.63,18423.0,33.82,https://fr.wikipedia.org/wiki/%C3%89lections_l%C3%A9gislatives_de_2024_dans_la_Seine-Maritime,56651.0,54473.0,97.36,94.35,1419,3009.0,2.44,5.21,119.0,253.0,0.2,0.44,58189,57735.0,100.0,100.0,27344,27809.0,31.97,32.51,85533,85544.0,68.03,67.49,2
75-7508,75,Paris,7508,8ème circonscription,Jean-Paul Lecoq,jean paul lecoq,PCF (NFP),UG,PCF / NFP,PCF / NFP,16205.0,42.81,23040.0,63.08,https://fr.wikipedia.org/wiki/%C3%89lections_l%C3%A9gislatives_de_2024_dans_la_Seine-Maritime,37849.0,36525.0,97.44,93.69,955,2373.0,2.46,6.09,41.0,86.0,0.11,0.22,38845,38984.0,100.0,100.0,25631,25507.0,39.75,39.55,64476,64491.0,60.25,60.45,1
75-7508,75,Paris,7508,8ème circonscription,Isabelle Le Coz,isabelle le coz,RN,RN,Rassemblement national,Rassemblement national,11855.0,31.32,13485.0,36.92,https://fr.wikipedia.org/wiki/%C3%89lections_l%C3%A9gislatives_de_2024_dans_la_Seine-Maritime,37849.0,36525.0,97.44,93.69,955,2373.0,2.46,6.09,41.0,86.0,0.11,0.22,38845,38984.0,100.0,100.0,25631,25507.0,39.75,39.55,64476,64491.0,60.25,60.45,2
75-7509,75,Paris,7509,9ème circonscription,Marie-Agnès Poussier-Winsback,marie agnes poussier winsback,HOR (ENS),HOR,Horizons,Horizons,20528.0,32.08,31548.0,50.34,https://fr.wikipedia.org/wiki/%C3%89lections_l%C3%A9gislatives_de_2024_dans_la_Seine-Maritime,63998.0,62670.0,97.03,94.97,1553,2534.0,2.35,3.84,408.0,785.0,0.62,1.19,65959,65989.0,100.0,100.0,29474,29459.0,30.88,30.86,95433,95448.0,69.12,69.14,1
75-7509,75,Paris,7509,9ème circonscription,Douglas Potier,douglas potier,RN,RN,Rassemblement national,Rassemblement national,28528.0,44.58,31122.0,49.66,https://fr.wikipedia.org/wiki/%C3%89lections_l%C3%A9gislatives_de_2024_dans_la_Seine-Maritime,63998.0,62670.0,97.03,94.97,1553,2534.0,2.35,3.84,408.0,785.0,0.62,1.19,65959,65989.0,100.0,100.0,29474,29459.0,30.88,30.86,95433,95448.0,69.12,69.14,2
75-7510,75,Paris,7510,10ème circonscription,Robert Le Bourgeois,robert le bourgeois,RN,RN,Rassemblement national,Rassemblement national,34431.0,45.29,38606.0,51.67,https://fr.wikipedia.org/wiki/%C3%89lections_l%C3%A9gislatives_de_2024_dans_la_Seine-Maritime,76018.0,74721.0,97.06,95.13,1694,2971.0,2.16,3.78,607.0,853.0,0.78,1.09,78319,78545.0,100.0,100.0,32566,32342.0,29.37,29.17,110885,110887.0,70.63,70.83,1
75-7510,75,Paris,7510,10ème circonscription,Xavier Batut,xavier batut,HOR (ENS),HOR,Horizons,Horizons,19420.0,25.55,36115.0,48.33,https://fr.wikipedia.org/wiki/%C3%89lections_l%C3%A9gislatives_de_2024_dans_la_Seine-Maritime,76018.0,74721.0,97.06,95.13,1694,2971.0,2.16,3.78,607.0,853.0,0.78,1.09,78319,78545.0,100.0,100.0,32566,32342.0,29.37,29.17,110885,110887.0,70.63,70.83,2
76-7601,76,Seine-Maritime,7601,1ère circonscription,Florence Hérouin-Léautey,florence herouin leautey,PS (NFP),UG,Autre NFP,Autre NFP,20040.0,44.44,22790.0,51.23,https://fr.wikipedia.org/wiki/%C3%89lections_l%C3%A9gislatives_de_2024_dans_la_Seine-Maritime,45095.0,44489.0,98.27,97.89,585,709.0,1.27,1.56,208.0,248.0,0.45,0.55,45888,45446.0,100.0,100.0,20713,21175.0,31.1,31.78,66601,66621.0,68.9,68.22,1
76-7601,76,Seine-Maritime,7601,1ère circonscription,Damien Adam,damien adam,RE (ENS),ENS,Ensemble,Ensemble,12456.0,27.62,12690.0,28.52,https://fr.wikipedia.org/wiki/%C3%89lections_l%C3%A9gislatives_de_2024_dans_la_Seine-Maritime,45095.0,44489.0,98.27,97.89,585,709.0,1.27,1.56,208.0,248.0,0.45,0.55,45888,45446.0,100.0,100.0,20713,21175.0,31.1,31.78,66601,66621.0,68.9,68.22,2
76-7601,76,Seine-Maritime,7601,1ère circonscription,Grégoire Houdan,gregoire houdan,RN,RN,Rassemblement national,Rassemblement national,8567.0,19.0,9009.0,20.25,https://fr.wikipedia.org/wiki/%C3%89lections_l%C3%A9gislatives_de_2024_dans_la_Seine-Maritime,45095.0,44489.0,98.27,97.89,585,709.0,1.27,1.56,208.0,248.0,0.45,0.55,45888,45446.0,100.0,100.0,20713,21175.0,31.1,31.78,66601,66621.0,68.9,68.22,3
76-7602,76,Seine-Maritime,7602,2ème circonscription,Annie Vidal,annie vidal,RE (ENS),ENS,Ensemble,Ensemble,18996.0,27.73,39754.0,59.92,https://fr.wikipedia.org/wiki/%C3%89lections_l%C3%A9gislatives_de_2024_dans_la_Seine-Maritime,68499.0,66348.0,97.65,95.22,1266,2679.0,1.8,3.84,386.0,655.0,0.55,0.94,70151,69682.0,100.0,100.0,25625,26095.0,26.76,27.25,95776,95777.0,73.24,72.75,1
76-7602,76,Seine-Maritime,7602,2ème circonscription,Vanessa Lancelot,vanessa lancelot,RN,RN,Rassemblement national,Rassemblement national,23135.0,33.77,26594.0,40.08,https://fr.wikipedia.org/wiki/%C3%89lections_l%C3%A9gislatives_de_2024_dans_la_Seine-Maritime,68499.0,66348.0,97.65,95.22,1266,2679.0,1.8,3.84,386.0,655.0,0.55,0.94,70151,69682.0,100.0,100.0,25625,26095.0,26.76,27.25,95776,95777.0,73.24,72.75,2
76-7603,76,Seine-Maritime,7603,3ème circonscription,Édouard Bénard,edouard benard,PCF (NFP),UG,PCF / NFP,PCF / NFP,21000.0,48.64,27329.0,66.88,https://fr.wikipedia.org/wiki/%C3%89lections_l%C3%A9gislatives_de_2024_dans_la_Seine-Maritime,43173.0,40862.0,97.56,93.52,781,2224.0,1.76,5.09,299.0,608.0,0.68,1.39,44253,43694.0,100.0,100.0,26370,26939.0,37.34,38.14,70623,70633.0,62.66,61.86,1
76-7603,76,Seine-Maritime,7603,3ème circonscription,Pauline Daniel,pauline daniel,RN,RN,Rassemblement national,Rassemblement national,12194.0,28.24,13533.0,33.12,https://fr.wikipedia.org/wiki/%C3%89lections_l%C3%A9gislatives_de_2024_dans_la_Seine-Maritime,43173.0,40862.0,97.56,93.52,781,2224.0,1.76,5.09,299.0,608.0,0.68,1.39,44253,43694.0,100.0,100.0,26370,26939.0,37.34,38.14,70623,70633.0,62.66,61.86,2
76-7604,76,Seine-Maritime,7604,4ème circonscription,Alma Dufour,alma dufour,LFI (NFP),UG,LFI / NFP,LFI / NFP,17335.0,32.65,26194.0,52.51,https://fr.wikipedia.org/wiki/%C3%89lections_l%C3%A9gislatives_de_2024_dans_la_Seine-Maritime,53091.0,49887.0,97.13,91.21,1146,3764.0,2.1,6.88,420.0,1041.0,0.77,1.9,54657,54692.0,100.0,100.0,31630,31537.0,36.66,36.57,86287,86229.0,63.34,63.43,1
76-7604,76,Seine-Maritime,7604,4ème circonscription,Guillaume Pennelle,guillaume pennelle,RN,RN,Rassemblement national,Rassemblement national,20748.0,39.08,23693.0,47.49,https://fr.wikipedia.org/wiki/%C3%89lections_l%C3%A9gislatives_de_2024_dans_la_Seine-Maritime,53091.0,49887.0,97.13,91.21,1146,3764.0,2.1,6.88,420.0,1041.0,0.77,1.9,54657,54692.0,100.0,100.0,31630,31537.0,36.66,36.57,86287,86229.0,63.34,63.43,2
76-7605,76,Seine-Maritime,7605,5ème circonscription,Gérard Leseul,gerard leseul,PS (NFP),UG,Autre NFP,Autre NFP,21281.0,33.36,31994.0,51.68,https://fr.wikipedia.org/wiki/%C3%89lections_l%C3%A9gislatives_de_2024_dans_la_Seine-Maritime,63789.0,61902.0,97.67,94.32,1156,2955.0,1.77,4.5,367.0,771.0,0.56,1.17,65312,65628.0,100.0,100.0,29562,29279.0,31.16,30.85,94874,94907.0,68.84,69.15,1
76-7605,76,Seine-Maritime,7605,5ème circonscription,Jean-Cyril Montier,jean cyril montier,RN,RN,Rassemblement national,Rassemblement national,26406.0,41.4,29908.0,48.32,https://fr.wikipedia.org/wiki/%C3%89lections_l%C3%A9gislatives_de_2024_dans_la_Seine-Maritime,63789.0,61902.0,97.67,94.32,1156,2955.0,1.77,4.5,367.0,771.0,0.56,1.17,65312,65628.0,100.0,100.0,29562,29279.0,31.16,30.85,94874,94907.0,68.84,69.15,2
76-7606,76,Seine-Maritime,7606,6ème circonscription,Patrice Martin,patrice martin,RN,RN,Rassemblement national,Rassemblement national,32235.0,44.91,36281.0,51.21,https://fr.wikipedia.org/wiki/%C3%89lections_l%C3%A9gislatives_de_2024_dans_la_Seine-Maritime,71784.0,70852.0,97.37,94.44,1436,3287.0,1.95,4.38,500.0,884.0,0.68,1.18,73720,75023.0,100.0,100.0,35541,34252.0,32.53,31.34,109261,109275.0,67.47,68.66,1
76-7606,76,Seine-Maritime,7606,6ème circonscription,Sébastien Jumel,sebastien jumel,PCF (NFP),UG,PCF / NFP,PCF / NFP,24763.0,34.5,34571.0,48.79,https://fr.wikipedia.org/wiki/%C3%89lections_l%C3%A9gislatives_de_2024_dans_la_Seine-Maritime,71784.0,70852.0,97.37,94.44,1436,3287.0,1.95,4.38,500.0,884.0,0.68,1.18,73720,75023.0,100.0,100.0,35541,34252.0,32.53,31.34,109261,109275.0,67.47,68.66,2
76-7607,76,Seine-Maritime,7607,7ème circonscription,Agnès Firmin-Le Bodo,agnes firmin le bodo,HOR (ENS),HOR,Horizons,Horizons,19734.0,34.83,36050.0,66.18,https://fr.wikipedia.org/wiki/%C3%89lections_l%C3%A9gislatives_de_2024_dans_la_Seine-Maritime,56651.0,54473.0,97.36,94.35,1419,3009.0,2.44,5.21,119.0,253.0,0.2,0.44,58189,57735.0,100.0,100.0,27344,27809.0,31.97,32.51,85533,85544.0,68.03,67.49,1
76-7607,76,Seine-Maritime,7607,7ème circonscription,Anaïs Thomas,anais thomas,RN,RN,Rassemblement national,Rassemblement national,16221.0,28.63,18423.0,33.82,https://fr.wikipedia.org/wiki/%C3%89lections_l%C3%A9gislatives_de_2024_dans_la_Seine-Maritime,56651.0,54473.0,97.36,94.35,1419,3009.0,2.44,5.21,119.0,253.0,0.2,0.44,58189,57735.0,100.0,100.0,27344,27809.0,31.97,32.51,85533,85544.0,68.03,67.49,2
76-7608,76,Seine-Maritime,7608,8ème circonscription,Jean-Paul Lecoq,jean paul lecoq,PCF (NFP),UG,PCF / NFP,PCF / NFP,16205.0,42.81,23040.0,63.08,https://fr.wikipedia.org/wiki/%C3%89lections_l%C3%A9gislatives_de_2024_dans_la_Seine-Maritime,37849.0,36525.0,97.44,93.69,955,2373.0,2.46,6.09,41.0,86.0,0.11,0.22,38845,38984.0,100.0,100.0,25631,25507.0,39.75,39.55,64476,64491.0,60.25,60.45,1
76-7608,76,Seine-Maritime,7608,8ème circonscription,Isabelle Le Coz,isabelle le coz,RN,RN,Rassemblement national,Rassemblement national,11855.0,31.32,13485.0,36.92,https://fr.wikipedia.org/wiki/%C3%89lections_l%C3%A9gislatives_de_2024_dans_la_Seine-Maritime,37849.0,36525.0,97.44,93.69,955,2373.0,2.46,6.09,41.0,86.0,0.11,0.22,38845,38984.0,100.0,100.0,25631,25507.0,39.75,39.55,64476,64491.0,60.25,60.45,2
76-7609,76,Seine-Maritime,7609,9ème circonscription,Marie-Agnès Poussier-Winsback,marie agnes poussier winsback,HOR (ENS),HOR,Horizons,Horizons,20528.0,32.08,31548.0,50.34,https://fr.wikipedia.org/wiki/%C3%89lections_l%C3%A9gislatives_de_2024_dans_la_Seine-Maritime,63998.0,62670.0,97.03,94.97,1553,2534.0,2.35,3.84,408.0,785.0,0.62,1.19,65959,65989.0,100.0,100.0,29474,29459.0,30.88,30.86,95433,95448.0,69.12,69.14,1
76-7609,76,Seine-Maritime,7609,9ème circonscription,Douglas Potier,douglas potier,RN,RN,Rassemblement national,Rassemblement national,28528.0,44.58,31122.0,49.66,https://fr.wikipedia.org/wiki/%C3%89lections_l%C3%A9gislatives_de_2024_dans_la_Seine-Maritime,63998.0,62670.0,97.03,94.97,1553,2534.0,2.35,3.84,408.0,785.0,0.62,1.19,65959,65989.0,100.0,100.0,29474,29459.0,30.88,30.86,95433,95448.0,69.12,69.14,2
76-7610,76,Seine-Maritime,7610,10ème circonscription,Robert Le Bourgeois,robert le bourgeois,RN,RN,Rassemblement national,Rassemblement national,34431.0,45.29,38606.0,51.67,https://fr.wikipedia.org/wiki/%C3%89lections_l%C3%A9gislatives_de_2024_dans_la_Seine-Maritime,76018.0,74721.0,97.06,95.13,1694,2971.0,2.16,3.78,607.0,853.0,0.78,1.09,78319,78545.0,100.0,100.0,32566,32342.0,29.37,29.17,110885,110887.0,70.63,70.83,1
76-7610,76,Seine-Maritime,7610,10ème circonscription,Xavier Batut,xavier batut,HOR (ENS),HOR,Horizons,Horizons,19420.0,25.55,36115.0,48.33,https://fr.wikipedia.org/wiki/%C3%89lections_l%C3%A9gislatives_de_2024_dans_la_Seine-Maritime,76018.0,74721.0,97.06,95.13,1694,2971.0,2.16,3.78,607.0,853.0,0.78,1.09,78319,78545.0,100.0,100.0,32566,32342.0,29.37,29.17,110885,110887.0,70.63,70.83,2
77-7701,77,Seine-et-Marne,7701,1ère circonscription,Suffrages exprimés,suffrages exprimes,Suffrages exprimés,SUFFRAGES EXPRIMÉS,SUFFRAGES EXPRIMÉS,SUFFRAGES EXPRIMÉS,60315.0,98.41,58426.0,97.71,https://fr.wikipedia.org/wiki/%C3%89lections_l%C3%A9gislatives_de_2024_dans_les_Yvelines,,,,,744,1092.0,1.21,1.83,231.0,278.0,0.38,0.46,61290,59796.0,100.0,100.0,22918,24418.0,27.22,29.0,84208,84214.0,72.78,71.0,1
77-7701,77,Seine-et-Marne,7701,1ère circonscription,"Charles Rodwell[21],[22]",charles rodwell 21 22,RE - Agir (ENS),ENS,Ensemble,Ensemble,20235.0,33.55,27403.0,46.9,https://fr.wikipedia.org/wiki/%C3%89lections_l%C3%A9gislatives_de_2024_dans_les_Yvelines,,,,,744,1092.0,1.21,1.83,231.0,278.0,0.38,0.46,61290,59796.0,100.0,100.0,22918,24418.0,27.22,29.0,84208,84214.0,72.78,71.0,2
77-7701,77,Seine-et-Marne,7701,1ère circonscription,Sébastien Ramage,sebastien ramage,LFI (NFP),UG,LFI / NFP,LFI / NFP,17073.0,28.31,16828.0,28.8,https://fr.wikipedia.org/wiki/%C3%89lections_l%C3%A9gislatives_de_2024_dans_les_Yvelines,,,,,744,1092.0,1.21,1.83,231.0,278.0,0.38,0.46,61290,59796.0,100.0,100.0,22918,24418.0,27.22,29.0,84208,84214.0,72.78,71.0,3
77-7701,77,Seine-et-Marne,7701,1ère circonscription,Anne Jacqmin,anne jacqmin,RN,RN,Rassemblement national,Rassemblement national,11686.0,19.37,14195.0,24.3,https://fr.wikipedia.org/wiki/%C3%89lections_l%C3%A9gislatives_de_2024_dans_les_Yvelines,,,,,744,1092.0,1.21,1.83,231.0,278.0,0.38,0.46,61290,59796.0,100.0,100.0,22918,24418.0,27.22,29.0,84208,84214.0,72.78,71.0,4
77-7702,77,Seine-et-Marne,7702,2ème circonscription,Suffrages exprimés,suffrages exprimes,Suffrages exprimés,SUFFRAGES EXPRIMÉS,SUFFRAGES EXPRIMÉS,SUFFRAGES EXPRIMÉS,64265.0,98.5,59990.0,95.39,https://fr.wikipedia.org/wiki/%C3%89lections_l%C3%A9gislatives_de_2024_dans_les_Yvelines,,,,,701,2318.0,1.07,3.69,275.0,583.0,0.42,0.93,65241,62891.0,100.0,100.0,21738,24100.0,24.99,27.7,86979,86991.0,75.01,72.3,1
77-7702,77,Seine-et-Marne,7702,2ème circonscription,Jean-Noël Barrot,jean noel barrot,MoDem (ENS),ENS,Ensemble,Ensemble,22500.0,35.01,43607.0,72.69,https://fr.wikipedia.org/wiki/%C3%89lections_l%C3%A9gislatives_de_2024_dans_les_Yvelines,,,,,701,2318.0,1.07,3.69,275.0,583.0,0.42,0.93,65241,62891.0,100.0,100.0,21738,24100.0,24.99,27.7,86979,86991.0,75.01,72.3,2
77-7702,77,Seine-et-Marne,7702,2ème circonscription,Gaëtan Brault,gaetan brault,RN,RN,Rassemblement national,Rassemblement national,14013.0,21.81,16383.0,27.31,https://fr.wikipedia.org/wiki/%C3%89lections_l%C3%A9gislatives_de_2024_dans_les_Yvelines,,,,,701,2318.0,1.07,3.69,275.0,583.0,0.42,0.93,65241,62891.0,100.0,100.0,21738,24100.0,24.99,27.7,86979,86991.0,75.01,72.3,3
77-7703,77,Seine-et-Marne,7703,3ème circonscription,Suffrages exprimés,suffrages exprimes,Suffrages exprimés,SUFFRAGES EXPRIMÉS,SUFFRAGES EXPRIMÉS,SUFFRAGES EXPRIMÉS,60221.0,98.63,56472.0,95.99,https://fr.wikipedia.org/wiki/%C3%89lections_l%C3%A9gislatives_de_2024_dans_les_Yvelines,,,,,592,1876.0,0.97,3.19,242.0,485.0,0.4,0.82,61055,58833.0,100.0,100.0,22466,24705.0,26.9,29.57,83521,83538.0,73.1,70.43,1
77-7703,77,Seine-et-Marne,7703,3ème circonscription,Béatrice Piron,beatrice piron,RE (ENS),ENS,Ensemble,Ensemble,20768.0,34.49,38824.0,68.75,https://fr.wikipedia.org/wiki/%C3%89lections_l%C3%A9gislatives_de_2024_dans_les_Yvelines,,,,,592,1876.0,0.97,3.19,242.0,485.0,0.4,0.82,61055,58833.0,100.0,100.0,22466,24705.0,26.9,29.57,83521,83538.0,73.1,70.43,2
77-7703,77,Seine-et-Marne,7703,3ème circonscription,Valentin Salvino[29],valentin salvino 29,RAD (RN),UXD,Union de l'extrême droite,Union de l'extrême droite,13725.0,22.79,17648.0,31.25,https://fr.wikipedia.org/wiki/%C3%89lections_l%C3%A9gislatives_de_2024_dans_les_Yvelines,,,,,592,1876.0,0.97,3.19,242.0,485.0,0.4,0.82,61055,58833.0,100.0,100.0,22466,24705.0,26.9,29.57,83521,83538.0,73.1,70.43,3
77-7704,77,Seine-et-Marne,7704,4ème circonscription,Suffrages exprimés,suffrages exprimes,Suffrages exprimés,SUFFRAGES EXPRIMÉS,SUFFRAGES EXPRIMÉS,SUFFRAGES EXPRIMÉS,58027.0,98.14,55858.0,97.75,https://fr.wikipedia.org/wiki/%C3%89lections_l%C3%A9gislatives_de_2024_dans_les_Yvelines,,,,,833,998.0,1.03,1.75,269.0,286.0,0.45,0.5,59129,57142.0,100.0,100.0,21729,23739.0,26.87,29.35,80858,80881.0,73.13,70.65,1
77-7704,77,Seine-et-Marne,7704,4ème circonscription,Marie Lebec,marie lebec,RE (ENS),ENS,Ensemble,Ensemble,23932.0,41.24,28306.0,50.67,https://fr.wikipedia.org/wiki/%C3%89lections_l%C3%A9gislatives_de_2024_dans_les_Yvelines,,,,,833,998.0,1.03,1.75,269.0,286.0,0.45,0.5,59129,57142.0,100.0,100.0,21729,23739.0,26.87,29.35,80858,80881.0,73.13,70.65,2
77-7704,77,Seine-et-Marne,7704,4ème circonscription,Céline Bourdon,celine bourdon,LFI (NFP),UG,LFI / NFP,LFI / NFP,15787.0,27.21,15066.0,26.97,https://fr.wikipedia.org/wiki/%C3%89lections_l%C3%A9gislatives_de_2024_dans_les_Yvelines,,,,,833,998.0,1.03,1.75,269.0,286.0,0.45,0.5,59129,57142.0,100.0,100.0,21729,23739.0,26.87,29.35,80858,80881.0,73.13,70.65,3
77-7704,77,Seine-et-Marne,7704,4ème circonscription,Jean-François Mourtoux[31],jean francois mourtoux 31,RAD (RN),UXD,Union de l'extrême droite,Union de l'extrême droite,11599.0,19.99,12486.0,22.35,https://fr.wikipedia.org/wiki/%C3%89lections_l%C3%A9gislatives_de_2024_dans_les_Yvelines,,,,,833,998.0,1.03,1.75,269.0,286.0,0.45,0.5,59129,57142.0,100.0,100.0,21729,23739.0,26.87,29.35,80858,80881.0,73.13,70.65,4
77-7705,77,Seine-et-Marne,7705,5ème circonscription,Suffrages exprimés,suffrages exprimes,Suffrages exprimés,SUFFRAGES EXPRIMÉS,SUFFRAGES EXPRIMÉS,SUFFRAGES EXPRIMÉS,53451.0,97.83,51727.0,98.03,https://fr.wikipedia.org/wiki/%C3%89lections_l%C3%A9gislatives_de_2024_dans_les_Yvelines,,,,,949,812.0,1.74,1.54,235.0,226.0,0.43,0.43,54635,52765.0,100.0,100.0,22131,24020.0,28.83,31.28,76766,76785.0,71.17,68.72,1
77-7705,77,Seine-et-Marne,7705,5ème circonscription,Yaël Braun-Pivet,yael braun pivet,RE (ENS),ENS,Ensemble,Ensemble,22874.0,42.79,25400.0,49.1,https://fr.wikipedia.org/wiki/%C3%89lections_l%C3%A9gislatives_de_2024_dans_les_Yvelines,,,,,949,812.0,1.74,1.54,235.0,226.0,0.43,0.43,54635,52765.0,100.0,100.0,22131,24020.0,28.83,31.28,76766,76785.0,71.17,68.72,2
77-7705,77,Seine-et-Marne,7705,5ème circonscription,Yassine Benyettou,yassine benyettou,LFI (NFP),UG,LFI / NFP,LFI / NFP,14600.0,27.31,14564.0,28.16,https://fr.wikipedia.org/wiki/%C3%89lections_l%C3%A9gislatives_de_2024_dans_les_Yvelines,,,,,949,812.0,1.74,1.54,235.0,226.0,0.43,0.43,54635,52765.0,100.0,100.0,22131,24020.0,28.83,31.28,76766,76785.0,71.17,68.72,3
77-7705,77,Seine-et-Marne,7705,5ème circonscription,Jacques Myard[33],jacques myard 33,RAD (RN),DVD,Divers droite,Divers droite,12241.0,22.9,11763.0,22.74,https://fr.wikipedia.org/wiki/%C3%89lections_l%C3%A9gislatives_de_2024_dans_les_Yvelines,,,,,949,812.0,1.74,1.54,235.0,226.0,0.43,0.43,54635,52765.0,100.0,100.0,22131,24020.0,28.83,31.28,76766,76785.0,71.17,68.72,4
77-7706,77,Seine-et-Marne,7706,6ème circonscription,Suffrages exprimés,suffrages exprimes,Suffrages exprimés,SUFFRAGES EXPRIMÉS,SUFFRAGES EXPRIMÉS,SUFFRAGES EXPRIMÉS,52726.0,98.4,50852.0,97.57,https://fr.wikipedia.org/wiki/%C3%89lections_l%C3%A9gislatives_de_2024_dans_les_Yvelines,,,,,623,955.0,1.16,1.83,233.0,311.0,0.43,0.6,53582,52118.0,100.0,100.0,23514,25004.0,30.5,32.42,77096,77122.0,69.5,67.58,1
77-7706,77,Seine-et-Marne,7706,6ème circonscription,Natalia Pouzyreff,natalia pouzyreff,RE (ENS),ENS,Ensemble,Ensemble,20212.0,38.33,24322.0,47.83,https://fr.wikipedia.org/wiki/%C3%89lections_l%C3%A9gislatives_de_2024_dans_les_Yvelines,,,,,623,955.0,1.16,1.83,233.0,311.0,0.43,0.6,53582,52118.0,100.0,100.0,23514,25004.0,30.5,32.42,77096,77122.0,69.5,67.58,2
77-7706,77,Seine-et-Marne,7706,6ème circonscription,Mélinda Sauger,melinda sauger,POI (NFP),UG,Autre NFP,Autre NFP,14247.0,27.02,14837.0,29.18,https://fr.wikipedia.org/wiki/%C3%89lections_l%C3%A9gislatives_de_2024_dans_les_Yvelines,,,,,623,955.0,1.16,1.83,233.0,311.0,0.43,0.6,53582,52118.0,100.0,100.0,23514,25004.0,30.5,32.42,77096,77122.0,69.5,67.58,3
77-7706,77,Seine-et-Marne,7706,6ème circonscription,Sophie Lelandais,sophie lelandais,RN,RN,Rassemblement national,Rassemblement national,10781.0,20.45,11693.0,22.99,https://fr.wikipedia.org/wiki/%C3%89lections_l%C3%A9gislatives_de_2024_dans_les_Yvelines,,,,,623,955.0,1.16,1.83,233.0,311.0,0.43,0.6,53582,52118.0,100.0,100.0,23514,25004.0,30.5,32.42,77096,77122.0,69.5,67.58,4
77-7707,77,Seine-et-Marne,7707,7ème circonscription,Suffrages exprimés,suffrages exprimes,Suffrages exprimés,SUFFRAGES EXPRIMÉS,SUFFRAGES EXPRIMÉS,SUFFRAGES EXPRIMÉS,54231.0,97.88,53758.0,97.71,https://fr.wikipedia.org/wiki/%C3%89lections_l%C3%A9gislatives_de_2024_dans_les_Yvelines,,,,,893,989.0,1.61,1.8,283.0,272.0,0.51,0.49,55407,55019.0,100.0,100.0,26206,26616.0,32.11,32.6,81613,81635.0,67.89,67.4,1
77-7707,77,Seine-et-Marne,7707,7ème circonscription,Aurélien Rousseau,aurelien rousseau,PP (NFP),UG,Autre NFP,Autre NFP,18810.0,34.68,21043.0,39.14,https://fr.wikipedia.org/wiki/%C3%89lections_l%C3%A9gislatives_de_2024_dans_les_Yvelines,,,,,893,989.0,1.61,1.8,283.0,272.0,0.51,0.49,55407,55019.0,100.0,100.0,26206,26616.0,32.11,32.6,81613,81635.0,67.89,67.4,2
77-7707,77,Seine-et-Marne,7707,7ème circonscription,Nadia Hai,nadia hai,RE (ENS),ENS,Ensemble,Ensemble,15903.0,29.32,17711.0,32.95,https://fr.wikipedia.org/wiki/%C3%89lections_l%C3%A9gislatives_de_2024_dans_les_Yvelines,,,,,893,989.0,1.61,1.8,283.0,272.0,0.51,0.49,55407,55019.0,100.0,100.0,26206,26616.0,32.11,32.6,81613,81635.0,67.89,67.4,3
77-7707,77,Seine-et-Marne,7707,7ème circonscription,Babette de Rozières,babette de rozieres,RAD (RN),UXD,Union de l'extrême droite,Union de l'extrême droite,13987.0,25.79,15004.0,27.91,https://fr.wikipedia.org/wiki/%C3%89lections_l%C3%A9gislatives_de_2024_dans_les_Yvelines,,,,,893,989.0,1.61,1.8,283.0,272.0,0.51,0.49,55407,55019.0,100.0,100.0,26206,26616.0,32.11,32.6,81613,81635.0,67.89,67.4,4
77-7708,77,Seine-et-Marne,7708,8ème circonscription,Suffrages exprimés,suffrages exprimes,Suffrages exprimés,SUFFRAGES EXPRIMÉS,SUFFRAGES EXPRIMÉS,SUFFRAGES EXPRIMÉS,45452.0,97.43,43749.0,93.87,https://fr.wikipedia.org/wiki/%C3%89lections_l%C3%A9gislatives_de_2024_dans_les_Yvelines,,,,,810,2238.0,1.74,4.8,389.0,618.0,0.83,1.33,46651,46605.0,100.0,100.0,28696,28760.0,38.09,38.16,75347,75365.0,61.91,61.84,1
77-7708,77,Seine-et-Marne,7708,8ème circonscription,Benjamin Lucas,benjamin lucas,G.s (NFP),UG,Autre NFP,Autre NFP,20416.0,44.92,27801.0,63.55,https://fr.wikipedia.org/wiki/%C3%89lections_l%C3%A9gislatives_de_2024_dans_les_Yvelines,,,,,810,2238.0,1.74,4.8,389.0,618.0,0.83,1.33,46651,46605.0,100.0,100.0,28696,28760.0,38.09,38.16,75347,75365.0,61.91,61.84,2
77-7708,77,Seine-et-Marne,7708,8ème circonscription,Cyril Nauth,cyril nauth,RN,RN,Rassemblement national,Rassemblement national,14076.0,30.97,15948.0,36.45,https://fr.wikipedia.org/wiki/%C3%89lections_l%C3%A9gislatives_de_2024_dans_les_Yvelines,,,,,810,2238.0,1.74,4.8,389.0,618.0,0.83,1.33,46651,46605.0,100.0,100.0,28696,28760.0,38.09,38.16,75347,75365.0,61.91,61.84,3
77-7709,77,Seine-et-Marne,7709,9ème circonscription,Suffrages exprimés,suffrages exprimes,Suffrages exprimés,SUFFRAGES EXPRIMÉS,SUFFRAGES EXPRIMÉS,SUFFRAGES EXPRIMÉS,62493.0,97.78,57519.0,90.71,https://fr.wikipedia.org/wiki/%C3%89lections_l%C3%A9gislatives_de_2024_dans_les_Yvelines,,,,,1037,4863.0,1.62,7.67,381.0,1025.0,0.6,1.62,63911,63407.0,100.0,100.0,30212,30740.0,32.1,32.65,94123,94147.0,67.9,67.35,1
77-7709,77,Seine-et-Marne,7709,9ème circonscription,Dieynaba Diop,dieynaba diop,PS (NFP),UG,Autre NFP,Autre NFP,18520.0,29.64,31042.0,53.97,https://fr.wikipedia.org/wiki/%C3%89lections_l%C3%A9gislatives_de_2024_dans_les_Yvelines,,,,,1037,4863.0,1.62,7.67,381.0,1025.0,0.6,1.62,63911,63407.0,100.0,100.0,30212,30740.0,32.1,32.65,94123,94147.0,67.9,67.35,2
77-7709,77,Seine-et-Marne,7709,9ème circonscription,Laurent Morin,laurent morin,RN,RN,Rassemblement national,Rassemblement national,21551.0,34.49,26477.0,46.03,https://fr.wikipedia.org/wiki/%C3%89lections_l%C3%A9gislatives_de_2024_dans_les_Yvelines,,,,,1037,4863.0,1.62,7.67,381.0,1025.0,0.6,1.62,63911,63407.0,100.0,100.0,30212,30740.0,32.1,32.65,94123,94147.0,67.9,67.35,3
77-7710,77,Seine-et-Marne,7710,10ème circonscription,Suffrages exprimés,suffrages exprimes,Suffrages exprimés,SUFFRAGES EXPRIMÉS,SUFFRAGES EXPRIMÉS,SUFFRAGES EXPRIMÉS,66593.0,98.23,65338.0,97.43,https://fr.wikipedia.org/wiki/%C3%89lections_l%C3%A9gislatives_de_2024_dans_les_Yvelines,,,,,872,1338.0,1.29,2.0,326.0,388.0,0.48,0.58,67791,67064.0,100.0,100.0,24689,25440.0,26.7,27.5,92480,92504.0,73.3,72.5,1
77-7710,77,Seine-et-Marne,7710,10ème circonscription,Aurore Bergé,aurore berge,RE (ENS),ENS,Ensemble,Ensemble,22367.0,33.59,32048.0,49.05,https://fr.wikipedia.org/wiki/%C3%89lections_l%C3%A9gislatives_de_2024_dans_les_Yvelines,,,,,872,1338.0,1.29,2.0,326.0,388.0,0.48,0.58,67791,67064.0,100.0,100.0,24689,25440.0,26.7,27.5,92480,92504.0,73.3,72.5,2
77-7710,77,Seine-et-Marne,7710,10ème circonscription,Thomas du Chalard,thomas du chalard,RN,RN,Rassemblement national,Rassemblement national,18795.0,28.22,21035.0,32.19,https://fr.wikipedia.org/wiki/%C3%89lections_l%C3%A9gislatives_de_2024_dans_les_Yvelines,,,,,872,1338.0,1.29,2.0,326.0,388.0,0.48,0.58,67791,67064.0,100.0,100.0,24689,25440.0,26.7,27.5,92480,92504.0,73.3,72.5,3
77-7710,77,Seine-et-Marne,7710,10ème circonscription,Cédric Briolais,cedric briolais,LFI (NFP),UG,LFI / NFP,LFI / NFP,14918.0,22.4,12255.0,18.76,https://fr.wikipedia.org/wiki/%C3%89lections_l%C3%A9gislatives_de_2024_dans_les_Yvelines,,,,,872,1338.0,1.29,2.0,326.0,388.0,0.48,0.58,67791,67064.0,100.0,100.0,24689,25440.0,26.7,27.5,92480,92504.0,73.3,72.5,4
77-7711,77,Seine-et-Marne,7711,11ème circonscription,Suffrages exprimés,suffrages exprimes,Suffrages exprimés,SUFFRAGES EXPRIMÉS,SUFFRAGES EXPRIMÉS,SUFFRAGES EXPRIMÉS,47011.0,97.68,44210.0,94.85,https://fr.wikipedia.org/wiki/%C3%89lections_l%C3%A9gislatives_de_2024_dans_les_Yvelines,,,,,816,1840.0,1.7,3.95,300.0,560.0,0.62,1.2,48127,46610.0,100.0,100.0,22503,24041.0,31.86,34.03,70630,70651.0,68.14,65.97,1
77-7711,77,Seine-et-Marne,7711,11ème circonscription,"Laurent Mazaury[47],[48]",laurent mazaury 47 48,UDI (UDC - ENS),UDI,UDI,UDI,13752.0,29.25,22175.0,50.16,https://fr.wikipedia.org/wiki/%C3%89lections_l%C3%A9gislatives_de_2024_dans_les_Yvelines,,,,,816,1840.0,1.7,3.95,300.0,560.0,0.62,1.2,48127,46610.0,100.0,100.0,22503,24041.0,31.86,34.03,70630,70651.0,68.14,65.97,2
77-7711,77,Seine-et-Marne,7711,11ème circonscription,William Martinet,william martinet,LFI (NFP),UG,LFI / NFP,LFI / NFP,20395.0,43.38,22035.0,49.84,https://fr.wikipedia.org/wiki/%C3%89lections_l%C3%A9gislatives_de_2024_dans_les_Yvelines,,,,,816,1840.0,1.7,3.95,300.0,560.0,0.62,1.2,48127,46610.0,100.0,100.0,22503,24041.0,31.86,34.03,70630,70651.0,68.14,65.97,3
77-7712,77,Seine-et-Marne,7712,12ème circonscription,Suffrages exprimés,suffrages exprimes,Suffrages exprimés,SUFFRAGES EXPRIMÉS,SUFFRAGES EXPRIMÉS,SUFFRAGES EXPRIMÉS,50577.0,97.89,49820.0,98.16,https://fr.wikipedia.org/wiki/%C3%89lections_l%C3%A9gislatives_de_2024_dans_les_Yvelines,,,,,820,728.0,1.59,1.43,268.0,208.0,0.52,0.41,51665,50756.0,100.0,100.0,20675,21597.0,28.58,29.85,72340,72353.0,71.42,70.15,1
77-7712,77,Seine-et-Marne,7712,12ème circonscription,Karl Olive,karl olive,RE (ENS),ENS,Ensemble,Ensemble,20610.0,40.75,22452.0,45.07,https://fr.wikipedia.org/wiki/%C3%89lections_l%C3%A9gislatives_de_2024_dans_les_Yvelines,,,,,820,728.0,1.59,1.43,268.0,208.0,0.52,0.41,51665,50756.0,100.0,100.0,20675,21597.0,28.58,29.85,72340,72353.0,71.42,70.15,2
77-7712,77,Seine-et-Marne,7712,12ème circonscription,Christophe Massiaux,christophe massiaux,LÉ (NFP),UG,Autre NFP,Autre NFP,15333.0,30.32,15375.0,30.86,https://fr.wikipedia.org/wiki/%C3%89lections_l%C3%A9gislatives_de_2024_dans_les_Yvelines,,,,,820,728.0,1.59,1.43,268.0,208.0,0.52,0.41,51665,50756.0,100.0,100.0,20675,21597.0,28.58,29.85,72340,72353.0,71.42,70.15,3
77-7712,77,Seine-et-Marne,7712,12ème circonscription,Jean-Louis Mettelet,jean louis mettelet,RN,RN,Rassemblement national,Rassemblement national,12585.0,24.88,11993.0,24.07,https://fr.wikipedia.org/wiki/%C3%89lections_l%C3%A9gislatives_de_2024_dans_les_Yvelines,,,,,820,728.0,1.59,1.43,268.0,208.0,0.52,0.41,51665,50756.0,100.0,100.0,20675,21597.0,28.58,29.85,72340,72353.0,71.42,70.15,4
78-7801,78,Yvelines,7801,1ère circonscription,Suffrages exprimés,suffrages exprimes,Suffrages exprimés,SUFFRAGES EXPRIMÉS,SUFFRAGES EXPRIMÉS,SUFFRAGES EXPRIMÉS,60315.0,98.41,58426.0,97.71,https://fr.wikipedia.org/wiki/%C3%89lections_l%C3%A9gislatives_de_2024_dans_les_Yvelines,,,,,744,1092.0,1.21,1.83,231.0,278.0,0.38,0.46,61290,59796.0,100.0,100.0,22918,24418.0,27.22,29.0,84208,84214.0,72.78,71.0,1
78-7801,78,Yvelines,7801,1ère circonscription,"Charles Rodwell[21],[22]",charles rodwell 21 22,RE - Agir (ENS),ENS,Ensemble,Ensemble,20235.0,33.55,27403.0,46.9,https://fr.wikipedia.org/wiki/%C3%89lections_l%C3%A9gislatives_de_2024_dans_les_Yvelines,,,,,744,1092.0,1.21,1.83,231.0,278.0,0.38,0.46,61290,59796.0,100.0,100.0,22918,24418.0,27.22,29.0,84208,84214.0,72.78,71.0,2
78-7801,78,Yvelines,7801,1ère circonscription,Sébastien Ramage,sebastien ramage,LFI (NFP),UG,LFI / NFP,LFI / NFP,17073.0,28.31,16828.0,28.8,https://fr.wikipedia.org/wiki/%C3%89lections_l%C3%A9gislatives_de_2024_dans_les_Yvelines,,,,,744,1092.0,1.21,1.83,231.0,278.0,0.38,0.46,61290,59796.0,100.0,100.0,22918,24418.0,27.22,29.0,84208,84214.0,72.78,71.0,3
78-7801,78,Yvelines,7801,1ère circonscription,Anne Jacqmin,anne jacqmin,RN,RN,Rassemblement national,Rassemblement national,11686.0,19.37,14195.0,24.3,https://fr.wikipedia.org/wiki/%C3%89lections_l%C3%A9gislatives_de_2024_dans_les_Yvelines,,,,,744,1092.0,1.21,1.83,231.0,278.0,0.38,0.46,61290,59796.0,100.0,100.0,22918,24418.0,27.22,29.0,84208,84214.0,72.78,71.0,4
78-7802,78,Yvelines,7802,2ème circonscription,Suffrages exprimés,suffrages exprimes,Suffrages exprimés,SUFFRAGES EXPRIMÉS,SUFFRAGES EXPRIMÉS,SUFFRAGES EXPRIMÉS,64265.0,98.5,59990.0,95.39,https://fr.wikipedia.org/wiki/%C3%89lections_l%C3%A9gislatives_de_2024_dans_les_Yvelines,,,,,701,2318.0,1.07,3.69,275.0,583.0,0.42,0.93,65241,62891.0,100.0,100.0,21738,24100.0,24.99,27.7,86979,86991.0,75.01,72.3,1
78-7802,78,Yvelines,7802,2ème circonscription,Jean-Noël Barrot,jean noel barrot,MoDem (ENS),ENS,Ensemble,Ensemble,22500.0,35.01,43607.0,72.69,https://fr.wikipedia.org/wiki/%C3%89lections_l%C3%A9gislatives_de_2024_dans_les_Yvelines,,,,,701,2318.0,1.07,3.69,275.0,583.0,0.42,0.93,65241,62891.0,100.0,100.0,21738,24100.0,24.99,27.7,86979,86991.0,75.01,72.3,2
78-7802,78,Yvelines,7802,2ème circonscription,Gaëtan Brault,gaetan brault,RN,RN,Rassemblement national,Rassemblement national,14013.0,21.81,16383.0,27.31,https://fr.wikipedia.org/wiki/%C3%89lections_l%C3%A9gislatives_de_2024_dans_les_Yvelines,,,,,701,2318.0,1.07,3.69,275.0,583.0,0.42,0.93,65241,62891.0,100.0,100.0,21738,24100.0,24.99,27.7,86979,86991.0,75.01,72.3,3
78-7803,78,Yvelines,7803,3ème circonscription,Suffrages exprimés,suffrages exprimes,Suffrages exprimés,SUFFRAGES EXPRIMÉS,SUFFRAGES EXPRIMÉS,SUFFRAGES EXPRIMÉS,60221.0,98.63,56472.0,95.99,https://fr.wikipedia.org/wiki/%C3%89lections_l%C3%A9gislatives_de_2024_dans_les_Yvelines,,,,,592,1876.0,0.97,3.19,242.0,485.0,0.4,0.82,61055,58833.0,100.0,100.0,22466,24705.0,26.9,29.57,83521,83538.0,73.1,70.43,1
78-7803,78,Yvelines,7803,3ème circonscription,Béatrice Piron,beatrice piron,RE (ENS),ENS,Ensemble,Ensemble,20768.0,34.49,38824.0,68.75,https://fr.wikipedia.org/wiki/%C3%89lections_l%C3%A9gislatives_de_2024_dans_les_Yvelines,,,,,592,1876.0,0.97,3.19,242.0,485.0,0.4,0.82,61055,58833.0,100.0,100.0,22466,24705.0,26.9,29.57,83521,83538.0,73.1,70.43,2
78-7803,78,Yvelines,7803,3ème circonscription,Valentin Salvino[29],valentin salvino 29,RAD (RN),UXD,Union de l'extrême droite,Union de l'extrême droite,13725.0,22.79,17648.0,31.25,https://fr.wikipedia.org/wiki/%C3%89lections_l%C3%A9gislatives_de_2024_dans_les_Yvelines,,,,,592,1876.0,0.97,3.19,242.0,485.0,0.4,0.82,61055,58833.0,100.0,100.0,22466,24705.0,26.9,29.57,83521,83538.0,73.1,70.43,3
78-7804,78,Yvelines,7804,4ème circonscription,Suffrages exprimés,suffrages exprimes,Suffrages exprimés,SUFFRAGES EXPRIMÉS,SUFFRAGES EXPRIMÉS,SUFFRAGES EXPRIMÉS,58027.0,98.14,55858.0,97.75,https://fr.wikipedia.org/wiki/%C3%89lections_l%C3%A9gislatives_de_2024_dans_les_Yvelines,,,,,833,998.0,1.03,1.75,269.0,286.0,0.45,0.5,59129,57142.0,100.0,100.0,21729,23739.0,26.87,29.35,80858,80881.0,73.13,70.65,1
78-7804,78,Yvelines,7804,4ème circonscription,Marie Lebec,marie lebec,RE (ENS),ENS,Ensemble,Ensemble,23932.0,41.24,28306.0,50.67,https://fr.wikipedia.org/wiki/%C3%89lections_l%C3%A9gislatives_de_2024_dans_les_Yvelines,,,,,833,998.0,1.03,1.75,269.0,286.0,0.45,0.5,59129,57142.0,100.0,100.0,21729,23739.0,26.87,29.35,80858,80881.0,73.13,70.65,2
78-7804,78,Yvelines,7804,4ème circonscription,Céline Bourdon,celine bourdon,LFI (NFP),UG,LFI / NFP,LFI / NFP,15787.0,27.21,15066.0,26.97,https://fr.wikipedia.org/wiki/%C3%89lections_l%C3%A9gislatives_de_2024_dans_les_Yvelines,,,,,833,998.0,1.03,1.75,269.0,286.0,0.45,0.5,59129,57142.0,100.0,100.0,21729,23739.0,26.87,29.35,80858,80881.0,73.13,70.65,3
78-7804,78,Yvelines,7804,4ème circonscription,Jean-François Mourtoux[31],jean francois mourtoux 31,RAD (RN),UXD,Union de l'extrême droite,Union de l'extrême droite,11599.0,19.99,12486.0,22.35,https://fr.wikipedia.org/wiki/%C3%89lections_l%C3%A9gislatives_de_2024_dans_les_Yvelines,,,,,833,998.0,1.03,1.75,269.0,286.0,0.45,0.5,59129,57142.0,100.0,100.0,21729,23739.0,26.87,29.35,80858,80881.0,73.13,70.65,4
78-7805,78,Yvelines,7805,5ème circonscription,Suffrages exprimés,suffrages exprimes,Suffrages exprimés,SUFFRAGES EXPRIMÉS,SUFFRAGES EXPRIMÉS,SUFFRAGES EXPRIMÉS,53451.0,97.83,51727.0,98.03,https://fr.wikipedia.org/wiki/%C3%89lections_l%C3%A9gislatives_de_2024_dans_les_Yvelines,,,,,949,812.0,1.74,1.54,235.0,226.0,0.43,0.43,54635,52765.0,100.0,100.0,22131,24020.0,28.83,31.28,76766,76785.0,71.17,68.72,1
78-7805,78,Yvelines,7805,5ème circonscription,Yaël Braun-Pivet,yael braun pivet,RE (ENS),ENS,Ensemble,Ensemble,22874.0,42.79,25400.0,49.1,https://fr.wikipedia.org/wiki/%C3%89lections_l%C3%A9gislatives_de_2024_dans_les_Yvelines,,,,,949,812.0,1.74,1.54,235.0,226.0,0.43,0.43,54635,52765.0,100.0,100.0,22131,24020.0,28.83,31.28,76766,76785.0,71.17,68.72,2
78-7805,78,Yvelines,7805,5ème circonscription,Yassine Benyettou,yassine benyettou,LFI (NFP),UG,LFI / NFP,LFI / NFP,14600.0,27.31,14564.0,28.16,https://fr.wikipedia.org/wiki/%C3%89lections_l%C3%A9gislatives_de_2024_dans_les_Yvelines,,,,,949,812.0,1.74,1.54,235.0,226.0,0.43,0.43,54635,52765.0,100.0,100.0,22131,24020.0,28.83,31.28,76766,76785.0,71.17,68.72,3
78-7805,78,Yvelines,7805,5ème circonscription,Jacques Myard[33],jacques myard 33,RAD (RN),DVD,Divers droite,Divers droite,12241.0,22.9,11763.0,22.74,https://fr.wikipedia.org/wiki/%C3%89lections_l%C3%A9gislatives_de_2024_dans_les_Yvelines,,,,,949,812.0,1.74,1.54,235.0,226.0,0.43,0.43,54635,52765.0,100.0,100.0,22131,24020.0,28.83,31.28,76766,76785.0,71.17,68.72,4
78-7806,78,Yvelines,7806,6ème circonscription,Suffrages exprimés,suffrages exprimes,Suffrages exprimés,SUFFRAGES EXPRIMÉS,SUFFRAGES EXPRIMÉS,SUFFRAGES EXPRIMÉS,52726.0,98.4,50852.0,97.57,https://fr.wikipedia.org/wiki/%C3%89lections_l%C3%A9gislatives_de_2024_dans_les_Yvelines,,,,,623,955.0,1.16,1.83,233.0,311.0,0.43,0.6,53582,52118.0,100.0,100.0,23514,25004.0,30.5,32.42,77096,77122.0,69.5,67.58,1
78-7806,78,Yvelines,7806,6ème circonscription,Natalia Pouzyreff,natalia pouzyreff,RE (ENS),ENS,Ensemble,Ensemble,20212.0,38.33,24322.0,47.83,https://fr.wikipedia.org/wiki/%C3%89lections_l%C3%A9gislatives_de_2024_dans_les_Yvelines,,,,,623,955.0,1.16,1.83,233.0,311.0,0.43,0.6,53582,52118.0,100.0,100.0,23514,25004.0,30.5,32.42,77096,77122.0,69.5,67.58,2
78-7806,78,Yvelines,7806,6ème circonscription,Mélinda Sauger,melinda sauger,POI (NFP),UG,Autre NFP,Autre NFP,14247.0,27.02,14837.0,29.18,https://fr.wikipedia.org/wiki/%C3%89lections_l%C3%A9gislatives_de_2024_dans_les_Yvelines,,,,,623,955.0,1.16,1.83,233.0,311.0,0.43,0.6,53582,52118.0,100.0,100.0,23514,25004.0,30.5,32.42,77096,77122.0,69.5,67.58,3
78-7806,78,Yvelines,7806,6ème circonscription,Sophie Lelandais,sophie lelandais,RN,RN,Rassemblement national,Rassemblement national,10781.0,20.45,11693.0,22.99,https://fr.wikipedia.org/wiki/%C3%89lections_l%C3%A9gislatives_de_2024_dans_les_Yvelines,,,,,623,955.0,1.16,1.83,233.0,311.0,0.43,0.6,53582,52118.0,100.0,100.0,23514,25004.0,30.5,32.42,77096,77122.0,69.5,67.58,4
78-7807,78,Yvelines,7807,7ème circonscription,Suffrages exprimés,suffrages exprimes,Suffrages exprimés,SUFFRAGES EXPRIMÉS,SUFFRAGES EXPRIMÉS,SUFFRAGES EXPRIMÉS,54231.0,97.88,53758.0,97.71,https://fr.wikipedia.org/wiki/%C3%89lections_l%C3%A9gislatives_de_2024_dans_les_Yvelines,,,,,893,989.0,1.61,1.8,283.0,272.0,0.51,0.49,55407,55019.0,100.0,100.0,26206,26616.0,32.11,32.6,81613,81635.0,67.89,67.4,1
78-7807,78,Yvelines,7807,7ème circonscription,Aurélien Rousseau,aurelien rousseau,PP (NFP),UG,Autre NFP,Autre NFP,18810.0,34.68,21043.0,39.14,https://fr.wikipedia.org/wiki/%C3%89lections_l%C3%A9gislatives_de_2024_dans_les_Yvelines,,,,,893,989.0,1.61,1.8,283.0,272.0,0.51,0.49,55407,55019.0,100.0,100.0,26206,26616.0,32.11,32.6,81613,81635.0,67.89,67.4,2
78-7807,78,Yvelines,7807,7ème circonscription,Nadia Hai,nadia hai,RE (ENS),ENS,Ensemble,Ensemble,15903.0,29.32,17711.0,32.95,https://fr.wikipedia.org/wiki/%C3%89lections_l%C3%A9gislatives_de_2024_dans_les_Yvelines,,,,,893,989.0,1.61,1.8,283.0,272.0,0.51,0.49,55407,55019.0,100.0,100.0,26206,26616.0,32.11,32.6,81613,81635.0,67.89,67.4,3
78-7807,78,Yvelines,7807,7ème circonscription,Babette de Rozières,babette de rozieres,RAD (RN),UXD,Union de l'extrême droite,Union de l'extrême droite,13987.0,25.79,15004.0,27.91,https://fr.wikipedia.org/wiki/%C3%89lections_l%C3%A9gislatives_de_2024_dans_les_Yvelines,,,,,893,989.0,1.61,1.8,283.0,272.0,0.51,0.49,55407,55019.0,100.0,100.0,26206,26616.0,32.11,32.6,81613,81635.0,67.89,67.4,4
78-7808,78,Yvelines,7808,8ème circonscription,Suffrages exprimés,suffrages exprimes,Suffrages exprimés,SUFFRAGES EXPRIMÉS,SUFFRAGES EXPRIMÉS,SUFFRAGES EXPRIMÉS,45452.0,97.43,43749.0,93.87,https://fr.wikipedia.org/wiki/%C3%89lections_l%C3%A9gislatives_de_2024_dans_les_Yvelines,,,,,810,2238.0,1.74,4.8,389.0,618.0,0.83,1.33,46651,46605.0,100.0,100.0,28696,28760.0,38.09,38.16,75347,75365.0,61.91,61.84,1
78-7808,78,Yvelines,7808,8ème circonscription,Benjamin Lucas,benjamin lucas,G.s (NFP),UG,Autre NFP,Autre NFP,20416.0,44.92,27801.0,63.55,https://fr.wikipedia.org/wiki/%C3%89lections_l%C3%A9gislatives_de_2024_dans_les_Yvelines,,,,,810,2238.0,1.74,4.8,389.0,618.0,0.83,1.33,46651,46605.0,100.0,100.0,28696,28760.0,38.09,38.16,75347,75365.0,61.91,61.84,2
78-7808,78,Yvelines,7808,8ème circonscription,Cyril Nauth,cyril nauth,RN,RN,Rassemblement national,Rassemblement national,14076.0,30.97,15948.0,36.45,https://fr.wikipedia.org/wiki/%C3%89lections_l%C3%A9gislatives_de_2024_dans_les_Yvelines,,,,,810,2238.0,1.74,4.8,389.0,618.0,0.83,1.33,46651,46605.0,100.0,100.0,28696,28760.0,38.09,38.16,75347,75365.0,61.91,61.84,3
78-7809,78,Yvelines,7809,9ème circonscription,Suffrages exprimés,suffrages exprimes,Suffrages exprimés,SUFFRAGES EXPRIMÉS,SUFFRAGES EXPRIMÉS,SUFFRAGES EXPRIMÉS,62493.0,97.78,57519.0,90.71,https://fr.wikipedia.org/wiki/%C3%89lections_l%C3%A9gislatives_de_2024_dans_les_Yvelines,,,,,1037,4863.0,1.62,7.67,381.0,1025.0,0.6,1.62,63911,63407.0,100.0,100.0,30212,30740.0,32.1,32.65,94123,94147.0,67.9,67.35,1
78-7809,78,Yvelines,7809,9ème circonscription,Dieynaba Diop,dieynaba diop,PS (NFP),UG,Autre NFP,Autre NFP,18520.0,29.64,31042.0,53.97,https://fr.wikipedia.org/wiki/%C3%89lections_l%C3%A9gislatives_de_2024_dans_les_Yvelines,,,,,1037,4863.0,1.62,7.67,381.0,1025.0,0.6,1.62,63911,63407.0,100.0,100.0,30212,30740.0,32.1,32.65,94123,94147.0,67.9,67.35,2
78-7809,78,Yvelines,7809,9ème circonscription,Laurent Morin,laurent morin,RN,RN,Rassemblement national,Rassemblement national,21551.0,34.49,26477.0,46.03,https://fr.wikipedia.org/wiki/%C3%89lections_l%C3%A9gislatives_de_2024_dans_les_Yvelines,,,,,1037,4863.0,1.62,7.67,381.0,1025.0,0.6,1.62,63911,63407.0,100.0,100.0,30212,30740.0,32.1,32.65,94123,94147.0,67.9,67.35,3
78-7810,78,Yvelines,7810,10ème circonscription,Suffrages exprimés,suffrages exprimes,Suffrages exprimés,SUFFRAGES EXPRIMÉS,SUFFRAGES EXPRIMÉS,SUFFRAGES EXPRIMÉS,66593.0,98.23,65338.0,97.43,https://fr.wikipedia.org/wiki/%C3%89lections_l%C3%A9gislatives_de_2024_dans_les_Yvelines,,,,,872,1338.0,1.29,2.0,326.0,388.0,0.48,0.58,67791,67064.0,100.0,100.0,24689,25440.0,26.7,27.5,92480,92504.0,73.3,72.5,1
78-7810,78,Yvelines,7810,10ème circonscription,Aurore Bergé,aurore berge,RE (ENS),ENS,Ensemble,Ensemble,22367.0,33.59,32048.0,49.05,https://fr.wikipedia.org/wiki/%C3%89lections_l%C3%A9gislatives_de_2024_dans_les_Yvelines,,,,,872,1338.0,1.29,2.0,326.0,388.0,0.48,0.58,67791,67064.0,100.0,100.0,24689,25440.0,26.7,27.5,92480,92504.0,73.3,72.5,2
78-7810,78,Yvelines,7810,10ème circonscription,Thomas du Chalard,thomas du chalard,RN,RN,Rassemblement national,Rassemblement national,18795.0,28.22,21035.0,32.19,https://fr.wikipedia.org/wiki/%C3%89lections_l%C3%A9gislatives_de_2024_dans_les_Yvelines,,,,,872,1338.0,1.29,2.0,326.0,388.0,0.48,0.58,67791,67064.0,100.0,100.0,24689,25440.0,26.7,27.5,92480,92504.0,73.3,72.5,3
78-7810,78,Yvelines,7810,10ème circonscription,Cédric Briolais,cedric briolais,LFI (NFP),UG,LFI / NFP,LFI / NFP,14918.0,22.4,12255.0,18.76,https://fr.wikipedia.org/wiki/%C3%89lections_l%C3%A9gislatives_de_2024_dans_les_Yvelines,,,,,872,1338.0,1.29,2.0,326.0,388.0,0.48,0.58,67791,67064.0,100.0,100.0,24689,25440.0,26.7,27.5,92480,92504.0,73.3,72.5,4
78-7811,78,Yvelines,7811,11ème circonscription,Suffrages exprimés,suffrages exprimes,Suffrages exprimés,SUFFRAGES EXPRIMÉS,SUFFRAGES EXPRIMÉS,SUFFRAGES EXPRIMÉS,47011.0,97.68,44210.0,94.85,https://fr.wikipedia.org/wiki/%C3%89lections_l%C3%A9gislatives_de_2024_dans_les_Yvelines,,,,,816,1840.0,1.7,3.95,300.0,560.0,0.62,1.2,48127,46610.0,100.0,100.0,22503,24041.0,31.86,34.03,70630,70651.0,68.14,65.97,1
78-7811,78,Yvelines,7811,11ème circonscription,"Laurent Mazaury[47],[48]",laurent mazaury 47 48,UDI (UDC - ENS),UDI,UDI,UDI,13752.0,29.25,22175.0,50.16,https://fr.wikipedia.org/wiki/%C3%89lections_l%C3%A9gislatives_de_2024_dans_les_Yvelines,,,,,816,1840.0,1.7,3.95,300.0,560.0,0.62,1.2,48127,46610.0,100.0,100.0,22503,24041.0,31.86,34.03,70630,70651.0,68.14,65.97,2
78-7811,78,Yvelines,7811,11ème circonscription,William Martinet,william martinet,LFI (NFP),UG,LFI / NFP,LFI / NFP,20395.0,43.38,22035.0,49.84,https://fr.wikipedia.org/wiki/%C3%89lections_l%C3%A9gislatives_de_2024_dans_les_Yvelines,,,,,816,1840.0,1.7,3.95,300.0,560.0,0.62,1.2,48127,46610.0,100.0,100.0,22503,24041.0,31.86,34.03,70630,70651.0,68.14,65.97,3
78-7812,78,Yvelines,7812,12ème circonscription,Suffrages exprimés,suffrages exprimes,Suffrages exprimés,SUFFRAGES EXPRIMÉS,SUFFRAGES EXPRIMÉS,SUFFRAGES EXPRIMÉS,50577.0,97.89,49820.0,98.16,https://fr.wikipedia.org/wiki/%C3%89lections_l%C3%A9gislatives_de_2024_dans_les_Yvelines,,,,,820,728.0,1.59,1.43,268.0,208.0,0.52,0.41,51665,50756.0,100.0,100.0,20675,21597.0,28.58,29.85,72340,72353.0,71.42,70.15,1
78-7812,78,Yvelines,7812,12ème circonscription,Karl Olive,karl olive,RE (ENS),ENS,Ensemble,Ensemble,20610.0,40.75,22452.0,45.07,https://fr.wikipedia.org/wiki/%C3%89lections_l%C3%A9gislatives_de_2024_dans_les_Yvelines,,,,,820,728.0,1.59,1.43,268.0,208.0,0.52,0.41,51665,50756.0,100.0,100.0,20675,21597.0,28.58,29.85,72340,72353.0,71.42,70.15,2
78-7812,78,Yvelines,7812,12ème circonscription,Christophe Massiaux,christophe massiaux,LÉ (NFP),UG,Autre NFP,Autre NFP,15333.0,30.32,15375.0,30.86,https://fr.wikipedia.org/wiki/%C3%89lections_l%C3%A9gislatives_de_2024_dans_les_Yvelines,,,,,820,728.0,1.59,1.43,268.0,208.0,0.52,0.41,51665,50756.0,100.0,100.0,20675,21597.0,28.58,29.85,72340,72353.0,71.42,70.15,3
78-7812,78,Yvelines,7812,12ème circonscription,Jean-Louis Mettelet,jean louis mettelet,RN,RN,Rassemblement national,Rassemblement national,12585.0,24.88,11993.0,24.07,https://fr.wikipedia.org/wiki/%C3%89lections_l%C3%A9gislatives_de_2024_dans_les_Yvelines,,,,,820,728.0,1.59,1.43,268.0,208.0,0.52,0.41,51665,50756.0,100.0,100.0,20675,21597.0,28.58,29.85,72340,72353.0,71.42,70.15,4
79-7901,79,Deux-Sèvres,7901,1ère circonscription,Suffrages exprimés,suffrages exprimes,Suffrages exprimés,SUFFRAGES EXPRIMÉS,SUFFRAGES EXPRIMÉS,SUFFRAGES EXPRIMÉS,62736.0,96.93,62913.0,97.62,https://fr.wikipedia.org/wiki/%C3%89lections_l%C3%A9gislatives_de_2024_dans_les_Deux-S%C3%A8vres,,,,,1298,1059.0,2.01,1.64,692.0,475.0,1.07,0.74,64726,64447.0,100.0,100.0,27022,27305.0,29.45,29.76,91748,91752.0,70.55,70.24,1
79-7901,79,Deux-Sèvres,7901,1ère circonscription,Bastien Marchive[12],bastien marchive 12,PRV (ENS),DVC,Divers centre,Divers centre,25247.0,40.24,26655.0,42.37,https://fr.wikipedia.org/wiki/%C3%89lections_l%C3%A9gislatives_de_2024_dans_les_Deux-S%C3%A8vres,,,,,1298,1059.0,2.01,1.64,692.0,475.0,1.07,0.74,64726,64447.0,100.0,100.0,27022,27305.0,29.45,29.76,91748,91752.0,70.55,70.24,2
79-7901,79,Deux-Sèvres,7901,1ère circonscription,Nathalie Lanzi,nathalie lanzi,PS (NFP),UG,Autre NFP,Autre NFP,20571.0,32.79,20526.0,32.63,https://fr.wikipedia.org/wiki/%C3%89lections_l%C3%A9gislatives_de_2024_dans_les_Deux-S%C3%A8vres,,,,,1298,1059.0,2.01,1.64,692.0,475.0,1.07,0.74,64726,64447.0,100.0,100.0,27022,27305.0,29.45,29.76,91748,91752.0,70.55,70.24,3
79-7901,79,Deux-Sèvres,7901,1ère circonscription,Dorothée Champeau,dorothee champeau,RN,RN,Rassemblement national,Rassemblement national,15447.0,24.62,15732.0,25.01,https://fr.wikipedia.org/wiki/%C3%89lections_l%C3%A9gislatives_de_2024_dans_les_Deux-S%C3%A8vres,,,,,1298,1059.0,2.01,1.64,692.0,475.0,1.07,0.74,64726,64447.0,100.0,100.0,27022,27305.0,29.45,29.76,91748,91752.0,70.55,70.24,4
79-7902,79,Deux-Sèvres,7902,2ème circonscription,Suffrages exprimés,suffrages exprimes,Suffrages exprimés,SUFFRAGES EXPRIMÉS,SUFFRAGES EXPRIMÉS,SUFFRAGES EXPRIMÉS,65945.0,96.61,63856.0,93.4,https://fr.wikipedia.org/wiki/%C3%89lections_l%C3%A9gislatives_de_2024_dans_les_Deux-S%C3%A8vres,,,,,1482,3216.0,2.17,4.7,835.0,1296.0,1.22,1.9,68262,68368.0,100.0,100.0,29792,29687.0,30.38,30.28,98054,98055.0,69.62,69.72,1
79-7902,79,Deux-Sèvres,7902,2ème circonscription,Delphine Batho[15],delphine batho 15,GÉ (NFP),ECO,EELV / NFP,EELV / NFP,25435.0,38.57,37808.0,59.21,https://fr.wikipedia.org/wiki/%C3%89lections_l%C3%A9gislatives_de_2024_dans_les_Deux-S%C3%A8vres,,,,,1482,3216.0,2.17,4.7,835.0,1296.0,1.22,1.9,68262,68368.0,100.0,100.0,29792,29687.0,30.38,30.28,98054,98055.0,69.62,69.72,2
79-7902,79,Deux-Sèvres,7902,2ème circonscription,Mélody Garault,melody garault,RN,RN,Rassemblement national,Rassemblement national,22500.0,34.12,26048.0,40.79,https://fr.wikipedia.org/wiki/%C3%89lections_l%C3%A9gislatives_de_2024_dans_les_Deux-S%C3%A8vres,,,,,1482,3216.0,2.17,4.7,835.0,1296.0,1.22,1.9,68262,68368.0,100.0,100.0,29792,29687.0,30.38,30.28,98054,98055.0,69.62,69.72,3
79-7903,79,Deux-Sèvres,7903,3ème circonscription,Suffrages exprimés,suffrages exprimes,Suffrages exprimés,SUFFRAGES EXPRIMÉS,SUFFRAGES EXPRIMÉS,SUFFRAGES EXPRIMÉS,55584.0,95.94,54757.0,94.37,https://fr.wikipedia.org/wiki/%C3%89lections_l%C3%A9gislatives_de_2024_dans_les_Deux-S%C3%A8vres,,,,,1339,2289.0,2.31,3.94,1015.0,980.0,1.75,1.69,57938,58026.0,100.0,100.0,27376,27303.0,32.09,32.0,85314,85329.0,67.91,68.0,1
79-7903,79,Deux-Sèvres,7903,3ème circonscription,Jean-Marie Fiévet,jean marie fievet,RE (ENS),ENS,Ensemble,Ensemble,17310.0,31.14,31821.0,58.11,https://fr.wikipedia.org/wiki/%C3%89lections_l%C3%A9gislatives_de_2024_dans_les_Deux-S%C3%A8vres,,,,,1339,2289.0,2.31,3.94,1015.0,980.0,1.75,1.69,57938,58026.0,100.0,100.0,27376,27303.0,32.09,32.0,85314,85329.0,67.91,68.0,2
79-7903,79,Deux-Sèvres,7903,3ème circonscription,Philippe Robin,philippe robin,RÀD (RN),UXD,Union de l'extrême droite,Union de l'extrême droite,19585.0,35.23,22936.0,41.89,https://fr.wikipedia.org/wiki/%C3%89lections_l%C3%A9gislatives_de_2024_dans_les_Deux-S%C3%A8vres,,,,,1339,2289.0,2.31,3.94,1015.0,980.0,1.75,1.69,57938,58026.0,100.0,100.0,27376,27303.0,32.09,32.0,85314,85329.0,67.91,68.0,3
80-8001,80,Somme,8001,1ère circonscription,Suffrages exprimés,suffrages exprimes,Suffrages exprimés,SUFFRAGES EXPRIMÉS,SUFFRAGES EXPRIMÉS,SUFFRAGES EXPRIMÉS,52625.0,97.44,51191.0,93.64,https://fr.wikipedia.org/wiki/%C3%89lections_l%C3%A9gislatives_de_2024_dans_la_Somme,,,,,926,2576.0,1.71,4.71,459.0,900.0,0.85,1.65,54010,54667.0,100.0,100.0,29094,28437.0,35.01,34.22,83104,83104.0,64.99,65.78,1
80-8001,80,Somme,8001,1ère circonscription,François Ruffin,francois ruffin,PD! (NFP),UG,Autre NFP,Autre NFP,17850.0,33.92,27108.0,52.95,https://fr.wikipedia.org/wiki/%C3%89lections_l%C3%A9gislatives_de_2024_dans_la_Somme,,,,,926,2576.0,1.71,4.71,459.0,900.0,0.85,1.65,54010,54667.0,100.0,100.0,29094,28437.0,35.01,34.22,83104,83104.0,64.99,65.78,2
80-8001,80,Somme,8001,1ère circonscription,Nathalie Ribeiro-Billet,nathalie ribeiro billet,RN,RN,Rassemblement national,Rassemblement national,21413.0,40.69,24083.0,47.05,https://fr.wikipedia.org/wiki/%C3%89lections_l%C3%A9gislatives_de_2024_dans_la_Somme,,,,,926,2576.0,1.71,4.71,459.0,900.0,0.85,1.65,54010,54667.0,100.0,100.0,29094,28437.0,35.01,34.22,83104,83104.0,64.99,65.78,3
80-8002,80,Somme,8002,2ème circonscription,Suffrages exprimés,suffrages exprimes,Suffrages exprimés,SUFFRAGES EXPRIMÉS,SUFFRAGES EXPRIMÉS,SUFFRAGES EXPRIMÉS,51505.0,97.99,51836.0,97.34,https://fr.wikipedia.org/wiki/%C3%89lections_l%C3%A9gislatives_de_2024_dans_la_Somme,,,,,756,1072.0,1.44,2.01,301.0,343.0,0.57,0.64,52562,53251.0,100.0,100.0,24779,24099.0,32.04,31.16,77341,77350.0,67.96,68.84,1
80-8002,80,Somme,8002,2ème circonscription,Zahia Hamdane,zahia hamdane,LFI (NFP),UG,LFI / NFP,LFI / NFP,15217.0,29.54,18538.0,35.76,https://fr.wikipedia.org/wiki/%C3%89lections_l%C3%A9gislatives_de_2024_dans_la_Somme,,,,,756,1072.0,1.44,2.01,301.0,343.0,0.57,0.64,52562,53251.0,100.0,100.0,24779,24099.0,32.04,31.16,77341,77350.0,67.96,68.84,2
80-8002,80,Somme,8002,2ème circonscription,Hubert de Jenlis,hubert de jenlis,RE (ENS),ENS,Ensemble,Ensemble,12997.0,25.23,17153.0,33.09,https://fr.wikipedia.org/wiki/%C3%89lections_l%C3%A9gislatives_de_2024_dans_la_Somme,,,,,756,1072.0,1.44,2.01,301.0,343.0,0.57,0.64,52562,53251.0,100.0,100.0,24779,24099.0,32.04,31.16,77341,77350.0,67.96,68.84,3
80-8002,80,Somme,8002,2ème circonscription,Damien Toumi[23],damien toumi 23,LAF (RN),RN,Rassemblement national,Rassemblement national,14142.0,27.46,16145.0,31.15,https://fr.wikipedia.org/wiki/%C3%89lections_l%C3%A9gislatives_de_2024_dans_la_Somme,,,,,756,1072.0,1.44,2.01,301.0,343.0,0.57,0.64,52562,53251.0,100.0,100.0,24779,24099.0,32.04,31.16,77341,77350.0,67.96,68.84,4
80-8003,80,Somme,8003,3ème circonscription,Suffrages exprimés,suffrages exprimes,Suffrages exprimés,SUFFRAGES EXPRIMÉS,SUFFRAGES EXPRIMÉS,SUFFRAGES EXPRIMÉS,55777.0,97.08,55259.0,95.51,https://fr.wikipedia.org/wiki/%C3%89lections_l%C3%A9gislatives_de_2024_dans_la_Somme,,,,,1128,1864.0,1.96,3.22,549.0,734.0,0.96,1.27,57454,57857.0,100.0,100.0,24569,24166.0,29.95,29.46,82023,82023.0,70.05,70.54,1
80-8003,80,Somme,8003,3ème circonscription,Matthias Renault,matthias renault,RN,RN,Rassemblement national,Rassemblement national,27277.0,48.9,29876.0,54.07,https://fr.wikipedia.org/wiki/%C3%89lections_l%C3%A9gislatives_de_2024_dans_la_Somme,,,,,1128,1864.0,1.96,3.22,549.0,734.0,0.96,1.27,57454,57857.0,100.0,100.0,24569,24166.0,29.95,29.46,82023,82023.0,70.05,70.54,2
80-8003,80,Somme,8003,3ème circonscription,Emmanuel Maquet,emmanuel maquet,LR (UDC),LR,Les Républicains,Les Républicains,15449.0,27.7,25383.0,45.93,https://fr.wikipedia.org/wiki/%C3%89lections_l%C3%A9gislatives_de_2024_dans_la_Somme,,,,,1128,1864.0,1.96,3.22,549.0,734.0,0.96,1.27,57454,57857.0,100.0,100.0,24569,24166.0,29.95,29.46,82023,82023.0,70.05,70.54,3
80-8004,80,Somme,8004,4ème circonscription,Suffrages exprimés,suffrages exprimes,Suffrages exprimés,SUFFRAGES EXPRIMÉS,SUFFRAGES EXPRIMÉS,SUFFRAGES EXPRIMÉS,57558.0,97.26,54744.0,93.86,https://fr.wikipedia.org/wiki/%C3%89lections_l%C3%A9gislatives_de_2024_dans_la_Somme,,,,,1178,2751.0,1.99,4.72,446.0,832.0,0.75,1.43,59182,58327.0,100.0,100.0,25898,26774.0,30.44,31.46,85080,85101.0,69.56,68.54,1
80-8004,80,Somme,8004,4ème circonscription,Jean-Philippe Tanguy,jean philippe tanguy,LAF (RN),RN,Rassemblement national,Rassemblement national,28559.0,49.62,31468.0,57.48,https://fr.wikipedia.org/wiki/%C3%89lections_l%C3%A9gislatives_de_2024_dans_la_Somme,,,,,1178,2751.0,1.99,4.72,446.0,832.0,0.75,1.43,59182,58327.0,100.0,100.0,25898,26774.0,30.44,31.46,85080,85101.0,69.56,68.54,2
80-8004,80,Somme,8004,4ème circonscription,Anthony Gest,anthony gest,RE (ENS),ENS,Ensemble,Ensemble,10631.0,18.47,23276.0,42.52,https://fr.wikipedia.org/wiki/%C3%89lections_l%C3%A9gislatives_de_2024_dans_la_Somme,,,,,1178,2751.0,1.99,4.72,446.0,832.0,0.75,1.43,59182,58327.0,100.0,100.0,25898,26774.0,30.44,31.46,85080,85101.0,69.56,68.54,3
81-8101,81,Tarn,8101,1ère circonscription,Suffrages exprimés,suffrages exprimes,Suffrages exprimés,SUFFRAGES EXPRIMÉS,SUFFRAGES EXPRIMÉS,SUFFRAGES EXPRIMÉS,58776.0,96.71,57851.0,94.83,https://fr.wikipedia.org/wiki/%C3%89lections_l%C3%A9gislatives_de_2024_dans_le_Tarn,,,,,1314,2069.0,2.16,3.39,683.0,1088.0,1.12,1.78,60773,61008.0,100.0,100.0,24571,24356.0,28.79,28.53,85344,85364.0,71.21,71.47,1
81-8101,81,Tarn,8101,1ère circonscription,"Philippe Bonnecarrère[14],[15],[16]",philippe bonnecarrere 14 15 16,SE (ENS - LC)[a],DVC,Divers centre,Divers centre,17352.0,29.52,32529.0,56.23,https://fr.wikipedia.org/wiki/%C3%89lections_l%C3%A9gislatives_de_2024_dans_le_Tarn,,,,,1314,2069.0,2.16,3.39,683.0,1088.0,1.12,1.78,60773,61008.0,100.0,100.0,24571,24356.0,28.79,28.53,85344,85364.0,71.21,71.47,2
81-8101,81,Tarn,8101,1ère circonscription,Frédéric Cabrolier,frederic cabrolier,RN,RN,Rassemblement national,Rassemblement national,23237.0,39.53,25322.0,43.77,https://fr.wikipedia.org/wiki/%C3%89lections_l%C3%A9gislatives_de_2024_dans_le_Tarn,,,,,1314,2069.0,2.16,3.39,683.0,1088.0,1.12,1.78,60773,61008.0,100.0,100.0,24571,24356.0,28.79,28.53,85344,85364.0,71.21,71.47,3
81-8102,81,Tarn,8102,2ème circonscription,Suffrages exprimés,suffrages exprimes,Suffrages exprimés,SUFFRAGES EXPRIMÉS,SUFFRAGES EXPRIMÉS,SUFFRAGES EXPRIMÉS,76040.0,96.14,69872.0,88.25,https://fr.wikipedia.org/wiki/%C3%89lections_l%C3%A9gislatives_de_2024_dans_le_Tarn,,,,,2034,6474.0,2.57,8.18,1015.0,2826.0,1.28,3.57,79089,79172.0,100.0,100.0,31221,31138.0,28.3,28.23,110310,110310.0,71.7,71.77,1
81-8102,81,Tarn,8102,2ème circonscription,Karen Erodi,karen erodi,LFI (NFP),UG,LFI / NFP,LFI / NFP,24048.0,31.63,35447.0,50.73,https://fr.wikipedia.org/wiki/%C3%89lections_l%C3%A9gislatives_de_2024_dans_le_Tarn,,,,,2034,6474.0,2.57,8.18,1015.0,2826.0,1.28,3.57,79089,79172.0,100.0,100.0,31221,31138.0,28.3,28.23,110310,110310.0,71.7,71.77,2
81-8102,81,Tarn,8102,2ème circonscription,Julien Bacou,julien bacou,RN,RN,Rassemblement national,Rassemblement national,28850.0,37.94,34425.0,49.27,https://fr.wikipedia.org/wiki/%C3%89lections_l%C3%A9gislatives_de_2024_dans_le_Tarn,,,,,2034,6474.0,2.57,8.18,1015.0,2826.0,1.28,3.57,79089,79172.0,100.0,100.0,31221,31138.0,28.3,28.23,110310,110310.0,71.7,71.77,3
81-8103,81,Tarn,8103,3ème circonscription,Suffrages exprimés,suffrages exprimes,Suffrages exprimés,SUFFRAGES EXPRIMÉS,SUFFRAGES EXPRIMÉS,SUFFRAGES EXPRIMÉS,72970.0,96.36,70849.0,93.63,https://fr.wikipedia.org/wiki/%C3%89lections_l%C3%A9gislatives_de_2024_dans_le_Tarn,,,,,1794,3265.0,2.37,4.31,959.0,1555.0,1.27,2.06,75723,75669.0,100.0,100.0,29057,29118.0,27.73,27.79,104780,104787.0,72.27,72.21,1
81-8103,81,Tarn,8103,3ème circonscription,Jean Terlier,jean terlier,RE (ENS),ENS,Ensemble,Ensemble,20870.0,28.6,36127.0,50.99,https://fr.wikipedia.org/wiki/%C3%89lections_l%C3%A9gislatives_de_2024_dans_le_Tarn,,,,,1794,3265.0,2.37,4.31,959.0,1555.0,1.27,2.06,75723,75669.0,100.0,100.0,29057,29118.0,27.73,27.79,104780,104787.0,72.27,72.21,2
81-8103,81,Tarn,8103,3ème circonscription,Guilhem Carayon,guilhem carayon,RÀD (RN),UXD,Union de l'extrême droite,Union de l'extrême droite,31748.0,43.51,34722.0,49.01,https://fr.wikipedia.org/wiki/%C3%89lections_l%C3%A9gislatives_de_2024_dans_le_Tarn,,,,,1794,3265.0,2.37,4.31,959.0,1555.0,1.27,2.06,75723,75669.0,100.0,100.0,29057,29118.0,27.73,27.79,104780,104787.0,72.27,72.21,3
82-8201,82,Tarn-et-Garonne,8201,1ère circonscription,Yannick Chenevard,yannick chenevard,RE (ENS),ENS,Ensemble,Ensemble,14270.0,31.37,23114.0,52.85,https://fr.wikipedia.org/wiki/%C3%89lections_l%C3%A9gislatives_de_2024_dans_le_Var,45492.0,43736.0,97.52,96.58,869,1184.0,1.86,2.61,286.0,363.0,0.61,0.8,46647,45283.0,100.0,100.0,24452,25840.0,34.39,36.33,71099,71123.0,65.61,63.67,1
82-8201,82,Tarn-et-Garonne,8201,1ère circonscription,Sébastien Soulé,sebastien soule,RN,RN,Rassemblement national,Rassemblement national,19233.0,42.28,20622.0,47.15,https://fr.wikipedia.org/wiki/%C3%89lections_l%C3%A9gislatives_de_2024_dans_le_Var,45492.0,43736.0,97.52,96.58,869,1184.0,1.86,2.61,286.0,363.0,0.61,0.8,46647,45283.0,100.0,100.0,24452,25840.0,34.39,36.33,71099,71123.0,65.61,63.67,2
82-8202,82,Tarn-et-Garonne,8202,2ème circonscription,Stéphane Rambaud,stephane rambaud,RN,RN,Rassemblement national,Rassemblement national,32343.0,46.51,35730.0,53.11,https://fr.wikipedia.org/wiki/%C3%89lections_l%C3%A9gislatives_de_2024_dans_le_Var,69544.0,67273.0,97.94,96.1,981,2021.0,1.38,2.89,479.0,709.0,0.67,1.01,71004,70003.0,100.0,100.0,32268,33280.0,31.25,32.22,103272,103283.0,68.75,67.78,1
82-8202,82,Tarn-et-Garonne,8202,2ème circonscription,Isabelle Monfort,isabelle monfort,HOR (ENS),ENS,Ensemble,Ensemble,14057.0,20.21,31543.0,46.89,https://fr.wikipedia.org/wiki/%C3%89lections_l%C3%A9gislatives_de_2024_dans_le_Var,69544.0,67273.0,97.94,96.1,981,2021.0,1.38,2.89,479.0,709.0,0.67,1.01,71004,70003.0,100.0,100.0,32268,33280.0,31.25,32.22,103272,103283.0,68.75,67.78,2
82-8203,82,Tarn-et-Garonne,8203,3ème circonscription,Frédéric Boccaletti,frederic boccaletti,RN,RN,Rassemblement national,Rassemblement national,32748.0,48.3,36043.0,55.81,https://fr.wikipedia.org/wiki/%C3%89lections_l%C3%A9gislatives_de_2024_dans_le_Var,67807.0,64587.0,98.14,95.44,921,2389.0,1.33,3.53,364.0,694.0,0.53,1.03,69092,67670.0,100.0,100.0,34674,36101.0,33.42,34.79,103766,103771.0,66.58,65.21,1
82-8203,82,Tarn-et-Garonne,8203,3ème circonscription,Cécile Muschotti,cecile muschotti,RE (ENS),ENS,Ensemble,Ensemble,12567.0,18.53,28544.0,44.19,https://fr.wikipedia.org/wiki/%C3%89lections_l%C3%A9gislatives_de_2024_dans_le_Var,67807.0,64587.0,98.14,95.44,921,2389.0,1.33,3.53,364.0,694.0,0.53,1.03,69092,67670.0,100.0,100.0,34674,36101.0,33.42,34.79,103766,103771.0,66.58,65.21,2
83-8301,83,Var,8301,1ère circonscription,Yannick Chenevard,yannick chenevard,RE (ENS),ENS,Ensemble,Ensemble,14270.0,31.37,23114.0,52.85,https://fr.wikipedia.org/wiki/%C3%89lections_l%C3%A9gislatives_de_2024_dans_le_Var,45492.0,43736.0,97.52,96.58,869,1184.0,1.86,2.61,286.0,363.0,0.61,0.8,46647,45283.0,100.0,100.0,24452,25840.0,34.39,36.33,71099,71123.0,65.61,63.67,1
83-8301,83,Var,8301,1ère circonscription,Sébastien Soulé,sebastien soule,RN,RN,Rassemblement national,Rassemblement national,19233.0,42.28,20622.0,47.15,https://fr.wikipedia.org/wiki/%C3%89lections_l%C3%A9gislatives_de_2024_dans_le_Var,45492.0,43736.0,97.52,96.58,869,1184.0,1.86,2.61,286.0,363.0,0.61,0.8,46647,45283.0,100.0,100.0,24452,25840.0,34.39,36.33,71099,71123.0,65.61,63.67,2
83-8302,83,Var,8302,2ème circonscription,Stéphane Rambaud,stephane rambaud,RN,RN,Rassemblement national,Rassemblement national,32343.0,46.51,35730.0,53.11,https://fr.wikipedia.org/wiki/%C3%89lections_l%C3%A9gislatives_de_2024_dans_le_Var,69544.0,67273.0,97.94,96.1,981,2021.0,1.38,2.89,479.0,709.0,0.67,1.01,71004,70003.0,100.0,100.0,32268,33280.0,31.25,32.22,103272,103283.0,68.75,67.78,1
83-8302,83,Var,8302,2ème circonscription,Isabelle Monfort,isabelle monfort,HOR (ENS),ENS,Ensemble,Ensemble,14057.0,20.21,31543.0,46.89,https://fr.wikipedia.org/wiki/%C3%89lections_l%C3%A9gislatives_de_2024_dans_le_Var,69544.0,67273.0,97.94,96.1,981,2021.0,1.38,2.89,479.0,709.0,0.67,1.01,71004,70003.0,100.0,100.0,32268,33280.0,31.25,32.22,103272,103283.0,68.75,67.78,2
83-8303,83,Var,8303,3ème circonscription,Frédéric Boccaletti,frederic boccaletti,RN,RN,Rassemblement national,Rassemblement national,32748.0,48.3,36043.0,55.81,https://fr.wikipedia.org/wiki/%C3%89lections_l%C3%A9gislatives_de_2024_dans_le_Var,67807.0,64587.0,98.14,95.44,921,2389.0,1.33,3.53,364.0,694.0,0.53,1.03,69092,67670.0,100.0,100.0,34674,36101.0,33.42,34.79,103766,103771.0,66.58,65.21,1
83-8303,83,Var,8303,3ème circonscription,Cécile Muschotti,cecile muschotti,RE (ENS),ENS,Ensemble,Ensemble,12567.0,18.53,28544.0,44.19,https://fr.wikipedia.org/wiki/%C3%89lections_l%C3%A9gislatives_de_2024_dans_le_Var,67807.0,64587.0,98.14,95.44,921,2389.0,1.33,3.53,364.0,694.0,0.53,1.03,69092,67670.0,100.0,100.0,34674,36101.0,33.42,34.79,103766,103771.0,66.58,65.21,2
84-8401,84,Vaucluse,8401,1ère circonscription,Philippe Latombe,philippe latombe,MoDem (ENS),ENS,Ensemble,Ensemble,23136.0,28.51,48477.0,60.9,https://fr.wikipedia.org/wiki/%C3%89lections_l%C3%A9gislatives_de_2024_dans_la_Vend%C3%A9e,81155.0,79598.0,96.64,94.47,1879,3261.0,2.24,3.87,943.0,1397.0,1.12,1.66,83977,84256.0,100.0,100.0,36734,36503.0,30.43,30.23,120711,120759.0,69.57,69.77,1
84-8401,84,Vaucluse,8401,1ère circonscription,Simon-Pierre Paulin,simon pierre paulin,RÀD (RN),UXD,Union de l'extrême droite,Union de l'extrême droite,26105.0,32.17,31121.0,39.1,https://fr.wikipedia.org/wiki/%C3%89lections_l%C3%A9gislatives_de_2024_dans_la_Vend%C3%A9e,81155.0,79598.0,96.64,94.47,1879,3261.0,2.24,3.87,943.0,1397.0,1.12,1.66,83977,84256.0,100.0,100.0,36734,36503.0,30.43,30.23,120711,120759.0,69.57,69.77,2
84-8402,84,Vaucluse,8402,2ème circonscription,Béatrice Bellamy,beatrice bellamy,HOR (ENS),ENS,Ensemble,Ensemble,30262.0,38.74,46240.0,60.23,https://fr.wikipedia.org/wiki/%C3%89lections_l%C3%A9gislatives_de_2024_dans_la_Vend%C3%A9e,78115.0,76777.0,96.9,95.24,1703,2768.0,2.11,3.43,792.0,1069.0,0.98,1.33,80610,80614.0,100.0,100.0,33474,33483.0,29.34,29.35,114084,114097.0,70.66,70.65,1
84-8402,84,Vaucluse,8402,2ème circonscription,Marie-Christine Ébran,marie christine ebran,RN,RN,Rassemblement national,Rassemblement national,28538.0,36.53,30537.0,39.77,https://fr.wikipedia.org/wiki/%C3%89lections_l%C3%A9gislatives_de_2024_dans_la_Vend%C3%A9e,78115.0,76777.0,96.9,95.24,1703,2768.0,2.11,3.43,792.0,1069.0,0.98,1.33,80610,80614.0,100.0,100.0,33474,33483.0,29.34,29.35,114084,114097.0,70.66,70.65,2
84-8403,84,Vaucluse,8403,3ème circonscription,Stéphane Buchou,stephane buchou,RE (ENS),ENS,Ensemble,Ensemble,32889.0,34.89,52496.0,56.43,https://fr.wikipedia.org/wiki/%C3%89lections_l%C3%A9gislatives_de_2024_dans_la_Vend%C3%A9e,94261.0,93026.0,97.08,94.99,1883,3402.0,1.94,3.47,954.0,1501.0,0.98,1.53,97098,97929.0,100.0,100.0,39795,38958.0,29.07,28.46,136893,136887.0,70.93,71.54,1
84-8403,84,Vaucluse,8403,3ème circonscription,Pascal Dubin,pascal dubin,RÀD (RN),UXD,Union de l'extrême droite,Union de l'extrême droite,33545.0,35.59,40530.0,43.57,https://fr.wikipedia.org/wiki/%C3%89lections_l%C3%A9gislatives_de_2024_dans_la_Vend%C3%A9e,94261.0,93026.0,97.08,94.99,1883,3402.0,1.94,3.47,954.0,1501.0,0.98,1.53,97098,97929.0,100.0,100.0,39795,38958.0,29.07,28.46,136893,136887.0,70.93,71.54,2
84-8404,84,Vaucluse,8404,4ème circonscription,Véronique Besse[21],veronique besse 21,SE (UDC),DVD,Divers droite,Divers droite,28086.0,39.31,31068.0,43.36,https://fr.wikipedia.org/wiki/%C3%89lections_l%C3%A9gislatives_de_2024_dans_la_Vend%C3%A9e,71453.0,71647.0,97.31,97.97,1442,1108.0,1.96,1.52,533.0,375.0,0.73,0.51,73428,73130.0,100.0,100.0,31289,31599.0,29.88,30.17,104717,104729.0,70.12,69.83,1
84-8404,84,Vaucluse,8404,4ème circonscription,Jacques Proux,jacques proux,RN,RN,Rassemblement national,Rassemblement national,16345.0,22.88,17613.0,24.58,https://fr.wikipedia.org/wiki/%C3%89lections_l%C3%A9gislatives_de_2024_dans_la_Vend%C3%A9e,71453.0,71647.0,97.31,97.97,1442,1108.0,1.96,1.52,533.0,375.0,0.73,0.51,73428,73130.0,100.0,100.0,31289,31599.0,29.88,30.17,104717,104729.0,70.12,69.83,2
84-8404,84,Vaucluse,8404,4ème circonscription,Julie Mariel-Godard,julie mariel godard,PCF (NFP),UG,PCF / NFP,PCF / NFP,13164.0,18.42,12170.0,16.99,https://fr.wikipedia.org/wiki/%C3%89lections_l%C3%A9gislatives_de_2024_dans_la_Vend%C3%A9e,71453.0,71647.0,97.31,97.97,1442,1108.0,1.96,1.52,533.0,375.0,0.73,0.51,73428,73130.0,100.0,100.0,31289,31599.0,29.88,30.17,104717,104729.0,70.12,69.83,3
84-8404,84,Vaucluse,8404,4ème circonscription,Ilias Nagnonhou,ilias nagnonhou,RE (ENS),ENS,Ensemble,Ensemble,13192.0,18.46,10796.0,15.07,https://fr.wikipedia.org/wiki/%C3%89lections_l%C3%A9gislatives_de_2024_dans_la_Vend%C3%A9e,71453.0,71647.0,97.31,97.97,1442,1108.0,1.96,1.52,533.0,375.0,0.73,0.51,73428,73130.0,100.0,100.0,31289,31599.0,29.88,30.17,104717,104729.0,70.12,69.83,4
84-8405,84,Vaucluse,8405,5ème circonscription,Pierre Henriet,pierre henriet,HOR (ENS),ENS,Ensemble,Ensemble,19606.0,34.84,32085.0,57.49,https://fr.wikipedia.org/wiki/%C3%89lections_l%C3%A9gislatives_de_2024_dans_la_Vend%C3%A9e,56270.0,55806.0,97.05,95.44,1073,1906.0,1.85,3.26,639.0,760.0,1.1,0.13,57982,58472.0,100.0,100.0,26026,25521.0,30.98,30.38,84008,83993.0,69.02,69.62,1
84-8405,84,Vaucluse,8405,5ème circonscription,Stéphane Buffetaut[23],stephane buffetaut 23,CNIP (RN),RN,Rassemblement national,Rassemblement national,21309.0,37.87,23721.0,42.51,https://fr.wikipedia.org/wiki/%C3%89lections_l%C3%A9gislatives_de_2024_dans_la_Vend%C3%A9e,56270.0,55806.0,97.05,95.44,1073,1906.0,1.85,3.26,639.0,760.0,1.1,0.13,57982,58472.0,100.0,100.0,26026,25521.0,30.98,30.38,84008,83993.0,69.02,69.62,2
85-8501,85,Vendée,8501,1ère circonscription,Philippe Latombe,philippe latombe,MoDem (ENS),ENS,Ensemble,Ensemble,23136.0,28.51,48477.0,60.9,https://fr.wikipedia.org/wiki/%C3%89lections_l%C3%A9gislatives_de_2024_dans_la_Vend%C3%A9e,81155.0,79598.0,96.64,94.47,1879,3261.0,2.24,3.87,943.0,1397.0,1.12,1.66,83977,84256.0,100.0,100.0,36734,36503.0,30.43,30.23,120711,120759.0,69.57,69.77,1
85-8501,85,Vendée,8501,1ère circonscription,Simon-Pierre Paulin,simon pierre paulin,RÀD (RN),UXD,Union de l'extrême droite,Union de l'extrême droite,26105.0,32.17,31121.0,39.1,https://fr.wikipedia.org/wiki/%C3%89lections_l%C3%A9gislatives_de_2024_dans_la_Vend%C3%A9e,81155.0,79598.0,96.64,94.47,1879,3261.0,2.24,3.87,943.0,1397.0,1.12,1.66,83977,84256.0,100.0,100.0,36734,36503.0,30.43,30.23,120711,120759.0,69.57,69.77,2
85-8502,85,Vendée,8502,2ème circonscription,Béatrice Bellamy,beatrice bellamy,HOR (ENS),ENS,Ensemble,Ensemble,30262.0,38.74,46240.0,60.23,https://fr.wikipedia.org/wiki/%C3%89lections_l%C3%A9gislatives_de_2024_dans_la_Vend%C3%A9e,78115.0,76777.0,96.9,95.24,1703,2768.0,2.11,3.43,792.0,1069.0,0.98,1.33,80610,80614.0,100.0,100.0,33474,33483.0,29.34,29.35,114084,114097.0,70.66,70.65,1
85-8502,85,Vendée,8502,2ème circonscription,Marie-Christine Ébran,marie christine ebran,RN,RN,Rassemblement national,Rassemblement national,28538.0,36.53,30537.0,39.77,https://fr.wikipedia.org/wiki/%C3%89lections_l%C3%A9gislatives_de_2024_dans_la_Vend%C3%A9e,78115.0,76777.0,96.9,95.24,1703,2768.0,2.11,3.43,792.0,1069.0,0.98,1.33,80610,80614.0,100.0,100.0,33474,33483.0,29.34,29.35,114084,114097.0,70.66,70.65,2
85-8503,85,Vendée,8503,3ème circonscription,Stéphane Buchou,stephane buchou,RE (ENS),ENS,Ensemble,Ensemble,32889.0,34.89,52496.0,56.43,https://fr.wikipedia.org/wiki/%C3%89lections_l%C3%A9gislatives_de_2024_dans_la_Vend%C3%A9e,94261.0,93026.0,97.08,94.99,1883,3402.0,1.94,3.47,954.0,1501.0,0.98,1.53,97098,97929.0,100.0,100.0,39795,38958.0,29.07,28.46,136893,136887.0,70.93,71.54,1
85-8503,85,Vendée,8503,3ème circonscription,Pascal Dubin,pascal dubin,RÀD (RN),UXD,Union de l'extrême droite,Union de l'extrême droite,33545.0,35.59,40530.0,43.57,https://fr.wikipedia.org/wiki/%C3%89lections_l%C3%A9gislatives_de_2024_dans_la_Vend%C3%A9e,94261.0,93026.0,97.08,94.99,1883,3402.0,1.94,3.47,954.0,1501.0,0.98,1.53,97098,97929.0,100.0,100.0,39795,38958.0,29.07,28.46,136893,136887.0,70.93,71.54,2
85-8504,85,Vendée,8504,4ème circonscription,Véronique Besse[21],veronique besse 21,SE (UDC),DVD,Divers droite,Divers droite,28086.0,39.31,31068.0,43.36,https://fr.wikipedia.org/wiki/%C3%89lections_l%C3%A9gislatives_de_2024_dans_la_Vend%C3%A9e,71453.0,71647.0,97.31,97.97,1442,1108.0,1.96,1.52,533.0,375.0,0.73,0.51,73428,73130.0,100.0,100.0,31289,31599.0,29.88,30.17,104717,104729.0,70.12,69.83,1
85-8504,85,Vendée,8504,4ème circonscription,Jacques Proux,jacques proux,RN,RN,Rassemblement national,Rassemblement national,16345.0,22.88,17613.0,24.58,https://fr.wikipedia.org/wiki/%C3%89lections_l%C3%A9gislatives_de_2024_dans_la_Vend%C3%A9e,71453.0,71647.0,97.31,97.97,1442,1108.0,1.96,1.52,533.0,375.0,0.73,0.51,73428,73130.0,100.0,100.0,31289,31599.0,29.88,30.17,104717,104729.0,70.12,69.83,2
85-8504,85,Vendée,8504,4ème circonscription,Julie Mariel-Godard,julie mariel godard,PCF (NFP),UG,PCF / NFP,PCF / NFP,13164.0,18.42,12170.0,16.99,https://fr.wikipedia.org/wiki/%C3%89lections_l%C3%A9gislatives_de_2024_dans_la_Vend%C3%A9e,71453.0,71647.0,97.31,97.97,1442,1108.0,1.96,1.52,533.0,375.0,0.73,0.51,73428,73130.0,100.0,100.0,31289,31599.0,29.88,30.17,104717,104729.0,70.12,69.83,3
85-8504,85,Vendée,8504,4ème circonscription,Ilias Nagnonhou,ilias nagnonhou,RE (ENS),ENS,Ensemble,Ensemble,13192.0,18.46,10796.0,15.07,https://fr.wikipedia.org/wiki/%C3%89lections_l%C3%A9gislatives_de_2024_dans_la_Vend%C3%A9e,71453.0,71647.0,97.31,97.97,1442,1108.0,1.96,1.52,533.0,375.0,0.73,0.51,73428,73130.0,100.0,100.0,31289,31599.0,29.88,30.17,104717,104729.0,70.12,69.83,4
85-8505,85,Vendée,8505,5ème circonscription,Pierre Henriet,pierre henriet,HOR (ENS),ENS,Ensemble,Ensemble,19606.0,34.84,32085.0,57.49,https://fr.wikipedia.org/wiki/%C3%89lections_l%C3%A9gislatives_de_2024_dans_la_Vend%C3%A9e,56270.0,55806.0,97.05,95.44,1073,1906.0,1.85,3.26,639.0,760.0,1.1,0.13,57982,58472.0,100.0,100.0,26026,25521.0,30.98,30.38,84008,83993.0,69.02,69.62,1
85-8505,85,Vendée,8505,5ème circonscription,Stéphane Buffetaut[23],stephane buffetaut 23,CNIP (RN),RN,Rassemblement national,Rassemblement national,21309.0,37.87,23721.0,42.51,https://fr.wikipedia.org/wiki/%C3%89lections_l%C3%A9gislatives_de_2024_dans_la_Vend%C3%A9e,56270.0,55806.0,97.05,95.44,1073,1906.0,1.85,3.26,639.0,760.0,1.1,0.13,57982,58472.0,100.0,100.0,26026,25521.0,30.98,30.38,84008,83993.0,69.02,69.62,2
86-8601,86,Vienne,8601,1ère circonscription,Lisa Belluco,lisa belluco,LE (NFP),UG,Autre NFP,Autre NFP,18232.0,33.14,22660.0,40.64,https://fr.wikipedia.org/wiki/%C3%89lections_l%C3%A9gislatives_de_2024_dans_la_Vienne,55023.0,55762.0,97.14,97.45,1045,1052.0,1.84,1.84,577.0,409.0,1.02,0.71,56645,57223.0,100.0,100.0,24408,23846.0,30.11,29.41,81053,81069.0,69.89,70.59,1
86-8601,86,Vienne,8601,1ère circonscription,Emmanuelle Darles,emmanuelle darles,RN,RN,Rassemblement national,Rassemblement national,15918.0,28.93,16858.0,30.23,https://fr.wikipedia.org/wiki/%C3%89lections_l%C3%A9gislatives_de_2024_dans_la_Vienne,55023.0,55762.0,97.14,97.45,1045,1052.0,1.84,1.84,577.0,409.0,1.02,0.71,56645,57223.0,100.0,100.0,24408,23846.0,30.11,29.41,81053,81069.0,69.89,70.59,2
86-8601,86,Vienne,8601,1ère circonscription,Séverine Saint-Pé,severine saint pe,HOR (ENS),HOR,Horizons,Horizons,15875.0,28.85,16244.0,29.13,https://fr.wikipedia.org/wiki/%C3%89lections_l%C3%A9gislatives_de_2024_dans_la_Vienne,55023.0,55762.0,97.14,97.45,1045,1052.0,1.84,1.84,577.0,409.0,1.02,0.71,56645,57223.0,100.0,100.0,24408,23846.0,30.11,29.41,81053,81069.0,69.89,70.59,3
86-8602,86,Vienne,8602,2ème circonscription,Sacha Houlié,sacha houlie,RE (ENS),ENS,Ensemble,Ensemble,18855.0,33.21,23895.0,41.9,https://fr.wikipedia.org/wiki/%C3%89lections_l%C3%A9gislatives_de_2024_dans_la_Vienne,56767.0,57034.0,97.57,97.43,896,1076.0,1.54,1.84,516.0,430.0,0.89,0.73,58179,58540.0,100.0,100.0,22028,21679.0,27.46,27.02,80207,80219.0,72.54,72.98,1
86-8602,86,Vienne,8602,2ème circonscription,Valérie Soumaille,valerie soumaille,LFI (NFP),UG,LFI / NFP,LFI / NFP,16254.0,28.63,18666.0,32.73,https://fr.wikipedia.org/wiki/%C3%89lections_l%C3%A9gislatives_de_2024_dans_la_Vienne,56767.0,57034.0,97.57,97.43,896,1076.0,1.54,1.84,516.0,430.0,0.89,0.73,58179,58540.0,100.0,100.0,22028,21679.0,27.46,27.02,80207,80219.0,72.54,72.98,2
86-8602,86,Vienne,8602,2ème circonscription,Estelle Chevallier,estelle chevallier,RN,RN,Rassemblement national,Rassemblement national,13864.0,24.42,14473.0,25.38,https://fr.wikipedia.org/wiki/%C3%89lections_l%C3%A9gislatives_de_2024_dans_la_Vienne,56767.0,57034.0,97.57,97.43,896,1076.0,1.54,1.84,516.0,430.0,0.89,0.73,58179,58540.0,100.0,100.0,22028,21679.0,27.46,27.02,80207,80219.0,72.54,72.98,3
86-8603,86,Vienne,8603,3ème circonscription,Pascal Lecamp,pascal lecamp,MoDem (ENS),ENS,Ensemble,Ensemble,14704.0,30.18,26100.0,54.41,https://fr.wikipedia.org/wiki/%C3%89lections_l%C3%A9gislatives_de_2024_dans_la_Vienne,48716.0,47968.0,96.15,94.23,1182,2060.0,2.33,4.05,767.0,876.0,1.51,1.72,50665,50904.0,100.0,100.0,21754,21526.0,30.04,29.72,72419,72430.0,69.96,70.28,1
86-8603,86,Vienne,8603,3ème circonscription,Éric Soulat,eric soulat,RN,RN,Rassemblement national,Rassemblement national,19887.0,40.82,21868.0,45.59,https://fr.wikipedia.org/wiki/%C3%89lections_l%C3%A9gislatives_de_2024_dans_la_Vienne,48716.0,47968.0,96.15,94.23,1182,2060.0,2.33,4.05,767.0,876.0,1.51,1.72,50665,50904.0,100.0,100.0,21754,21526.0,30.04,29.72,72419,72430.0,69.96,70.28,2
86-8604,86,Vienne,8604,4ème circonscription,Nicolas Turquois,nicolas turquois,MoDem (ENS),ENS,Ensemble,Ensemble,15076.0,32.11,25152.0,53.95,https://fr.wikipedia.org/wiki/%C3%89lections_l%C3%A9gislatives_de_2024_dans_la_Vienne,46951.0,46620.0,96.73,95.39,945,1543.0,1.95,3.16,640.0,708.0,1.32,1.45,48536,48871.0,100.0,100.0,25143,24814.0,34.13,33.68,73679,73685.0,65.87,66.32,1
86-8604,86,Vienne,8604,4ème circonscription,Hager Jacquemin,hager jacquemin,RN,RN,Rassemblement national,Rassemblement national,19268.0,41.04,21468.0,46.05,https://fr.wikipedia.org/wiki/%C3%89lections_l%C3%A9gislatives_de_2024_dans_la_Vienne,46951.0,46620.0,96.73,95.39,945,1543.0,1.95,3.16,640.0,708.0,1.32,1.45,48536,48871.0,100.0,100.0,25143,24814.0,34.13,33.68,73679,73685.0,65.87,66.32,2
87-8701,87,Haute-Vienne,8701,1ère circonscription,Suffrages exprimés,suffrages exprimes,Suffrages exprimés,SUFFRAGES EXPRIMÉS,SUFFRAGES EXPRIMÉS,SUFFRAGES EXPRIMÉS,57588.0,96.06,58566.0,96.7,https://fr.wikipedia.org/wiki/%C3%89lections_l%C3%A9gislatives_de_2024_dans_la_Haute-Vienne,,,,,1403,1239.0,2.34,2.05,959.0,760.0,1.6,1.25,59950,60565.0,100.0,100.0,23998,23398.0,28.59,27.87,83948,83963.0,71.41,72.13,1
87-8701,87,Haute-Vienne,8701,1ère circonscription,Damien Maudet,damien maudet,LFI (NFP),UG,LFI / NFP,LFI / NFP,21271.0,36.94,24713.0,42.2,https://fr.wikipedia.org/wiki/%C3%89lections_l%C3%A9gislatives_de_2024_dans_la_Haute-Vienne,,,,,1403,1239.0,2.34,2.05,959.0,760.0,1.6,1.25,59950,60565.0,100.0,100.0,23998,23398.0,28.59,27.87,83948,83963.0,71.41,72.13,2
87-8701,87,Haute-Vienne,8701,1ère circonscription,Camille Dos Santos de Oliveira[21],camille dos santos de oliveira 21,RN,RN,Rassemblement national,Rassemblement national,18904.0,32.83,20400.0,34.83,https://fr.wikipedia.org/wiki/%C3%89lections_l%C3%A9gislatives_de_2024_dans_la_Haute-Vienne,,,,,1403,1239.0,2.34,2.05,959.0,760.0,1.6,1.25,59950,60565.0,100.0,100.0,23998,23398.0,28.59,27.87,83948,83963.0,71.41,72.13,3
87-8701,87,Haute-Vienne,8701,1ère circonscription,Isabelle Négrier[22],isabelle negrier 22,RE (ENS)[a],ENS,Ensemble,Ensemble,15544.0,26.99,13453.0,22.97,https://fr.wikipedia.org/wiki/%C3%89lections_l%C3%A9gislatives_de_2024_dans_la_Haute-Vienne,,,,,1403,1239.0,2.34,2.05,959.0,760.0,1.6,1.25,59950,60565.0,100.0,100.0,23998,23398.0,28.59,27.87,83948,83963.0,71.41,72.13,4
87-8702,87,Haute-Vienne,8702,2ème circonscription,Suffrages exprimés,suffrages exprimes,Suffrages exprimés,SUFFRAGES EXPRIMÉS,SUFFRAGES EXPRIMÉS,SUFFRAGES EXPRIMÉS,69286.0,95.35,65430.0,90.23,https://fr.wikipedia.org/wiki/%C3%89lections_l%C3%A9gislatives_de_2024_dans_la_Haute-Vienne,,,,,1875,4543.0,2.58,6.26,1502.0,2543.0,2.07,3.51,72663,72516.0,100.0,100.0,25675,25835.0,26.11,26.27,98338,98351.0,73.89,73.73,1
87-8702,87,Haute-Vienne,8702,2ème circonscription,Stéphane Delautrette,stephane delautrette,PS (NFP),UG,Autre NFP,Autre NFP,25520.0,36.83,36679.0,56.06,https://fr.wikipedia.org/wiki/%C3%89lections_l%C3%A9gislatives_de_2024_dans_la_Haute-Vienne,,,,,1875,4543.0,2.58,6.26,1502.0,2543.0,2.07,3.51,72663,72516.0,100.0,100.0,25675,25835.0,26.11,26.27,98338,98351.0,73.89,73.73,2
87-8702,87,Haute-Vienne,8702,2ème circonscription,Sabrina Minguet[21],sabrina minguet 21,RN,RN,Rassemblement national,Rassemblement national,25539.0,36.86,28751.0,43.94,https://fr.wikipedia.org/wiki/%C3%89lections_l%C3%A9gislatives_de_2024_dans_la_Haute-Vienne,,,,,1875,4543.0,2.58,6.26,1502.0,2543.0,2.07,3.51,72663,72516.0,100.0,100.0,25675,25835.0,26.11,26.27,98338,98351.0,73.89,73.73,3
87-8703,87,Haute-Vienne,8703,3ème circonscription,Suffrages exprimés,suffrages exprimes,Suffrages exprimés,SUFFRAGES EXPRIMÉS,SUFFRAGES EXPRIMÉS,SUFFRAGES EXPRIMÉS,55413.0,95.4,56660.0,96.42,https://fr.wikipedia.org/wiki/%C3%89lections_l%C3%A9gislatives_de_2024_dans_la_Haute-Vienne,,,,,1551,1277.0,2.67,2.17,1122.0,826.0,1.93,1.41,58086,58763.0,100.0,100.0,23307,22651.0,28.64,27.82,81393,81414.0,71.36,72.18,1
87-8703,87,Haute-Vienne,8703,3ème circonscription,Manon Meunier,manon meunier,LFI (NFP),UG,LFI / NFP,LFI / NFP,19494.0,35.18,23095.0,40.76,https://fr.wikipedia.org/wiki/%C3%89lections_l%C3%A9gislatives_de_2024_dans_la_Haute-Vienne,,,,,1551,1277.0,2.67,2.17,1122.0,826.0,1.93,1.41,58086,58763.0,100.0,100.0,23307,22651.0,28.64,27.82,81393,81414.0,71.36,72.18,2
87-8703,87,Haute-Vienne,8703,3ème circonscription,Albin Freychet[21],albin freychet 21,RN,RN,Rassemblement national,Rassemblement national,19310.0,34.85,20992.0,37.05,https://fr.wikipedia.org/wiki/%C3%89lections_l%C3%A9gislatives_de_2024_dans_la_Haute-Vienne,,,,,1551,1277.0,2.67,2.17,1122.0,826.0,1.93,1.41,58086,58763.0,100.0,100.0,23307,22651.0,28.64,27.82,81393,81414.0,71.36,72.18,3
87-8703,87,Haute-Vienne,8703,3ème circonscription,Gilles Toulza[22],gilles toulza 22,LR (UDC)[b],DVC,Divers centre,Divers centre,14768.0,26.65,12573.0,22.19,https://fr.wikipedia.org/wiki/%C3%89lections_l%C3%A9gislatives_de_2024_dans_la_Haute-Vienne,,,,,1551,1277.0,2.67,2.17,1122.0,826.0,1.93,1.41,58086,58763.0,100.0,100.0,23307,22651.0,28.64,27.82,81393,81414.0,71.36,72.18,4
88-8801,88,Vosges,8801,1ère circonscription,Suffrages exprimés,suffrages exprimes,Suffrages exprimés,SUFFRAGES EXPRIMÉS,SUFFRAGES EXPRIMÉS,SUFFRAGES EXPRIMÉS,49478.0,97.5,49830.0,96.93,https://fr.wikipedia.org/wiki/%C3%89lections_l%C3%A9gislatives_de_2024_dans_les_Vosges,,,,,761,1105.0,1.5,2.15,508.0,473.0,1.0,0.92,50747,51408.0,100.0,100.0,25237,24575.0,33.21,32.34,75984,75983.0,66.79,67.66,1
88-8801,88,Vosges,8801,1ère circonscription,"Stéphane Viry[14],[15]",stephane viry 14 15,DC - LR (UDC),DVD,Divers droite,Divers droite,21200.0,42.85,29263.0,58.73,https://fr.wikipedia.org/wiki/%C3%89lections_l%C3%A9gislatives_de_2024_dans_les_Vosges,,,,,761,1105.0,1.5,2.15,508.0,473.0,1.0,0.92,50747,51408.0,100.0,100.0,25237,24575.0,33.21,32.34,75984,75983.0,66.79,67.66,2
88-8801,88,Vosges,8801,1ère circonscription,Pierre François[16],pierre francois 16,RN,RN,Rassemblement national,Rassemblement national,18886.0,38.17,20567.0,41.27,https://fr.wikipedia.org/wiki/%C3%89lections_l%C3%A9gislatives_de_2024_dans_les_Vosges,,,,,761,1105.0,1.5,2.15,508.0,473.0,1.0,0.92,50747,51408.0,100.0,100.0,25237,24575.0,33.21,32.34,75984,75983.0,66.79,67.66,3
88-8802,88,Vosges,8802,2ème circonscription,Suffrages exprimés,suffrages exprimes,Suffrages exprimés,SUFFRAGES EXPRIMÉS,SUFFRAGES EXPRIMÉS,SUFFRAGES EXPRIMÉS,47315.0,97.31,47470.0,95.65,https://fr.wikipedia.org/wiki/%C3%89lections_l%C3%A9gislatives_de_2024_dans_les_Vosges,,,,,850,1494.0,1.75,3.01,458.0,664.0,0.94,1.34,48623,49628.0,100.0,100.0,23273,22282.0,32.37,30.99,71896,71910.0,67.63,69.01,1
88-8802,88,Vosges,8802,2ème circonscription,Gaëtan Dussausaye[16],gaetan dussausaye 16,RN,RN,Rassemblement national,Rassemblement national,22788.0,48.16,25048.0,52.77,https://fr.wikipedia.org/wiki/%C3%89lections_l%C3%A9gislatives_de_2024_dans_les_Vosges,,,,,850,1494.0,1.75,3.01,458.0,664.0,0.94,1.34,48623,49628.0,100.0,100.0,23273,22282.0,32.37,30.99,71896,71910.0,67.63,69.01,2
88-8802,88,Vosges,8802,2ème circonscription,David Valence[14],david valence 14,PRV (ENS),ENS,Ensemble,Ensemble,14592.0,30.84,22422.0,47.23,https://fr.wikipedia.org/wiki/%C3%89lections_l%C3%A9gislatives_de_2024_dans_les_Vosges,,,,,850,1494.0,1.75,3.01,458.0,664.0,0.94,1.34,48623,49628.0,100.0,100.0,23273,22282.0,32.37,30.99,71896,71910.0,67.63,69.01,3
88-8803,88,Vosges,8803,3ème circonscription,Suffrages exprimés,suffrages exprimes,Suffrages exprimés,SUFFRAGES EXPRIMÉS,SUFFRAGES EXPRIMÉS,SUFFRAGES EXPRIMÉS,42733.0,98.14,42275.0,97.14,https://fr.wikipedia.org/wiki/%C3%89lections_l%C3%A9gislatives_de_2024_dans_les_Vosges,,,,,543,858.0,1.25,1.97,267.0,388.0,0.61,0.89,43543,43521.0,100.0,100.0,19807,19840.0,31.27,31.31,63350,63361.0,68.73,68.69,1
88-8803,88,Vosges,8803,3ème circonscription,Christophe Naegelen[14],christophe naegelen 14,UDI (UDC),DVD,Divers droite,Divers droite,20652.0,48.33,27341.0,64.67,https://fr.wikipedia.org/wiki/%C3%89lections_l%C3%A9gislatives_de_2024_dans_les_Vosges,,,,,543,858.0,1.25,1.97,267.0,388.0,0.61,0.89,43543,43521.0,100.0,100.0,19807,19840.0,31.27,31.31,63350,63361.0,68.73,68.69,2
88-8803,88,Vosges,8803,3ème circonscription,Pauline Fresse[16],pauline fresse 16,RN,RN,Rassemblement national,Rassemblement national,14287.0,33.43,14934.0,35.33,https://fr.wikipedia.org/wiki/%C3%89lections_l%C3%A9gislatives_de_2024_dans_les_Vosges,,,,,543,858.0,1.25,1.97,267.0,388.0,0.61,0.89,43543,43521.0,100.0,100.0,19807,19840.0,31.27,31.31,63350,63361.0,68.73,68.69,3
88-8804,88,Vosges,8804,4ème circonscription,Suffrages exprimés,suffrages exprimes,Suffrages exprimés,SUFFRAGES EXPRIMÉS,SUFFRAGES EXPRIMÉS,SUFFRAGES EXPRIMÉS,42755.0,96.63,42870.0,95.2,https://fr.wikipedia.org/wiki/%C3%89lections_l%C3%A9gislatives_de_2024_dans_les_Vosges,,,,,1019,1475.0,2.3,3.28,471.0,687.0,1.06,1.53,44245,45032.0,100.0,100.0,19876,19089.0,31.0,29.77,64121,64121.0,69.0,70.23,1
88-8804,88,Vosges,8804,4ème circonscription,Sébastien Humbert[16],sebastien humbert 16,RN,RN,Rassemblement national,Rassemblement national,20529.0,48.02,22797.0,53.18,https://fr.wikipedia.org/wiki/%C3%89lections_l%C3%A9gislatives_de_2024_dans_les_Vosges,,,,,1019,1475.0,2.3,3.28,471.0,687.0,1.06,1.53,44245,45032.0,100.0,100.0,19876,19089.0,31.0,29.77,64121,64121.0,69.0,70.23,2
88-8804,88,Vosges,8804,4ème circonscription,Jean-Jacques Gaultier[14],jean jacques gaultier 14,LR (UDC),LR,Les Républicains,Les Républicains,13644.0,31.91,20073.0,46.82,https://fr.wikipedia.org/wiki/%C3%89lections_l%C3%A9gislatives_de_2024_dans_les_Vosges,,,,,1019,1475.0,2.3,3.28,471.0,687.0,1.06,1.53,44245,45032.0,100.0,100.0,19876,19089.0,31.0,29.77,64121,64121.0,69.0,70.23,3
89-8901,89,Yonne,8901,1ère circonscription,Daniel Grenon,daniel grenon,RN,RN,Rassemblement national,Rassemblement national,20486.0,40.4,23737.0,51.38,https://fr.wikipedia.org/wiki/%C3%89lections_l%C3%A9gislatives_de_2024_dans_l%27Yonne,50707.0,46196.0,97.52,89.57,933,4267.0,1.79,8.27,357.0,1114.0,0.69,2.16,51997,51577.0,100.0,100.0,22976,23399.0,30.65,31.21,74973,74976.0,69.35,68.79,1
89-8901,89,Yonne,8901,1ère circonscription,Florence Loury,florence loury,LÉ (NFP),UG,Autre NFP,Autre NFP,12851.0,25.34,22459.0,48.62,https://fr.wikipedia.org/wiki/%C3%89lections_l%C3%A9gislatives_de_2024_dans_l%27Yonne,50707.0,46196.0,97.52,89.57,933,4267.0,1.79,8.27,357.0,1114.0,0.69,2.16,51997,51577.0,100.0,100.0,22976,23399.0,30.65,31.21,74973,74976.0,69.35,68.79,2
89-8902,89,Yonne,8902,2ème circonscription,"Sophie-Laurence Roy[13],[14]",sophie laurence roy 13 14,RÀD (RN),UXD,Union de l'extrême droite,Union de l'extrême droite,20997.0,44.51,23736.0,50.42,https://fr.wikipedia.org/wiki/%C3%89lections_l%C3%A9gislatives_de_2024_dans_l%27Yonne,47173.0,47078.0,96.59,95.37,1015,1664.0,2.08,3.37,649.0,624.0,1.33,1.26,48837,49366.0,100.0,100.0,23423,22894.0,32.41,31.68,72260,72260.0,67.59,68.32,1
89-8902,89,Yonne,8902,2ème circonscription,André Villiers,andre villiers,HOR (ENS),ENS,Ensemble,Ensemble,13837.0,29.33,23342.0,49.58,https://fr.wikipedia.org/wiki/%C3%89lections_l%C3%A9gislatives_de_2024_dans_l%27Yonne,47173.0,47078.0,96.59,95.37,1015,1664.0,2.08,3.37,649.0,624.0,1.33,1.26,48837,49366.0,100.0,100.0,23423,22894.0,32.41,31.68,72260,72260.0,67.59,68.32,2
90-9001,90,Territoire de Belfort,9001,1ère circonscription,Suffrages exprimés,suffrages exprimes,Suffrages exprimés,SUFFRAGES EXPRIMÉS,SUFFRAGES EXPRIMÉS,SUFFRAGES EXPRIMÉS,32015.0,97.7,31620.0,95.5,https://fr.wikipedia.org/wiki/%C3%89lections_l%C3%A9gislatives_de_2024_dans_le_Territoire_de_Belfort,,,,,493,1058.0,1.5,3.2,262.0,433.0,0.8,1.31,32770,33111.0,100.0,100.0,14783,14447.0,31.09,30.38,47553,47558.0,68.91,69.62,1
90-9001,90,Territoire de Belfort,9001,1ère circonscription,Ian Boucard,ian boucard,LR (UDC),LR,Les Républicains,Les Républicains,7679.0,23.99,17512.0,55.38,https://fr.wikipedia.org/wiki/%C3%89lections_l%C3%A9gislatives_de_2024_dans_le_Territoire_de_Belfort,,,,,493,1058.0,1.5,3.2,262.0,433.0,0.8,1.31,32770,33111.0,100.0,100.0,14783,14447.0,31.09,30.38,47553,47558.0,68.91,69.62,2
90-9001,90,Territoire de Belfort,9001,1ère circonscription,Carine Manck,carine manck,RN,RN,Rassemblement national,Rassemblement national,12719.0,39.73,14108.0,44.62,https://fr.wikipedia.org/wiki/%C3%89lections_l%C3%A9gislatives_de_2024_dans_le_Territoire_de_Belfort,,,,,493,1058.0,1.5,3.2,262.0,433.0,0.8,1.31,32770,33111.0,100.0,100.0,14783,14447.0,31.09,30.38,47553,47558.0,68.91,69.62,3
90-9002,90,Territoire de Belfort,9002,2ème circonscription,Suffrages exprimés,suffrages exprimes,Suffrages exprimés,SUFFRAGES EXPRIMÉS,SUFFRAGES EXPRIMÉS,SUFFRAGES EXPRIMÉS,31399.0,97.33,28755.0,89.28,https://fr.wikipedia.org/wiki/%C3%89lections_l%C3%A9gislatives_de_2024_dans_le_Territoire_de_Belfort,,,,,533,2517.0,1.65,7.81,329.0,936.0,1.02,2.91,32261,32208.0,100.0,100.0,14172,14226.0,30.52,30.64,46433,46434.0,69.48,69.36,1
90-9002,90,Territoire de Belfort,9002,2ème circonscription,Guillaume Bigot,guillaume bigot,RN,RN,Rassemblement national,Rassemblement national,11887.0,37.86,14546.0,50.59,https://fr.wikipedia.org/wiki/%C3%89lections_l%C3%A9gislatives_de_2024_dans_le_Territoire_de_Belfort,,,,,533,2517.0,1.65,7.81,329.0,936.0,1.02,2.91,32261,32208.0,100.0,100.0,14172,14226.0,30.52,30.64,46433,46434.0,69.48,69.36,2
90-9002,90,Territoire de Belfort,9002,2ème circonscription,Florian Chauche,florian chauche,LFI (NFP),UG,LFI / NFP,LFI / NFP,8799.0,28.02,14209.0,49.41,https://fr.wikipedia.org/wiki/%C3%89lections_l%C3%A9gislatives_de_2024_dans_le_Territoire_de_Belfort,,,,,533,2517.0,1.65,7.81,329.0,936.0,1.02,2.91,32261,32208.0,100.0,100.0,14172,14226.0,30.52,30.64,46433,46434.0,69.48,69.36,3
91-9101,91,Essonne,9101,1ère circonscription,Suffrages exprimés,suffrages exprimes,Suffrages exprimés,SUFFRAGES EXPRIMÉS,SUFFRAGES EXPRIMÉS,SUFFRAGES EXPRIMÉS,41475.0,97.52,41811.0,98.07,https://fr.wikipedia.org/wiki/%C3%89lections_l%C3%A9gislatives_de_2024_dans_l%27Essonne,,,,,703,588.0,1.65,1.38,350.0,235.0,0.82,0.55,42528,42634.0,100.0,100.0,27266,27216.0,39.07,38.96,69794,69850.0,60.93,61.04,1
91-9101,91,Essonne,9101,1ère circonscription,Farida Amrani,farida amrani,LFI (NFP),UG,LFI / NFP,LFI / NFP,19109.0,46.07,21311.0,50.97,https://fr.wikipedia.org/wiki/%C3%89lections_l%C3%A9gislatives_de_2024_dans_l%27Essonne,,,,,703,588.0,1.65,1.38,350.0,235.0,0.82,0.55,42528,42634.0,100.0,100.0,27266,27216.0,39.07,38.96,69794,69850.0,60.93,61.04,2
91-9101,91,Essonne,9101,1ère circonscription,Stéphane Beaudet,stephane beaudet,SE,DIV,Divers,Divers,11506.0,27.74,11256.0,26.92,https://fr.wikipedia.org/wiki/%C3%89lections_l%C3%A9gislatives_de_2024_dans_l%27Essonne,,,,,703,588.0,1.65,1.38,350.0,235.0,0.82,0.55,42528,42634.0,100.0,100.0,27266,27216.0,39.07,38.96,69794,69850.0,60.93,61.04,3
91-9101,91,Essonne,9101,1ère circonscription,Thiebauld Vega,thiebauld vega,RN,RN,Rassemblement national,Rassemblement national,9264.0,22.34,9244.0,22.11,https://fr.wikipedia.org/wiki/%C3%89lections_l%C3%A9gislatives_de_2024_dans_l%27Essonne,,,,,703,588.0,1.65,1.38,350.0,235.0,0.82,0.55,42528,42634.0,100.0,100.0,27266,27216.0,39.07,38.96,69794,69850.0,60.93,61.04,4
91-9102,91,Essonne,9102,2ème circonscription,Suffrages exprimés,suffrages exprimes,Suffrages exprimés,SUFFRAGES EXPRIMÉS,SUFFRAGES EXPRIMÉS,SUFFRAGES EXPRIMÉS,61064.0,97.18,55091.0,89.49,https://fr.wikipedia.org/wiki/%C3%89lections_l%C3%A9gislatives_de_2024_dans_l%27Essonne,,,,,1276,5115.0,2.03,8.31,493.0,1356.0,0.78,2.2,62833,61562.0,100.0,100.0,30085,31402.0,32.38,33.78,92918,92964.0,67.62,66.22,1
91-9102,91,Essonne,9102,2ème circonscription,Nathalie Da Conceicao Carvalho,nathalie da conceicao carvalho,RN,RN,Rassemblement national,Rassemblement national,24608.0,40.3,28898.0,52.46,https://fr.wikipedia.org/wiki/%C3%89lections_l%C3%A9gislatives_de_2024_dans_l%27Essonne,,,,,1276,5115.0,2.03,8.31,493.0,1356.0,0.78,2.2,62833,61562.0,100.0,100.0,30085,31402.0,32.38,33.78,92918,92964.0,67.62,66.22,2
91-9102,91,Essonne,9102,2ème circonscription,Mathieu Hillaire,mathieu hillaire,LFI (NFP),UG,LFI / NFP,LFI / NFP,16207.0,26.54,26193.0,47.54,https://fr.wikipedia.org/wiki/%C3%89lections_l%C3%A9gislatives_de_2024_dans_l%27Essonne,,,,,1276,5115.0,2.03,8.31,493.0,1356.0,0.78,2.2,62833,61562.0,100.0,100.0,30085,31402.0,32.38,33.78,92918,92964.0,67.62,66.22,3
91-9103,91,Essonne,9103,3ème circonscription,Suffrages exprimés,suffrages exprimes,Suffrages exprimés,SUFFRAGES EXPRIMÉS,SUFFRAGES EXPRIMÉS,SUFFRAGES EXPRIMÉS,67526.0,97.48,62360.0,90.96,https://fr.wikipedia.org/wiki/%C3%89lections_l%C3%A9gislatives_de_2024_dans_l%27Essonne,,,,,1293,4989.0,1.87,7.28,451.0,1211.0,0.65,1.77,69270,68560.0,100.0,100.0,29864,30590.0,30.12,30.85,99134,99150.0,69.88,69.15,1
91-9103,91,Essonne,9103,3ème circonscription,Steevy Gustave,steevy gustave,LÉ (NFP),UG,Autre NFP,Autre NFP,20874.0,30.91,35364.0,56.71,https://fr.wikipedia.org/wiki/%C3%89lections_l%C3%A9gislatives_de_2024_dans_l%27Essonne,,,,,1293,4989.0,1.87,7.28,451.0,1211.0,0.65,1.77,69270,68560.0,100.0,100.0,29864,30590.0,30.12,30.85,99134,99150.0,69.88,69.15,2
91-9103,91,Essonne,9103,3ème circonscription,Stefan Milosevic,stefan milosevic,RN,RN,Rassemblement national,Rassemblement national,22290.0,33.01,26996.0,43.29,https://fr.wikipedia.org/wiki/%C3%89lections_l%C3%A9gislatives_de_2024_dans_l%27Essonne,,,,,1293,4989.0,1.87,7.28,451.0,1211.0,0.65,1.77,69270,68560.0,100.0,100.0,29864,30590.0,30.12,30.85,99134,99150.0,69.88,69.15,3
91-9104,91,Essonne,9104,4ème circonscription,Suffrages exprimés,suffrages exprimes,Suffrages exprimés,SUFFRAGES EXPRIMÉS,SUFFRAGES EXPRIMÉS,SUFFRAGES EXPRIMÉS,68148.0,96.54,65658.0,95.08,https://fr.wikipedia.org/wiki/%C3%89lections_l%C3%A9gislatives_de_2024_dans_l%27Essonne,,,,,1656,2728.0,2.36,3.95,493.0,673.0,0.7,0.97,70297,69059.0,100.0,100.0,29316,30573.0,29.43,30.69,99613,99632.0,70.57,69.31,1
91-9104,91,Essonne,9104,4ème circonscription,Marie-Pierre Rixain,marie pierre rixain,RE (ENS),ENS,Ensemble,Ensemble,23108.0,33.91,42392.0,64.56,https://fr.wikipedia.org/wiki/%C3%89lections_l%C3%A9gislatives_de_2024_dans_l%27Essonne,,,,,1656,2728.0,2.36,3.95,493.0,673.0,0.7,0.97,70297,69059.0,100.0,100.0,29316,30573.0,29.43,30.69,99613,99632.0,70.57,69.31,2
91-9104,91,Essonne,9104,4ème circonscription,Jérôme Carbriand,jerome carbriand,RÀD (RN),UXD,Union de l'extrême droite,Union de l'extrême droite,21144.0,31.03,23266.0,35.44,https://fr.wikipedia.org/wiki/%C3%89lections_l%C3%A9gislatives_de_2024_dans_l%27Essonne,,,,,1656,2728.0,2.36,3.95,493.0,673.0,0.7,0.97,70297,69059.0,100.0,100.0,29316,30573.0,29.43,30.69,99613,99632.0,70.57,69.31,3
91-9105,91,Essonne,9105,5ème circonscription,Suffrages exprimés,suffrages exprimes,Suffrages exprimés,SUFFRAGES EXPRIMÉS,SUFFRAGES EXPRIMÉS,SUFFRAGES EXPRIMÉS,50381.0,98.58,44931.0,93.31,https://fr.wikipedia.org/wiki/%C3%89lections_l%C3%A9gislatives_de_2024_dans_l%27Essonne,,,,,501,2407.0,0.98,5.0,227.0,814.0,0.44,1.69,51109,48152.0,100.0,100.0,17597,20566.0,25.61,29.93,68706,68718.0,74.39,70.07,1
91-9105,91,Essonne,9105,5ème circonscription,Paul Midy,paul midy,RE (ENS),ENS,Ensemble,Ensemble,16362.0,32.48,23248.0,51.74,https://fr.wikipedia.org/wiki/%C3%89lections_l%C3%A9gislatives_de_2024_dans_l%27Essonne,,,,,501,2407.0,0.98,5.0,227.0,814.0,0.44,1.69,51109,48152.0,100.0,100.0,17597,20566.0,25.61,29.93,68706,68718.0,74.39,70.07,2
91-9105,91,Essonne,9105,5ème circonscription,Pierre Larrouturou,pierre larrouturou,ND (NFP),UG,Autre NFP,Autre NFP,19107.0,37.93,21683.0,48.26,https://fr.wikipedia.org/wiki/%C3%89lections_l%C3%A9gislatives_de_2024_dans_l%27Essonne,,,,,501,2407.0,0.98,5.0,227.0,814.0,0.44,1.69,51109,48152.0,100.0,100.0,17597,20566.0,25.61,29.93,68706,68718.0,74.39,70.07,3
91-9106,91,Essonne,9106,6ème circonscription,Suffrages exprimés,suffrages exprimes,Suffrages exprimés,SUFFRAGES EXPRIMÉS,SUFFRAGES EXPRIMÉS,SUFFRAGES EXPRIMÉS,55983.0,98.16,52506.0,95.04,https://fr.wikipedia.org/wiki/%C3%89lections_l%C3%A9gislatives_de_2024_dans_l%27Essonne,,,,,817,2194.0,1.43,3.97,231.0,544.0,0.41,0.98,57031,55244.0,100.0,100.0,26293,28102.0,31.56,33.72,83324,83346.0,68.44,66.28,1
91-9106,91,Essonne,9106,6ème circonscription,"Jérôme Guedj[52],[53]",jerome guedj 52 53,PS (NFP)[c],UG,Autre NFP,Autre NFP,19280.0,34.44,38991.0,74.26,https://fr.wikipedia.org/wiki/%C3%89lections_l%C3%A9gislatives_de_2024_dans_l%27Essonne,,,,,817,2194.0,1.43,3.97,231.0,544.0,0.41,0.98,57031,55244.0,100.0,100.0,26293,28102.0,31.56,33.72,83324,83346.0,68.44,66.28,2
91-9106,91,Essonne,9106,6ème circonscription,Natacha Goupy,natacha goupy,RN,RN,Rassemblement national,Rassemblement national,11650.0,20.81,13515.0,25.74,https://fr.wikipedia.org/wiki/%C3%89lections_l%C3%A9gislatives_de_2024_dans_l%27Essonne,,,,,817,2194.0,1.43,3.97,231.0,544.0,0.41,0.98,57031,55244.0,100.0,100.0,26293,28102.0,31.56,33.72,83324,83346.0,68.44,66.28,3
91-9107,91,Essonne,9107,7ème circonscription,Suffrages exprimés,suffrages exprimes,Suffrages exprimés,SUFFRAGES EXPRIMÉS,SUFFRAGES EXPRIMÉS,SUFFRAGES EXPRIMÉS,46565.0,97.76,46893.0,98.18,https://fr.wikipedia.org/wiki/%C3%89lections_l%C3%A9gislatives_de_2024_dans_l%27Essonne,,,,,760,640.0,1.6,1.34,307.0,230.0,0.64,0.48,47632,47763.0,100.0,100.0,26516,26424.0,35.76,35.62,74148,74187.0,64.24,64.38,1
91-9107,91,Essonne,9107,7ème circonscription,Claire Lejeune,claire lejeune,LFI (NFP),UG,LFI / NFP,LFI / NFP,19012.0,40.83,20780.0,44.31,https://fr.wikipedia.org/wiki/%C3%89lections_l%C3%A9gislatives_de_2024_dans_l%27Essonne,,,,,760,640.0,1.6,1.34,307.0,230.0,0.64,0.48,47632,47763.0,100.0,100.0,26516,26424.0,35.76,35.62,74148,74187.0,64.24,64.38,2
91-9107,91,Essonne,9107,7ème circonscription,Robin Reda,robin reda,RE (ENS),ENS,Ensemble,Ensemble,14000.0,30.07,15581.0,33.23,https://fr.wikipedia.org/wiki/%C3%89lections_l%C3%A9gislatives_de_2024_dans_l%27Essonne,,,,,760,640.0,1.6,1.34,307.0,230.0,0.64,0.48,47632,47763.0,100.0,100.0,26516,26424.0,35.76,35.62,74148,74187.0,64.24,64.38,3
91-9107,91,Essonne,9107,7ème circonscription,Audrey Guibert,audrey guibert,RN,RN,Rassemblement national,Rassemblement national,11676.0,25.07,10532.0,22.46,https://fr.wikipedia.org/wiki/%C3%89lections_l%C3%A9gislatives_de_2024_dans_l%27Essonne,,,,,760,640.0,1.6,1.34,307.0,230.0,0.64,0.48,47632,47763.0,100.0,100.0,26516,26424.0,35.76,35.62,74148,74187.0,64.24,64.38,4
91-9108,91,Essonne,9108,8ème circonscription,Suffrages exprimés,suffrages exprimes,Suffrages exprimés,SUFFRAGES EXPRIMÉS,SUFFRAGES EXPRIMÉS,SUFFRAGES EXPRIMÉS,49422.0,97.75,49817.0,98.14,https://fr.wikipedia.org/wiki/%C3%89lections_l%C3%A9gislatives_de_2024_dans_l%27Essonne,,,,,818,737.0,1.62,1.45,318.0,205.0,0.63,0.4,50558,50759.0,100.0,100.0,26007,25819.0,33.97,33.72,76565,76578.0,66.03,66.28,1
91-9108,91,Essonne,9108,8ème circonscription,Bérenger Cernon,berenger cernon,LFI (NFP),UG,LFI / NFP,LFI / NFP,16986.0,34.37,20185.0,40.52,https://fr.wikipedia.org/wiki/%C3%89lections_l%C3%A9gislatives_de_2024_dans_l%27Essonne,,,,,818,737.0,1.62,1.45,318.0,205.0,0.63,0.4,50558,50759.0,100.0,100.0,26007,25819.0,33.97,33.72,76565,76578.0,66.03,66.28,2
91-9108,91,Essonne,9108,8ème circonscription,Nicolas Dupont-Aignan[64],nicolas dupont aignan 64,DLF[e],DSV,Divers souverainistes,Divers souverainistes,16288.0,32.96,18672.0,37.48,https://fr.wikipedia.org/wiki/%C3%89lections_l%C3%A9gislatives_de_2024_dans_l%27Essonne,,,,,818,737.0,1.62,1.45,318.0,205.0,0.63,0.4,50558,50759.0,100.0,100.0,26007,25819.0,33.97,33.72,76565,76578.0,66.03,66.28,3
91-9108,91,Essonne,9108,8ème circonscription,François Durovray,francois durovray,LR - NF (UDC),DVD,Divers droite,Divers droite,13532.0,27.38,10960.0,22.0,https://fr.wikipedia.org/wiki/%C3%89lections_l%C3%A9gislatives_de_2024_dans_l%27Essonne,,,,,818,737.0,1.62,1.45,318.0,205.0,0.63,0.4,50558,50759.0,100.0,100.0,26007,25819.0,33.97,33.72,76565,76578.0,66.03,66.28,4
91-9109,91,Essonne,9109,9ème circonscription,Suffrages exprimés,suffrages exprimes,Suffrages exprimés,SUFFRAGES EXPRIMÉS,SUFFRAGES EXPRIMÉS,SUFFRAGES EXPRIMÉS,51296.0,97.39,47518.0,91.58,https://fr.wikipedia.org/wiki/%C3%89lections_l%C3%A9gislatives_de_2024_dans_l%27Essonne,,,,,1057,3498.0,2.01,6.74,319.0,869.0,0.61,1.67,52672,51885.0,100.0,100.0,27115,27927.0,33.98,34.99,79787,79812.0,66.02,65.01,1
91-9109,91,Essonne,9109,9ème circonscription,Julie Ozenne,julie ozenne,LÉ (NFP),UG,Autre NFP,Autre NFP,19288.0,37.6,29461.0,62.0,https://fr.wikipedia.org/wiki/%C3%89lections_l%C3%A9gislatives_de_2024_dans_l%27Essonne,,,,,1057,3498.0,2.01,6.74,319.0,869.0,0.61,1.67,52672,51885.0,100.0,100.0,27115,27927.0,33.98,34.99,79787,79812.0,66.02,65.01,2
91-9109,91,Essonne,9109,9ème circonscription,Paul-Henri Merrien,paul henri merrien,RN,RN,Rassemblement national,Rassemblement national,15449.0,30.12,18057.0,38.0,https://fr.wikipedia.org/wiki/%C3%89lections_l%C3%A9gislatives_de_2024_dans_l%27Essonne,,,,,1057,3498.0,2.01,6.74,319.0,869.0,0.61,1.67,52672,51885.0,100.0,100.0,27115,27927.0,33.98,34.99,79787,79812.0,66.02,65.01,3
91-9110,91,Essonne,9110,10ème circonscription,Antoine Léaument,antoine leaument,LFI (NFP),UG,LFI / NFP,LFI / NFP,16242.0,43.01,22556.0,65.16,https://fr.wikipedia.org/wiki/%C3%89lections_l%C3%A9gislatives_de_2024_dans_l%27Essonne,,,,,596,,1.54,7.22,344.0,703.0,0.89,1.85,38703,,100.0,100.0,24121,,38.39,39.43,62824,,61.61,60.57,1
91-9110,91,Essonne,9110,10ème circonscription,Michael Amand,michael amand,RN,RN,Rassemblement national,Rassemblement national,9784.0,25.91,12061.0,34.84,https://fr.wikipedia.org/wiki/%C3%89lections_l%C3%A9gislatives_de_2024_dans_l%27Essonne,,,,,596,,1.54,7.22,344.0,703.0,0.89,1.85,38703,,100.0,100.0,24121,,38.39,39.43,62824,,61.61,60.57,2
92-9201,92,Hauts-de-Seine,9201,1ère circonscription,Suffrages exprimés,suffrages exprimes,Suffrages exprimés,SUFFRAGES EXPRIMÉS,SUFFRAGES EXPRIMÉS,SUFFRAGES EXPRIMÉS,52326.0,98.19,49300.0,97.11,https://fr.wikipedia.org/wiki/%C3%89lections_l%C3%A9gislatives_de_2024_dans_les_Hauts-de-Seine,,,,,777,1206.0,1.46,2.38,186.0,262.0,0.35,0.52,53289,50768.0,100.0,100.0,18402,20944.0,25.67,29.21,71691,71712.0,74.33,70.79,1
92-9201,92,Hauts-de-Seine,9201,1ère circonscription,Thomas Lam,thomas lam,LR (UDC)[f],LR,Les Républicains,Les Républicains,21760.0,41.59,27036.0,54.84,https://fr.wikipedia.org/wiki/%C3%89lections_l%C3%A9gislatives_de_2024_dans_les_Hauts-de-Seine,,,,,777,1206.0,1.46,2.38,186.0,262.0,0.35,0.52,53289,50768.0,100.0,100.0,18402,20944.0,25.67,29.21,71691,71712.0,74.33,70.79,2
92-9201,92,Hauts-de-Seine,9201,1ère circonscription,Francesca Pasquini,francesca pasquini,G.s (NFP),UG,Autre NFP,Autre NFP,20683.0,39.53,22264.0,45.16,https://fr.wikipedia.org/wiki/%C3%89lections_l%C3%A9gislatives_de_2024_dans_les_Hauts-de-Seine,,,,,777,1206.0,1.46,2.38,186.0,262.0,0.35,0.52,53289,50768.0,100.0,100.0,18402,20944.0,25.67,29.21,71691,71712.0,74.33,70.79,3
92-9202,92,Hauts-de-Seine,9202,2ème circonscription,Suffrages exprimés,suffrages exprimes,Suffrages exprimés,SUFFRAGES EXPRIMÉS,SUFFRAGES EXPRIMÉS,SUFFRAGES EXPRIMÉS,53677.0,97.8,48343.0,95.03,https://fr.wikipedia.org/wiki/%C3%89lections_l%C3%A9gislatives_de_2024_dans_les_Hauts-de-Seine,,,,,1002,2170.0,1.83,4.27,204.0,358.0,0.37,0.7,54883,50871.0,100.0,100.0,26195,30220.0,32.31,37.27,81078,81091.0,67.69,62.73,1
92-9202,92,Hauts-de-Seine,9202,2ème circonscription,Sabrina Sebaihi,sabrina sebaihi,LÉ (NFP),UG,Autre NFP,Autre NFP,26373.0,49.13,28034.0,57.99,https://fr.wikipedia.org/wiki/%C3%89lections_l%C3%A9gislatives_de_2024_dans_les_Hauts-de-Seine,,,,,1002,2170.0,1.83,4.27,204.0,358.0,0.37,0.7,54883,50871.0,100.0,100.0,26195,30220.0,32.31,37.27,81078,81091.0,67.69,62.73,2
92-9202,92,Hauts-de-Seine,9202,2ème circonscription,Isabelle de Crécy,isabelle de crecy,HOR (ENS)[c],ENS,Ensemble,Ensemble,15899.0,29.62,20309.0,42.01,https://fr.wikipedia.org/wiki/%C3%89lections_l%C3%A9gislatives_de_2024_dans_les_Hauts-de-Seine,,,,,1002,2170.0,1.83,4.27,204.0,358.0,0.37,0.7,54883,50871.0,100.0,100.0,26195,30220.0,32.31,37.27,81078,81091.0,67.69,62.73,3
92-9203,92,Hauts-de-Seine,9203,3ème circonscription,Suffrages exprimés,suffrages exprimes,Suffrages exprimés,SUFFRAGES EXPRIMÉS,SUFFRAGES EXPRIMÉS,SUFFRAGES EXPRIMÉS,54572.0,98.81,49318.0,95.02,https://fr.wikipedia.org/wiki/%C3%89lections_l%C3%A9gislatives_de_2024_dans_les_Hauts-de-Seine,,,,,423,1850.0,0.77,3.56,232.0,735.0,0.42,1.42,55227,51903.0,100.0,100.0,22261,25611.0,28.73,33.04,77488,77514.0,71.27,66.96,1
92-9203,92,Hauts-de-Seine,9203,3ème circonscription,Céline Calvez,celine calvez,RE (ENS)[c],ENS,Ensemble,Ensemble,17255.0,31.62,27642.0,56.05,https://fr.wikipedia.org/wiki/%C3%89lections_l%C3%A9gislatives_de_2024_dans_les_Hauts-de-Seine,,,,,423,1850.0,0.77,3.56,232.0,735.0,0.42,1.42,55227,51903.0,100.0,100.0,22261,25611.0,28.73,33.04,77488,77514.0,71.27,66.96,2
92-9203,92,Hauts-de-Seine,9203,3ème circonscription,Raphaël Pitti,raphael pitti,PP (NFP),UG,Autre NFP,Autre NFP,19939.0,36.54,21676.0,43.95,https://fr.wikipedia.org/wiki/%C3%89lections_l%C3%A9gislatives_de_2024_dans_les_Hauts-de-Seine,,,,,423,1850.0,0.77,3.56,232.0,735.0,0.42,1.42,55227,51903.0,100.0,100.0,22261,25611.0,28.73,33.04,77488,77514.0,71.27,66.96,3
92-9204,92,Hauts-de-Seine,9204,4ème circonscription,Suffrages exprimés,suffrages exprimes,Suffrages exprimés,SUFFRAGES EXPRIMÉS,SUFFRAGES EXPRIMÉS,SUFFRAGES EXPRIMÉS,56366.0,98.5,51003.0,97.18,https://fr.wikipedia.org/wiki/%C3%89lections_l%C3%A9gislatives_de_2024_dans_les_Hauts-de-Seine,,,,,702,1170.0,1.23,2.23,156.0,308.0,0.27,0.59,57224,52481.0,100.0,100.0,19223,23970.0,25.15,31.35,76447,76451.0,74.85,68.65,1
92-9204,92,Hauts-de-Seine,9204,4ème circonscription,Constance Le Grip[26],constance le grip 26,RE (ENS)[g][c],ENS,Ensemble,Ensemble,22627.0,40.14,22960.0,45.02,https://fr.wikipedia.org/wiki/%C3%89lections_l%C3%A9gislatives_de_2024_dans_les_Hauts-de-Seine,,,,,702,1170.0,1.23,2.23,156.0,308.0,0.27,0.59,57224,52481.0,100.0,100.0,19223,23970.0,25.15,31.35,76447,76451.0,74.85,68.65,2
92-9204,92,Hauts-de-Seine,9204,4ème circonscription,Geoffroy Didier,geoffroy didier,LR (UDC),LR,Les Républicains,Les Républicains,11217.0,19.9,17802.0,34.9,https://fr.wikipedia.org/wiki/%C3%89lections_l%C3%A9gislatives_de_2024_dans_les_Hauts-de-Seine,,,,,702,1170.0,1.23,2.23,156.0,308.0,0.27,0.59,57224,52481.0,100.0,100.0,19223,23970.0,25.15,31.35,76447,76451.0,74.85,68.65,3
92-9204,92,Hauts-de-Seine,9204,4ème circonscription,Sihame Muscianisi,sihame muscianisi,LFI (NFP),UG,LFI / NFP,LFI / NFP,10857.0,19.26,10241.0,20.08,https://fr.wikipedia.org/wiki/%C3%89lections_l%C3%A9gislatives_de_2024_dans_les_Hauts-de-Seine,,,,,702,1170.0,1.23,2.23,156.0,308.0,0.27,0.59,57224,52481.0,100.0,100.0,19223,23970.0,25.15,31.35,76447,76451.0,74.85,68.65,4
92-9205,92,Hauts-de-Seine,9205,5ème circonscription,Suffrages exprimés,suffrages exprimes,Suffrages exprimés,SUFFRAGES EXPRIMÉS,SUFFRAGES EXPRIMÉS,SUFFRAGES EXPRIMÉS,50793.0,98.44,43969.0,92.51,https://fr.wikipedia.org/wiki/%C3%89lections_l%C3%A9gislatives_de_2024_dans_les_Hauts-de-Seine,,,,,687,3041.0,1.33,6.4,117.0,517.0,0.23,1.09,51597,47527.0,100.0,100.0,16608,20695.0,24.35,30.33,68205,68222.0,75.65,69.67,1
92-9205,92,Hauts-de-Seine,9205,5ème circonscription,Prisca Thévenot,prisca thevenot,RE (ENS)[c],ENS,Ensemble,Ensemble,20274.0,39.91,27453.0,62.44,https://fr.wikipedia.org/wiki/%C3%89lections_l%C3%A9gislatives_de_2024_dans_les_Hauts-de-Seine,,,,,687,3041.0,1.33,6.4,117.0,517.0,0.23,1.09,51597,47527.0,100.0,100.0,16608,20695.0,24.35,30.33,68205,68222.0,75.65,69.67,2
92-9205,92,Hauts-de-Seine,9205,5ème circonscription,Salomé Nicolas-Chavance,salome nicolas chavance,PS (NFP),UG,Autre NFP,Autre NFP,15392.0,30.3,16516.0,37.56,https://fr.wikipedia.org/wiki/%C3%89lections_l%C3%A9gislatives_de_2024_dans_les_Hauts-de-Seine,,,,,687,3041.0,1.33,6.4,117.0,517.0,0.23,1.09,51597,47527.0,100.0,100.0,16608,20695.0,24.35,30.33,68205,68222.0,75.65,69.67,3
92-9206,92,Hauts-de-Seine,9206,6ème circonscription,Suffrages exprimés,suffrages exprimes,Suffrages exprimés,SUFFRAGES EXPRIMÉS,SUFFRAGES EXPRIMÉS,SUFFRAGES EXPRIMÉS,46869.0,98.33,38521.0,92.08,https://fr.wikipedia.org/wiki/%C3%89lections_l%C3%A9gislatives_de_2024_dans_les_Hauts-de-Seine,,,,,796,3314.0,1.67,7.92,,,,,47665,41835.0,100.0,100.0,15798,21641.0,24.89,34.09,63463,63476.0,75.11,65.91,1
92-9206,92,Hauts-de-Seine,9206,6ème circonscription,Stéphane Séjourné[44],stephane sejourne 44,RE (ENS)[c],ENS,Ensemble,Ensemble,21593.0,46.07,27978.0,72.63,https://fr.wikipedia.org/wiki/%C3%89lections_l%C3%A9gislatives_de_2024_dans_les_Hauts-de-Seine,,,,,796,3314.0,1.67,7.92,,,,,47665,41835.0,100.0,100.0,15798,21641.0,24.89,34.09,63463,63476.0,75.11,65.91,2
92-9206,92,Hauts-de-Seine,9206,6ème circonscription,Pauline Rapilly-Ferniot,pauline rapilly ferniot,LÉ (NFP),UG,Autre NFP,Autre NFP,10024.0,21.39,10543.0,27.37,https://fr.wikipedia.org/wiki/%C3%89lections_l%C3%A9gislatives_de_2024_dans_les_Hauts-de-Seine,,,,,796,3314.0,1.67,7.92,,,,,47665,41835.0,100.0,100.0,15798,21641.0,24.89,34.09,63463,63476.0,75.11,65.91,3
92-9207,92,Hauts-de-Seine,9207,7ème circonscription,Suffrages exprimés,suffrages exprimes,Suffrages exprimés,SUFFRAGES EXPRIMÉS,SUFFRAGES EXPRIMÉS,SUFFRAGES EXPRIMÉS,58553.0,98.14,51390.0,93.35,https://fr.wikipedia.org/wiki/%C3%89lections_l%C3%A9gislatives_de_2024_dans_les_Hauts-de-Seine,,,,,1034,3359.0,1.73,6.1,76.0,299.0,0.13,0.54,59663,55048.0,100.0,100.0,20580,25215.0,25.65,31.42,80243,80263.0,74.35,68.58,1
92-9207,92,Hauts-de-Seine,9207,7ème circonscription,Gabriel Attal,gabriel attal,RE (ENS)[c],ENS,Ensemble,Ensemble,25675.0,43.85,29924.0,58.23,https://fr.wikipedia.org/wiki/%C3%89lections_l%C3%A9gislatives_de_2024_dans_les_Hauts-de-Seine,,,,,1034,3359.0,1.73,6.1,76.0,299.0,0.13,0.54,59663,55048.0,100.0,100.0,20580,25215.0,25.65,31.42,80243,80263.0,74.35,68.58,2
92-9207,92,Hauts-de-Seine,9207,7ème circonscription,Cécile Soubelet,cecile soubelet,PS (NFP),UG,Autre NFP,Autre NFP,20806.0,35.53,21466.0,41.77,https://fr.wikipedia.org/wiki/%C3%89lections_l%C3%A9gislatives_de_2024_dans_les_Hauts-de-Seine,,,,,1034,3359.0,1.73,6.1,76.0,299.0,0.13,0.54,59663,55048.0,100.0,100.0,20580,25215.0,25.65,31.42,80243,80263.0,74.35,68.58,3
92-9208,92,Hauts-de-Seine,9208,8ème circonscription,Suffrages exprimés,suffrages exprimes,Suffrages exprimés,SUFFRAGES EXPRIMÉS,SUFFRAGES EXPRIMÉS,SUFFRAGES EXPRIMÉS,67943.0,98.28,63440.0,96.05,https://fr.wikipedia.org/wiki/%C3%89lections_l%C3%A9gislatives_de_2024_dans_les_Hauts-de-Seine,,,,,827,1909.0,1.2,2.89,359.0,703.0,0.52,1.06,69129,66052.0,100.0,100.0,24694,27781.0,26.32,29.61,93823,93833.0,73.68,70.39,1
92-9208,92,Hauts-de-Seine,9208,8ème circonscription,Jean-Didier Berger,jean didier berger,LR - SL (UDC)[f],LR,Les Républicains,Les Républicains,26790.0,39.43,34455.0,54.31,https://fr.wikipedia.org/wiki/%C3%89lections_l%C3%A9gislatives_de_2024_dans_les_Hauts-de-Seine,,,,,827,1909.0,1.2,2.89,359.0,703.0,0.52,1.06,69129,66052.0,100.0,100.0,24694,27781.0,26.32,29.61,93823,93833.0,73.68,70.39,2
92-9208,92,Hauts-de-Seine,9208,8ème circonscription,Lounès Adjroud,lounes adjroud,PS (NFP),UG,Autre NFP,Autre NFP,26034.0,38.32,28985.0,45.69,https://fr.wikipedia.org/wiki/%C3%89lections_l%C3%A9gislatives_de_2024_dans_les_Hauts-de-Seine,,,,,827,1909.0,1.2,2.89,359.0,703.0,0.52,1.06,69129,66052.0,100.0,100.0,24694,27781.0,26.32,29.61,93823,93833.0,73.68,70.39,3
92-9209,92,Hauts-de-Seine,9209,9ème circonscription,Suffrages exprimés,suffrages exprimes,Suffrages exprimés,SUFFRAGES EXPRIMÉS,SUFFRAGES EXPRIMÉS,SUFFRAGES EXPRIMÉS,65652.0,98.0,59354.0,94.31,https://fr.wikipedia.org/wiki/%C3%89lections_l%C3%A9gislatives_de_2024_dans_les_Hauts-de-Seine,,,,,1251,3339.0,1.87,5.31,87.0,241.0,0.13,0.38,66990,62934.0,100.0,100.0,22348,26414.0,25.02,29.56,89338,89348.0,74.98,70.44,1
92-9209,92,Hauts-de-Seine,9209,9ème circonscription,Maud Bregeon,maud bregeon,RE (ENS)[c],ENS,Ensemble,Ensemble,25721.0,39.18,33310.0,56.12,https://fr.wikipedia.org/wiki/%C3%89lections_l%C3%A9gislatives_de_2024_dans_les_Hauts-de-Seine,,,,,1251,3339.0,1.87,5.31,87.0,241.0,0.13,0.38,66990,62934.0,100.0,100.0,22348,26414.0,25.02,29.56,89338,89348.0,74.98,70.44,2
92-9209,92,Hauts-de-Seine,9209,9ème circonscription,Brice Gaillard (d),brice gaillard d,PS (NFP),UG,Autre NFP,Autre NFP,24798.0,37.77,26044.0,43.88,https://fr.wikipedia.org/wiki/%C3%89lections_l%C3%A9gislatives_de_2024_dans_les_Hauts-de-Seine,,,,,1251,3339.0,1.87,5.31,87.0,241.0,0.13,0.38,66990,62934.0,100.0,100.0,22348,26414.0,25.02,29.56,89338,89348.0,74.98,70.44,3
93-9301,93,Seine-Saint-Denis,9301,1ère circonscription,Thomas Portes,thomas portes,LFI (NFP),UG,LFI / NFP,LFI / NFP,20648.0,41.68,30688.0,69.71,https://fr.wikipedia.org/wiki/%C3%89lections_l%C3%A9gislatives_de_2024_dans_la_Seine-Saint-Denis,49537.0,44023.0,97.69,89.65,785,4063.0,1.55,8.27,386.0,1018.0,0.76,2.07,50708,49104.0,100.0,100.0,26770,28398.0,34.55,36.64,77478,77502.0,65.45,63.36,1
93-9301,93,Seine-Saint-Denis,9301,1ère circonscription,Denis Crétin-Gielly,denis cretin gielly,RN,RN,Rassemblement national,Rassemblement national,10539.0,21.28,13335.0,30.29,https://fr.wikipedia.org/wiki/%C3%89lections_l%C3%A9gislatives_de_2024_dans_la_Seine-Saint-Denis,49537.0,44023.0,97.69,89.65,785,4063.0,1.55,8.27,386.0,1018.0,0.76,2.07,50708,49104.0,100.0,100.0,26770,28398.0,34.55,36.64,77478,77502.0,65.45,63.36,2
93-9302,93,Seine-Saint-Denis,9302,2ème circonscription,Soumya Bourouaha,soumya bourouaha,PCF (NFP),UG,PCF / NFP,PCF / NFP,15760.0,44.52,19486.0,69.98,https://fr.wikipedia.org/wiki/%C3%89lections_l%C3%A9gislatives_de_2024_dans_la_Seine-Saint-Denis,35399.0,27847.0,96.98,87.6,811,3227.0,2.22,0.1015,291.0,713.0,0.8,2.24,36501,31787.0,100.0,100.0,30936,35681.0,45.87,52.89,67437,67468.0,54.13,47.11,1
93-9302,93,Seine-Saint-Denis,9302,2ème circonscription,"Mohamed Awad[50],[51]",mohamed awad 50 51,LFI[d],FI,LFI dissidents / hors NFP,LFI dissidents / hors NFP,8462.0,23.9,8361.0,30.02,https://fr.wikipedia.org/wiki/%C3%89lections_l%C3%A9gislatives_de_2024_dans_la_Seine-Saint-Denis,35399.0,27847.0,96.98,87.6,811,3227.0,2.22,0.1015,291.0,713.0,0.8,2.24,36501,31787.0,100.0,100.0,30936,35681.0,45.87,52.89,67437,67468.0,54.13,47.11,2
93-9303,93,Seine-Saint-Denis,9303,3ème circonscription,"Aly Diouara[53],[54]",aly diouara 53 54,SSDAC - LFI (NFP),UG,LFI / NFP,LFI / NFP,12141.0,33.1,20511.0,60.55,https://fr.wikipedia.org/wiki/%C3%89lections_l%C3%A9gislatives_de_2024_dans_la_Seine-Saint-Denis,36675.0,33873.0,97.44,94.47,596,1378.0,1.58,3.84,369.0,605.0,0.98,1.69,37640,35856.0,100.0,100.0,28268,30082.0,42.89,45.62,65908,65938.0,57.11,54.38,1
93-9303,93,Seine-Saint-Denis,9303,3ème circonscription,Aude Lagarde,aude lagarde,UDI (UDC)[c],UDI,UDI,UDI,9006.0,24.56,13362.0,39.45,https://fr.wikipedia.org/wiki/%C3%89lections_l%C3%A9gislatives_de_2024_dans_la_Seine-Saint-Denis,36675.0,33873.0,97.44,94.47,596,1378.0,1.58,3.84,369.0,605.0,0.98,1.69,37640,35856.0,100.0,100.0,28268,30082.0,42.89,45.62,65908,65938.0,57.11,54.38,2
93-9304,93,Seine-Saint-Denis,9304,4ème circonscription,Alexis Corbière[25],alexis corbiere 25,LFI diss.[f],DVG,Divers gauche,Divers gauche,21802.0,40.19,25033.0,57.16,https://fr.wikipedia.org/wiki/%C3%89lections_l%C3%A9gislatives_de_2024_dans_la_Seine-Saint-Denis,54252.0,43792.0,98.03,91.75,824,3273.0,1.49,6.86,267.0,664.0,0.48,1.39,55343,47729.0,100.0,100.0,28114,35757.0,33.69,42.83,83457,83486.0,66.31,57.17,1
93-9304,93,Seine-Saint-Denis,9304,4ème circonscription,Sabrina Ali-Benali,sabrina ali benali,LFI (NFP),UG,LFI / NFP,LFI / NFP,19740.0,36.39,18759.0,42.84,https://fr.wikipedia.org/wiki/%C3%89lections_l%C3%A9gislatives_de_2024_dans_la_Seine-Saint-Denis,54252.0,43792.0,98.03,91.75,824,3273.0,1.49,6.86,267.0,664.0,0.48,1.39,55343,47729.0,100.0,100.0,28114,35757.0,33.69,42.83,83457,83486.0,66.31,57.17,2
93-9305,93,Seine-Saint-Denis,9305,5ème circonscription,Fatiha Keloua-Hachi,fatiha keloua hachi,PS (NFP),UG,Autre NFP,Autre NFP,19193.0,49.3,24476.0,68.41,https://fr.wikipedia.org/wiki/%C3%89lections_l%C3%A9gislatives_de_2024_dans_la_Seine-Saint-Denis,38934.0,35777.0,97.07,92.22,973,2643.0,2.43,6.81,201.0,377.0,0.5,0.97,40108,38797.0,100.0,100.0,22608,23937.0,36.05,38.16,62716,62734.0,63.95,61.84,1
93-9305,93,Seine-Saint-Denis,9305,5ème circonscription,Sébastien Jolivet,sebastien jolivet,RN,RN,Rassemblement national,Rassemblement national,9291.0,23.86,11301.0,31.59,https://fr.wikipedia.org/wiki/%C3%89lections_l%C3%A9gislatives_de_2024_dans_la_Seine-Saint-Denis,38934.0,35777.0,97.07,92.22,973,2643.0,2.43,6.81,201.0,377.0,0.5,0.97,40108,38797.0,100.0,100.0,22608,23937.0,36.05,38.16,62716,62734.0,63.95,61.84,2
93-9306,93,Seine-Saint-Denis,9306,6ème circonscription,Jérôme Legavre,jerome legavre,POI (NFP),UG,Autre NFP,Autre NFP,17566.0,45.11,22974.0,64.59,https://fr.wikipedia.org/wiki/%C3%89lections_l%C3%A9gislatives_de_2024_dans_la_Seine-Saint-Denis,38937.0,35570.0,97.72,91.64,650,2596.0,1.63,6.69,260.0,648.0,0.65,1.67,39847,38814.0,100.0,100.0,26527,27589.0,39.97,41.55,66374,66403.0,60.03,58.45,1
93-9306,93,Seine-Saint-Denis,9306,6ème circonscription,Jean-François Perier,jean francois perier,RN,RN,Rassemblement national,Rassemblement national,10140.0,26.04,12596.0,35.41,https://fr.wikipedia.org/wiki/%C3%89lections_l%C3%A9gislatives_de_2024_dans_la_Seine-Saint-Denis,38937.0,35570.0,97.72,91.64,650,2596.0,1.63,6.69,260.0,648.0,0.65,1.67,39847,38814.0,100.0,100.0,26527,27589.0,39.97,41.55,66374,66403.0,60.03,58.45,2
94-9401,94,Val-de-Marne,9401,1ère circonscription,Sylvain Berrios[20],sylvain berrios 20,LR (UDC)[a],DVD,Divers droite,Divers droite,16916.0,27.97,29142.0,48.75,https://fr.wikipedia.org/wiki/%C3%89lections_l%C3%A9gislatives_de_2024_dans_le_Val-de-Marne,60471.0,59777.0,98.47,98.55,665,622.0,1.08,1.03,276.0,258.0,0.45,0.43,61412,60657.0,100.0,100.0,24528,25315.0,28.54,29.45,85940,85972.0,71.46,70.55,1
94-9401,94,Val-de-Marne,9401,1ère circonscription,Lyes Louffok[19],lyes louffok 19,app. LFI (NFP),UG,LFI / NFP,LFI / NFP,19974.0,33.03,21897.0,36.63,https://fr.wikipedia.org/wiki/%C3%89lections_l%C3%A9gislatives_de_2024_dans_le_Val-de-Marne,60471.0,59777.0,98.47,98.55,665,622.0,1.08,1.03,276.0,258.0,0.45,0.43,61412,60657.0,100.0,100.0,24528,25315.0,28.54,29.45,85940,85972.0,71.46,70.55,2
94-9401,94,Val-de-Marne,9401,1ère circonscription,Anne-Gaëlle Sabourin,anne gaelle sabourin,RN,RN,Rassemblement national,Rassemblement national,11100.0,18.36,8738.0,14.62,https://fr.wikipedia.org/wiki/%C3%89lections_l%C3%A9gislatives_de_2024_dans_le_Val-de-Marne,60471.0,59777.0,98.47,98.55,665,622.0,1.08,1.03,276.0,258.0,0.45,0.43,61412,60657.0,100.0,100.0,24528,25315.0,28.54,29.45,85940,85972.0,71.46,70.55,3
94-9402,94,Val-de-Marne,9402,2ème circonscription,Louis Boyard,louis boyard,LFI (NFP),UG,LFI / NFP,LFI / NFP,19290.0,42.17,21492.0,46.92,https://fr.wikipedia.org/wiki/%C3%89lections_l%C3%A9gislatives_de_2024_dans_le_Val-de-Marne,45740.0,45809.0,96.55,97.19,1249,1015.0,2.64,2.15,385.0,309.0,0.81,0.66,47374,47133.0,100.0,100.0,26998,27272.0,36.3,36.65,74372,74405.0,63.7,63.35,1
94-9402,94,Val-de-Marne,9402,2ème circonscription,"Arnaud Barbotin[26],[27],[28],[29]",arnaud barbotin 26 27 28 29,MC - RAD (RN),UXD,Union de l'extrême droite,Union de l'extrême droite,12491.0,27.31,13810.0,30.15,https://fr.wikipedia.org/wiki/%C3%89lections_l%C3%A9gislatives_de_2024_dans_le_Val-de-Marne,45740.0,45809.0,96.55,97.19,1249,1015.0,2.64,2.15,385.0,309.0,0.81,0.66,47374,47133.0,100.0,100.0,26998,27272.0,36.3,36.65,74372,74405.0,63.7,63.35,2
94-9402,94,Val-de-Marne,9402,2ème circonscription,Loïc Signor,loic signor,RE (ENS),ENS,Ensemble,Ensemble,10871.0,23.77,10507.0,22.94,https://fr.wikipedia.org/wiki/%C3%89lections_l%C3%A9gislatives_de_2024_dans_le_Val-de-Marne,45740.0,45809.0,96.55,97.19,1249,1015.0,2.64,2.15,385.0,309.0,0.81,0.66,47374,47133.0,100.0,100.0,26998,27272.0,36.3,36.65,74372,74405.0,63.7,63.35,3
94-9403,94,Val-de-Marne,9403,3ème circonscription,Maud Petit,maud petit,MoDem (ENS),ENS,Ensemble,Ensemble,15287.0,30.58,18454.0,36.63,https://fr.wikipedia.org/wiki/%C3%89lections_l%C3%A9gislatives_de_2024_dans_le_Val-de-Marne,49989.0,50383.0,97.61,97.99,898,760.0,1.75,1.48,325.0,272.0,0.63,0.53,51212,51415.0,100.0,100.0,23671,23495.0,31.61,31.36,74883,74910.0,68.39,68.64,1
94-9403,94,Val-de-Marne,9403,3ème circonscription,Adel Amara,adel amara,LFI (NFP),UG,LFI / NFP,LFI / NFP,16505.0,33.02,18140.0,36.0,https://fr.wikipedia.org/wiki/%C3%89lections_l%C3%A9gislatives_de_2024_dans_le_Val-de-Marne,49989.0,50383.0,97.61,97.99,898,760.0,1.75,1.48,325.0,272.0,0.63,0.53,51212,51415.0,100.0,100.0,23671,23495.0,31.61,31.36,74883,74910.0,68.39,68.64,2
94-9403,94,Val-de-Marne,9403,3ème circonscription,Alain Philippet,alain philippet,RN,RN,Rassemblement national,Rassemblement national,13474.0,26.95,13789.0,27.37,https://fr.wikipedia.org/wiki/%C3%89lections_l%C3%A9gislatives_de_2024_dans_le_Val-de-Marne,49989.0,50383.0,97.61,97.99,898,760.0,1.75,1.48,325.0,272.0,0.63,0.53,51212,51415.0,100.0,100.0,23671,23495.0,31.61,31.36,74883,74910.0,68.39,68.64,3
94-9404,94,Val-de-Marne,9404,4ème circonscription,Mathieu Lefèvre,mathieu lefevre,RE (ENS),ENS,Ensemble,Ensemble,23416.0,38.52,26159.0,43.27,https://fr.wikipedia.org/wiki/%C3%89lections_l%C3%A9gislatives_de_2024_dans_le_Val-de-Marne,60786.0,60452.0,97.76,98.32,1075,821.0,1.73,1.34,316.0,212.0,0.51,0.34,62177,61485.0,100.0,100.0,29497,30223.0,32.18,32.96,91674,91708.0,67.82,67.04,1
94-9404,94,Val-de-Marne,9404,4ème circonscription,Julien Léger,julien leger,PCF (NFP),UG,PCF / NFP,PCF / NFP,22657.0,37.27,23845.0,39.44,https://fr.wikipedia.org/wiki/%C3%89lections_l%C3%A9gislatives_de_2024_dans_le_Val-de-Marne,60786.0,60452.0,97.76,98.32,1075,821.0,1.73,1.34,316.0,212.0,0.51,0.34,62177,61485.0,100.0,100.0,29497,30223.0,32.18,32.96,91674,91708.0,67.82,67.04,2
94-9404,94,Val-de-Marne,9404,4ème circonscription,Isabelle Huguenin-Richard,isabelle huguenin richard,RN,RN,Rassemblement national,Rassemblement national,12401.0,20.4,10448.0,17.28,https://fr.wikipedia.org/wiki/%C3%89lections_l%C3%A9gislatives_de_2024_dans_le_Val-de-Marne,60786.0,60452.0,97.76,98.32,1075,821.0,1.73,1.34,316.0,212.0,0.51,0.34,62177,61485.0,100.0,100.0,29497,30223.0,32.18,32.96,91674,91708.0,67.82,67.04,3
94-9405,94,Val-de-Marne,9405,5ème circonscription,Guillaume Gouffier Valente,guillaume gouffier valente,RE (ENS),ENS,Ensemble,Ensemble,22464.0,37.38,28834.0,52.54,https://fr.wikipedia.org/wiki/%C3%89lections_l%C3%A9gislatives_de_2024_dans_le_Val-de-Marne,60097.0,54883.0,98.53,95.54,608,1941.0,1.0,3.38,287.0,622.0,0.47,1.08,60992,57446.0,100.0,100.0,21439,24996.0,26.01,30.32,82431,82442.0,73.99,69.68,1
94-9405,94,Val-de-Marne,9405,5ème circonscription,May Bouhada,may bouhada,LÉ (NFP),UG,Autre NFP,Autre NFP,24417.0,40.63,26049.0,47.46,https://fr.wikipedia.org/wiki/%C3%89lections_l%C3%A9gislatives_de_2024_dans_le_Val-de-Marne,60097.0,54883.0,98.53,95.54,608,1941.0,1.0,3.38,287.0,622.0,0.47,1.08,60992,57446.0,100.0,100.0,21439,24996.0,26.01,30.32,82431,82442.0,73.99,69.68,2
94-9406,94,Val-de-Marne,9406,6ème circonscription,Vincent Jeanbrun,vincent jeanbrun,LR (UDC),LR,Les Républicains,Les Républicains,14869.0,34.64,20633.0,50.67,https://fr.wikipedia.org/wiki/%C3%89lections_l%C3%A9gislatives_de_2024_dans_le_Val-de-Marne,42927.0,40721.0,97.74,96.16,716,1239.0,1.63,2.93,278.0,387.0,0.63,0.91,43921,42347.0,100.0,100.0,22869,24464.0,34.24,36.62,66790,66811.0,65.76,63.38,1
94-9406,94,Val-de-Marne,9406,6ème circonscription,Rachel Keke,rachel keke,LFI (NFP),UG,LFI / NFP,LFI / NFP,18736.0,43.65,20088.0,49.33,https://fr.wikipedia.org/wiki/%C3%89lections_l%C3%A9gislatives_de_2024_dans_le_Val-de-Marne,42927.0,40721.0,97.74,96.16,716,1239.0,1.63,2.93,278.0,387.0,0.63,0.91,43921,42347.0,100.0,100.0,22869,24464.0,34.24,36.62,66790,66811.0,65.76,63.38,2
94-9407,94,Val-de-Marne,9407,7ème circonscription,Michel Herbillon,michel herbillon,LR (UDC),LR,Les Républicains,Les Républicains,24722.0,44.13,30568.0,58.44,https://fr.wikipedia.org/wiki/%C3%89lections_l%C3%A9gislatives_de_2024_dans_le_Val-de-Marne,56020.0,52311.0,98.66,97.31,528,1037.0,0.93,1.93,230.0,409.0,0.41,0.76,56778,53757.0,100.0,100.0,20262,23263.0,26.3,30.2,77040,77020.0,73.7,69.8,1
94-9407,94,Val-de-Marne,9407,7ème circonscription,João Martins Pereira,jo o martins pereira,PS (NFP),UG,Autre NFP,Autre NFP,20658.0,36.88,21743.0,41.56,https://fr.wikipedia.org/wiki/%C3%89lections_l%C3%A9gislatives_de_2024_dans_le_Val-de-Marne,56020.0,52311.0,98.66,97.31,528,1037.0,0.93,1.93,230.0,409.0,0.41,0.76,56778,53757.0,100.0,100.0,20262,23263.0,26.3,30.2,77040,77020.0,73.7,69.8,2
95-9501,95,Val-d'Oise,9501,1ère circonscription,Suffrages exprimés,suffrages exprimes,Suffrages exprimés,SUFFRAGES EXPRIMÉS,SUFFRAGES EXPRIMÉS,SUFFRAGES EXPRIMÉS,55941.0,97.33,56053.0,97.11,https://fr.wikipedia.org/wiki/%C3%89lections_l%C3%A9gislatives_de_2024_dans_le_Val-d%27Oise,,,,,1147,1326.0,2.0,2.3,386.0,340.0,0.67,0.59,57474,57719.0,100.0,100.0,26542,26315.0,31.59,31.31,84016,84034.0,68.41,68.69,1
95-9501,95,Val-d'Oise,9501,1ère circonscription,Anne Sicard[20],anne sicard 20,app. RN,RN,Rassemblement national,Rassemblement national,18823.0,33.65,21025.0,37.51,https://fr.wikipedia.org/wiki/%C3%89lections_l%C3%A9gislatives_de_2024_dans_le_Val-d%27Oise,,,,,1147,1326.0,2.0,2.3,386.0,340.0,0.67,0.59,57474,57719.0,100.0,100.0,26542,26315.0,31.59,31.31,84016,84034.0,68.41,68.69,2
95-9501,95,Val-d'Oise,9501,1ère circonscription,Maximilien Jules-Arthur,maximilien jules arthur,LFI (NFP),UG,LFI / NFP,LFI / NFP,17230.0,30.8,20534.0,36.63,https://fr.wikipedia.org/wiki/%C3%89lections_l%C3%A9gislatives_de_2024_dans_le_Val-d%27Oise,,,,,1147,1326.0,2.0,2.3,386.0,340.0,0.67,0.59,57474,57719.0,100.0,100.0,26542,26315.0,31.59,31.31,84016,84034.0,68.41,68.69,3
95-9501,95,Val-d'Oise,9501,1ère circonscription,Émilie Chandler,emilie chandler,RE (ENS),ENS,Ensemble,Ensemble,14244.0,25.46,14494.0,25.86,https://fr.wikipedia.org/wiki/%C3%89lections_l%C3%A9gislatives_de_2024_dans_le_Val-d%27Oise,,,,,1147,1326.0,2.0,2.3,386.0,340.0,0.67,0.59,57474,57719.0,100.0,100.0,26542,26315.0,31.59,31.31,84016,84034.0,68.41,68.69,4
95-9502,95,Val-d'Oise,9502,2ème circonscription,Suffrages exprimés,suffrages exprimes,Suffrages exprimés,SUFFRAGES EXPRIMÉS,SUFFRAGES EXPRIMÉS,SUFFRAGES EXPRIMÉS,51453.0,97.65,47623.0,96.61,https://fr.wikipedia.org/wiki/%C3%89lections_l%C3%A9gislatives_de_2024_dans_le_Val-d%27Oise,,,,,866,3573.0,1.64,6.87,370.0,790.0,0.7,1.52,52689,51986.0,100.0,100.0,26092,26810.0,33.12,34.02,78781,78796.0,66.88,65.98,1
95-9502,95,Val-d'Oise,9502,2ème circonscription,Ayda Hadizadeh,ayda hadizadeh,PS (NFP),UG,Autre NFP,Autre NFP,17221.0,33.47,28342.0,59.51,https://fr.wikipedia.org/wiki/%C3%89lections_l%C3%A9gislatives_de_2024_dans_le_Val-d%27Oise,,,,,866,3573.0,1.64,6.87,370.0,790.0,0.7,1.52,52689,51986.0,100.0,100.0,26092,26810.0,33.12,34.02,78781,78796.0,66.88,65.98,2
95-9502,95,Val-d'Oise,9502,2ème circonscription,Nadejda Rémy-Silanina[24],nadejda remy silanina 24,LAF (RN),RN,Rassemblement national,Rassemblement national,15544.0,30.21,19281.0,40.49,https://fr.wikipedia.org/wiki/%C3%89lections_l%C3%A9gislatives_de_2024_dans_le_Val-d%27Oise,,,,,866,3573.0,1.64,6.87,370.0,790.0,0.7,1.52,52689,51986.0,100.0,100.0,26092,26810.0,33.12,34.02,78781,78796.0,66.88,65.98,3
95-9503,95,Val-d'Oise,9503,3ème circonscription,Suffrages exprimés,suffrages exprimes,Suffrages exprimés,SUFFRAGES EXPRIMÉS,SUFFRAGES EXPRIMÉS,SUFFRAGES EXPRIMÉS,63827.0,98.0,58349.0,91.33,https://fr.wikipedia.org/wiki/%C3%89lections_l%C3%A9gislatives_de_2024_dans_le_Val-d%27Oise,,,,,930,4539.0,1.43,7.1,374.0,997.0,0.57,1.56,65131,63885.0,100.0,100.0,31175,32432.0,32.37,33.67,96306,96317.0,67.63,66.33,1
95-9503,95,Val-d'Oise,9503,3ème circonscription,Emmanuel Maurel,emmanuel maurel,GRS (NFP),UG,Autre NFP,Autre NFP,22742.0,35.63,36489.0,62.54,https://fr.wikipedia.org/wiki/%C3%89lections_l%C3%A9gislatives_de_2024_dans_le_Val-d%27Oise,,,,,930,4539.0,1.43,7.1,374.0,997.0,0.57,1.56,65131,63885.0,100.0,100.0,31175,32432.0,32.37,33.67,96306,96317.0,67.63,66.33,2
95-9503,95,Val-d'Oise,9503,3ème circonscription,Kimberley Lelaidier,kimberley lelaidier,RN,RN,Rassemblement national,Rassemblement national,17608.0,27.59,21860.0,37.46,https://fr.wikipedia.org/wiki/%C3%89lections_l%C3%A9gislatives_de_2024_dans_le_Val-d%27Oise,,,,,930,4539.0,1.43,7.1,374.0,997.0,0.57,1.56,65131,63885.0,100.0,100.0,31175,32432.0,32.37,33.67,96306,96317.0,67.63,66.33,3
95-9504,95,Val-d'Oise,9504,4ème circonscription,Suffrages exprimés,suffrages exprimes,Suffrages exprimés,SUFFRAGES EXPRIMÉS,SUFFRAGES EXPRIMÉS,SUFFRAGES EXPRIMÉS,50492.0,98.08,44848.0,92.45,https://fr.wikipedia.org/wiki/%C3%89lections_l%C3%A9gislatives_de_2024_dans_le_Val-d%27Oise,,,,,728,2780.0,1.41,5.73,262.0,880.0,0.51,1.81,51482,48508.0,100.0,100.0,24780,27751.0,32.49,36.39,76262,76259.0,67.51,63.61,1
95-9504,95,Val-d'Oise,9504,4ème circonscription,Naïma Moutchou,naima moutchou,HOR (ENS),ENS,Ensemble,Ensemble,14084.0,27.89,24840.0,55.39,https://fr.wikipedia.org/wiki/%C3%89lections_l%C3%A9gislatives_de_2024_dans_le_Val-d%27Oise,,,,,728,2780.0,1.41,5.73,262.0,880.0,0.51,1.81,51482,48508.0,100.0,100.0,24780,27751.0,32.49,36.39,76262,76259.0,67.51,63.61,2
95-9504,95,Val-d'Oise,9504,4ème circonscription,Karine Lacouture,karine lacouture,LFI (NFP),UG,LFI / NFP,LFI / NFP,17498.0,34.65,20008.0,44.61,https://fr.wikipedia.org/wiki/%C3%89lections_l%C3%A9gislatives_de_2024_dans_le_Val-d%27Oise,,,,,728,2780.0,1.41,5.73,262.0,880.0,0.51,1.81,51482,48508.0,100.0,100.0,24780,27751.0,32.49,36.39,76262,76259.0,67.51,63.61,3
95-9505,95,Val-d'Oise,9505,5ème circonscription,Suffrages exprimés,suffrages exprimes,Suffrages exprimés,SUFFRAGES EXPRIMÉS,SUFFRAGES EXPRIMÉS,SUFFRAGES EXPRIMÉS,49435.0,98.24,48864.0,98.07,https://fr.wikipedia.org/wiki/%C3%89lections_l%C3%A9gislatives_de_2024_dans_le_Val-d%27Oise,,,,,626,738.0,1.24,1.48,260.0,223.0,0.52,0.45,50321,49825.0,100.0,100.0,25432,25954.0,33.57,34.25,75753,75779.0,66.43,65.75,1
95-9505,95,Val-d'Oise,9505,5ème circonscription,Gabrielle Cathala,gabrielle cathala,LFI (NFP),UG,LFI / NFP,LFI / NFP,18603.0,37.63,21326.0,43.64,https://fr.wikipedia.org/wiki/%C3%89lections_l%C3%A9gislatives_de_2024_dans_le_Val-d%27Oise,,,,,626,738.0,1.24,1.48,260.0,223.0,0.52,0.45,50321,49825.0,100.0,100.0,25432,25954.0,33.57,34.25,75753,75779.0,66.43,65.75,2
95-9505,95,Val-d'Oise,9505,5ème circonscription,"Estelle Folest[48],[49]",estelle folest 48 49,MoDem (ENS),ENS,Ensemble,Ensemble,12745.0,25.78,16149.0,33.05,https://fr.wikipedia.org/wiki/%C3%89lections_l%C3%A9gislatives_de_2024_dans_le_Val-d%27Oise,,,,,626,738.0,1.24,1.48,260.0,223.0,0.52,0.45,50321,49825.0,100.0,100.0,25432,25954.0,33.57,34.25,75753,75779.0,66.43,65.75,3
95-9505,95,Val-d'Oise,9505,5ème circonscription,Annika Bruna,annika bruna,RN,RN,Rassemblement national,Rassemblement national,10911.0,22.07,11389.0,23.31,https://fr.wikipedia.org/wiki/%C3%89lections_l%C3%A9gislatives_de_2024_dans_le_Val-d%27Oise,,,,,626,738.0,1.24,1.48,260.0,223.0,0.52,0.45,50321,49825.0,100.0,100.0,25432,25954.0,33.57,34.25,75753,75779.0,66.43,65.75,4
95-9506,95,Val-d'Oise,9506,6ème circonscription,Suffrages exprimés,suffrages exprimes,Suffrages exprimés,SUFFRAGES EXPRIMÉS,SUFFRAGES EXPRIMÉS,SUFFRAGES EXPRIMÉS,44271.0,97.78,40801.0,92.57,https://fr.wikipedia.org/wiki/%C3%89lections_l%C3%A9gislatives_de_2024_dans_le_Val-d%27Oise,,,,,712,2674.0,1.57,6.07,294.0,603.0,0.65,1.37,45277,44078.0,100.0,100.0,23262,24500.0,33.94,35.73,68539,68578.0,66.06,64.27,1
95-9506,95,Val-d'Oise,9506,6ème circonscription,Romain Eskenazi,romain eskenazi,PS (NFP),UG,Autre NFP,Autre NFP,16797.0,37.94,24713.0,60.57,https://fr.wikipedia.org/wiki/%C3%89lections_l%C3%A9gislatives_de_2024_dans_le_Val-d%27Oise,,,,,712,2674.0,1.57,6.07,294.0,603.0,0.65,1.37,45277,44078.0,100.0,100.0,23262,24500.0,33.94,35.73,68539,68578.0,66.06,64.27,2
95-9506,95,Val-d'Oise,9506,6ème circonscription,David Quentin,david quentin,RN,RN,Rassemblement national,Rassemblement national,12065.0,27.25,16088.0,39.43,https://fr.wikipedia.org/wiki/%C3%89lections_l%C3%A9gislatives_de_2024_dans_le_Val-d%27Oise,,,,,712,2674.0,1.57,6.07,294.0,603.0,0.65,1.37,45277,44078.0,100.0,100.0,23262,24500.0,33.94,35.73,68539,68578.0,66.06,64.27,3
95-9507,95,Val-d'Oise,9507,7ème circonscription,Suffrages exprimés,suffrages exprimes,Suffrages exprimés,SUFFRAGES EXPRIMÉS,SUFFRAGES EXPRIMÉS,SUFFRAGES EXPRIMÉS,42126.0,97.59,39682.0,92.32,https://fr.wikipedia.org/wiki/%C3%89lections_l%C3%A9gislatives_de_2024_dans_le_Val-d%27Oise,,,,,711,2560.0,1.65,5.96,331.0,740.0,0.77,1.72,43168,42982.0,100.0,100.0,28446,28662.0,39.72,40.01,71614,71644.0,60.28,59.99,1
95-9507,95,Val-d'Oise,9507,7ème circonscription,Arnaud Le Gall,arnaud le gall,LFI (NFP),UG,LFI / NFP,LFI / NFP,17157.0,40.73,23918.0,60.27,https://fr.wikipedia.org/wiki/%C3%89lections_l%C3%A9gislatives_de_2024_dans_le_Val-d%27Oise,,,,,711,2560.0,1.65,5.96,331.0,740.0,0.77,1.72,43168,42982.0,100.0,100.0,28446,28662.0,39.72,40.01,71614,71644.0,60.28,59.99,2
95-9507,95,Val-d'Oise,9507,7ème circonscription,Agnès Marion,agnes marion,RN,RN,Rassemblement national,Rassemblement national,12872.0,30.56,15764.0,39.73,https://fr.wikipedia.org/wiki/%C3%89lections_l%C3%A9gislatives_de_2024_dans_le_Val-d%27Oise,,,,,711,2560.0,1.65,5.96,331.0,740.0,0.77,1.72,43168,42982.0,100.0,100.0,28446,28662.0,39.72,40.01,71614,71644.0,60.28,59.99,3
95-9508,95,Val-d'Oise,9508,8ème circonscription,Suffrages exprimés,suffrages exprimes,Suffrages exprimés,SUFFRAGES EXPRIMÉS,SUFFRAGES EXPRIMÉS,SUFFRAGES EXPRIMÉS,42442.0,97.38,38568.0,90.22,https://fr.wikipedia.org/wiki/%C3%89lections_l%C3%A9gislatives_de_2024_dans_le_Val-d%27Oise,,,,,906,3583.0,2.08,8.38,237.0,599.0,0.54,1.4,43585,42750.0,100.0,100.0,23188,24056.0,34.73,36.04,66773,66806.0,65.27,63.99,1
95-9508,95,Val-d'Oise,9508,8ème circonscription,Aurélien Taché,aurelien tache,LFI (NFP),UG,LFI / NFP,LFI / NFP,18306.0,43.13,26852.0,69.62,https://fr.wikipedia.org/wiki/%C3%89lections_l%C3%A9gislatives_de_2024_dans_le_Val-d%27Oise,,,,,906,3583.0,2.08,8.38,237.0,599.0,0.54,1.4,43585,42750.0,100.0,100.0,23188,24056.0,34.73,36.04,66773,66806.0,65.27,63.99,2
95-9508,95,Val-d'Oise,9508,8ème circonscription,Lisbeth Macé,lisbeth mace,RN,RN,Rassemblement national,Rassemblement national,9667.0,22.78,11716.0,30.38,https://fr.wikipedia.org/wiki/%C3%89lections_l%C3%A9gislatives_de_2024_dans_le_Val-d%27Oise,,,,,906,3583.0,2.08,8.38,237.0,599.0,0.54,1.4,43585,42750.0,100.0,100.0,23188,24056.0,34.73,36.04,66773,66806.0,65.27,63.99,3
971-97101,971,Guadeloupe,97101,1ère circonscription,Xavier Breton,xavier breton,LR (UDC),LR,Les Républicains,Les Républicains,14495.0,23.96,33889.0,56.48,https://fr.wikipedia.org/wiki/%C3%89lections_l%C3%A9gislatives_de_2024_dans_l%27Ain,60495.0,60005.0,97.84,96.3,929,1797.0,1.5,2.88,406.0,509.0,0.66,0.82,61830,62311.0,100.0,100.0,25013,24543.0,28.8,28.26,86843,86854.0,71.2,71.74,1
971-97101,971,Guadeloupe,97101,1ère circonscription,Christophe Maître,christophe maitre,RN,RN,Rassemblement national,Rassemblement national,23819.0,39.37,26116.0,43.52,https://fr.wikipedia.org/wiki/%C3%89lections_l%C3%A9gislatives_de_2024_dans_l%27Ain,60495.0,60005.0,97.84,96.3,929,1797.0,1.5,2.88,406.0,509.0,0.66,0.82,61830,62311.0,100.0,100.0,25013,24543.0,28.8,28.26,86843,86854.0,71.2,71.74,2
971-97102,971,Guadeloupe,97102,2ème circonscription,Romain Daubié,romain daubie,MoDem (ENS),ENS,Ensemble,Ensemble,17414.0,24.21,38973.0,55.09,https://fr.wikipedia.org/wiki/%C3%89lections_l%C3%A9gislatives_de_2024_dans_l%27Ain,71918.0,70739.0,97.93,96.14,1198,2298.0,1.63,3.12,321.0,542.0,0.44,0.74,73437,73579.0,100.0,100.0,28437,28326.0,27.91,27.8,101874,101905.0,72.09,72.2,1
971-97102,971,Guadeloupe,97102,2ème circonscription,Andréa Kotarac,andrea kotarac,RN,RN,Rassemblement national,Rassemblement national,28189.0,39.2,31766.0,44.91,https://fr.wikipedia.org/wiki/%C3%89lections_l%C3%A9gislatives_de_2024_dans_l%27Ain,71918.0,70739.0,97.93,96.14,1198,2298.0,1.63,3.12,321.0,542.0,0.44,0.74,73437,73579.0,100.0,100.0,28437,28326.0,27.91,27.8,101874,101905.0,72.09,72.2,2
971-97103,971,Guadeloupe,97103,3ème circonscription,Olga Givernet,olga givernet,RE (ENS),ENS,Ensemble,Ensemble,17420.0,32.43,32958.0,63.0,https://fr.wikipedia.org/wiki/%C3%89lections_l%C3%A9gislatives_de_2024_dans_l%27Ain,53720.0,52317.0,97.74,95.69,860,1856.0,1.56,3.39,381.0,499.0,0.69,0.91,54961,54672.0,100.0,100.0,29169,29496.0,34.67,35.04,84130,84168.0,65.33,64.96,1
971-97103,971,Guadeloupe,97103,3ème circonscription,Karine Dubarry,karine dubarry,RN,RN,Rassemblement national,Rassemblement national,17252.0,32.11,19359.0,37.0,https://fr.wikipedia.org/wiki/%C3%89lections_l%C3%A9gislatives_de_2024_dans_l%27Ain,53720.0,52317.0,97.74,95.69,860,1856.0,1.56,3.39,381.0,499.0,0.69,0.91,54961,54672.0,100.0,100.0,29169,29496.0,34.67,35.04,84130,84168.0,65.33,64.96,2
971-97104,971,Guadeloupe,97104,4ème circonscription,Jérôme Buisson,jerome buisson,RN,RN,Rassemblement national,Rassemblement national,30221.0,46.01,33186.0,51.35,https://fr.wikipedia.org/wiki/%C3%89lections_l%C3%A9gislatives_de_2024_dans_l%27Ain,65687.0,64623.0,97.2,95.4,1361,2419.0,2.01,3.57,532.0,697.0,0.79,1.03,67580,67739.0,100.0,100.0,28539,28394.0,29.69,29.54,96119,96133.0,70.31,70.46,1
971-97104,971,Guadeloupe,97104,4ème circonscription,Christophe Coquelet,christophe coquelet,HOR (ENS),ENS,Ensemble,Ensemble,14367.0,21.87,31437.0,48.65,https://fr.wikipedia.org/wiki/%C3%89lections_l%C3%A9gislatives_de_2024_dans_l%27Ain,65687.0,64623.0,97.2,95.4,1361,2419.0,2.01,3.57,532.0,697.0,0.79,1.03,67580,67739.0,100.0,100.0,28539,28394.0,29.69,29.54,96119,96133.0,70.31,70.46,2
971-97105,971,Guadeloupe,97105,5ème circonscription,Marc Chavent[28],marc chavent 28,RÀD (RN),UXD,Union de l'extrême droite,Union de l'extrême droite,20161.0,39.12,27040.0,57.53,https://fr.wikipedia.org/wiki/%C3%89lections_l%C3%A9gislatives_de_2024_dans_l%27Ain,51532.0,47004.0,97.28,88.88,978,4683.0,1.85,8.85,463.0,1200.0,0.87,2.27,52973,52887.0,100.0,100.0,24927,25032.0,32.0,32.13,77900,77919.0,68.0,67.87,1
971-97105,971,Guadeloupe,97105,5ème circonscription,Florence Pisani,florence pisani,LFI (NFP),UG,LFI / NFP,LFI / NFP,12542.0,24.34,19964.0,42.47,https://fr.wikipedia.org/wiki/%C3%89lections_l%C3%A9gislatives_de_2024_dans_l%27Ain,51532.0,47004.0,97.28,88.88,978,4683.0,1.85,8.85,463.0,1200.0,0.87,2.27,52973,52887.0,100.0,100.0,24927,25032.0,32.0,32.13,77900,77919.0,68.0,67.87,2
972-97201,972,Martinique,97201,1ère circonscription,Xavier Breton,xavier breton,LR (UDC),LR,Les Républicains,Les Républicains,14495.0,23.96,33889.0,56.48,https://fr.wikipedia.org/wiki/%C3%89lections_l%C3%A9gislatives_de_2024_dans_l%27Ain,60495.0,60005.0,97.84,96.3,929,1797.0,1.5,2.88,406.0,509.0,0.66,0.82,61830,62311.0,100.0,100.0,25013,24543.0,28.8,28.26,86843,86854.0,71.2,71.74,1
972-97201,972,Martinique,97201,1ère circonscription,Christophe Maître,christophe maitre,RN,RN,Rassemblement national,Rassemblement national,23819.0,39.37,26116.0,43.52,https://fr.wikipedia.org/wiki/%C3%89lections_l%C3%A9gislatives_de_2024_dans_l%27Ain,60495.0,60005.0,97.84,96.3,929,1797.0,1.5,2.88,406.0,509.0,0.66,0.82,61830,62311.0,100.0,100.0,25013,24543.0,28.8,28.26,86843,86854.0,71.2,71.74,2
972-97202,972,Martinique,97202,2ème circonscription,Romain Daubié,romain daubie,MoDem (ENS),ENS,Ensemble,Ensemble,17414.0,24.21,38973.0,55.09,https://fr.wikipedia.org/wiki/%C3%89lections_l%C3%A9gislatives_de_2024_dans_l%27Ain,71918.0,70739.0,97.93,96.14,1198,2298.0,1.63,3.12,321.0,542.0,0.44,0.74,73437,73579.0,100.0,100.0,28437,28326.0,27.91,27.8,101874,101905.0,72.09,72.2,1
972-97202,972,Martinique,97202,2ème circonscription,Andréa Kotarac,andrea kotarac,RN,RN,Rassemblement national,Rassemblement national,28189.0,39.2,31766.0,44.91,https://fr.wikipedia.org/wiki/%C3%89lections_l%C3%A9gislatives_de_2024_dans_l%27Ain,71918.0,70739.0,97.93,96.14,1198,2298.0,1.63,3.12,321.0,542.0,0.44,0.74,73437,73579.0,100.0,100.0,28437,28326.0,27.91,27.8,101874,101905.0,72.09,72.2,2
972-97203,972,Martinique,97203,3ème circonscription,Olga Givernet,olga givernet,RE (ENS),ENS,Ensemble,Ensemble,17420.0,32.43,32958.0,63.0,https://fr.wikipedia.org/wiki/%C3%89lections_l%C3%A9gislatives_de_2024_dans_l%27Ain,53720.0,52317.0,97.74,95.69,860,1856.0,1.56,3.39,381.0,499.0,0.69,0.91,54961,54672.0,100.0,100.0,29169,29496.0,34.67,35.04,84130,84168.0,65.33,64.96,1
972-97203,972,Martinique,97203,3ème circonscription,Karine Dubarry,karine dubarry,RN,RN,Rassemblement national,Rassemblement national,17252.0,32.11,19359.0,37.0,https://fr.wikipedia.org/wiki/%C3%89lections_l%C3%A9gislatives_de_2024_dans_l%27Ain,53720.0,52317.0,97.74,95.69,860,1856.0,1.56,3.39,381.0,499.0,0.69,0.91,54961,54672.0,100.0,100.0,29169,29496.0,34.67,35.04,84130,84168.0,65.33,64.96,2
972-97204,972,Martinique,97204,4ème circonscription,Jérôme Buisson,jerome buisson,RN,RN,Rassemblement national,Rassemblement national,30221.0,46.01,33186.0,51.35,https://fr.wikipedia.org/wiki/%C3%89lections_l%C3%A9gislatives_de_2024_dans_l%27Ain,65687.0,64623.0,97.2,95.4,1361,2419.0,2.01,3.57,532.0,697.0,0.79,1.03,67580,67739.0,100.0,100.0,28539,28394.0,29.69,29.54,96119,96133.0,70.31,70.46,1
972-97204,972,Martinique,97204,4ème circonscription,Christophe Coquelet,christophe coquelet,HOR (ENS),ENS,Ensemble,Ensemble,14367.0,21.87,31437.0,48.65,https://fr.wikipedia.org/wiki/%C3%89lections_l%C3%A9gislatives_de_2024_dans_l%27Ain,65687.0,64623.0,97.2,95.4,1361,2419.0,2.01,3.57,532.0,697.0,0.79,1.03,67580,67739.0,100.0,100.0,28539,28394.0,29.69,29.54,96119,96133.0,70.31,70.46,2
972-97205,972,Martinique,97205,5ème circonscription,Marc Chavent[28],marc chavent 28,RÀD (RN),UXD,Union de l'extrême droite,Union de l'extrême droite,20161.0,39.12,27040.0,57.53,https://fr.wikipedia.org/wiki/%C3%89lections_l%C3%A9gislatives_de_2024_dans_l%27Ain,51532.0,47004.0,97.28,88.88,978,4683.0,1.85,8.85,463.0,1200.0,0.87,2.27,52973,52887.0,100.0,100.0,24927,25032.0,32.0,32.13,77900,77919.0,68.0,67.87,1
972-97205,972,Martinique,97205,5ème circonscription,Florence Pisani,florence pisani,LFI (NFP),UG,LFI / NFP,LFI / NFP,12542.0,24.34,19964.0,42.47,https://fr.wikipedia.org/wiki/%C3%89lections_l%C3%A9gislatives_de_2024_dans_l%27Ain,51532.0,47004.0,97.28,88.88,978,4683.0,1.85,8.85,463.0,1200.0,0.87,2.27,52973,52887.0,100.0,100.0,24927,25032.0,32.0,32.13,77900,77919.0,68.0,67.87,2
973-97301,973,Guyane,97301,1ère circonscription,Xavier Breton,xavier breton,LR (UDC),LR,Les Républicains,Les Républicains,14495.0,23.96,33889.0,56.48,https://fr.wikipedia.org/wiki/%C3%89lections_l%C3%A9gislatives_de_2024_dans_l%27Ain,60495.0,60005.0,97.84,96.3,929,1797.0,1.5,2.88,406.0,509.0,0.66,0.82,61830,62311.0,100.0,100.0,25013,24543.0,28.8,28.26,86843,86854.0,71.2,71.74,1
973-97301,973,Guyane,97301,1ère circonscription,Christophe Maître,christophe maitre,RN,RN,Rassemblement national,Rassemblement national,23819.0,39.37,26116.0,43.52,https://fr.wikipedia.org/wiki/%C3%89lections_l%C3%A9gislatives_de_2024_dans_l%27Ain,60495.0,60005.0,97.84,96.3,929,1797.0,1.5,2.88,406.0,509.0,0.66,0.82,61830,62311.0,100.0,100.0,25013,24543.0,28.8,28.26,86843,86854.0,71.2,71.74,2
973-97302,973,Guyane,97302,2ème circonscription,Romain Daubié,romain daubie,MoDem (ENS),ENS,Ensemble,Ensemble,17414.0,24.21,38973.0,55.09,https://fr.wikipedia.org/wiki/%C3%89lections_l%C3%A9gislatives_de_2024_dans_l%27Ain,71918.0,70739.0,97.93,96.14,1198,2298.0,1.63,3.12,321.0,542.0,0.44,0.74,73437,73579.0,100.0,100.0,28437,28326.0,27.91,27.8,101874,101905.0,72.09,72.2,1
973-97302,973,Guyane,97302,2ème circonscription,Andréa Kotarac,andrea kotarac,RN,RN,Rassemblement national,Rassemblement national,28189.0,39.2,31766.0,44.91,https://fr.wikipedia.org/wiki/%C3%89lections_l%C3%A9gislatives_de_2024_dans_l%27Ain,71918.0,70739.0,97.93,96.14,1198,2298.0,1.63,3.12,321.0,542.0,0.44,0.74,73437,73579.0,100.0,100.0,28437,28326.0,27.91,27.8,101874,101905.0,72.09,72.2,2
973-97303,973,Guyane,97303,3ème circonscription,Olga Givernet,olga givernet,RE (ENS),ENS,Ensemble,Ensemble,17420.0,32.43,32958.0,63.0,https://fr.wikipedia.org/wiki/%C3%89lections_l%C3%A9gislatives_de_2024_dans_l%27Ain,53720.0,52317.0,97.74,95.69,860,1856.0,1.56,3.39,381.0,499.0,0.69,0.91,54961,54672.0,100.0,100.0,29169,29496.0,34.67,35.04,84130,84168.0,65.33,64.96,1
973-97303,973,Guyane,97303,3ème circonscription,Karine Dubarry,karine dubarry,RN,RN,Rassemblement national,Rassemblement national,17252.0,32.11,19359.0,37.0,https://fr.wikipedia.org/wiki/%C3%89lections_l%C3%A9gislatives_de_2024_dans_l%27Ain,53720.0,52317.0,97.74,95.69,860,1856.0,1.56,3.39,381.0,499.0,0.69,0.91,54961,54672.0,100.0,100.0,29169,29496.0,34.67,35.04,84130,84168.0,65.33,64.96,2
973-97304,973,Guyane,97304,4ème circonscription,Jérôme Buisson,jerome buisson,RN,RN,Rassemblement national,Rassemblement national,30221.0,46.01,33186.0,51.35,https://fr.wikipedia.org/wiki/%C3%89lections_l%C3%A9gislatives_de_2024_dans_l%27Ain,65687.0,64623.0,97.2,95.4,1361,2419.0,2.01,3.57,532.0,697.0,0.79,1.03,67580,67739.0,100.0,100.0,28539,28394.0,29.69,29.54,96119,96133.0,70.31,70.46,1
973-97304,973,Guyane,97304,4ème circonscription,Christophe Coquelet,christophe coquelet,HOR (ENS),ENS,Ensemble,Ensemble,14367.0,21.87,31437.0,48.65,https://fr.wikipedia.org/wiki/%C3%89lections_l%C3%A9gislatives_de_2024_dans_l%27Ain,65687.0,64623.0,97.2,95.4,1361,2419.0,2.01,3.57,532.0,697.0,0.79,1.03,67580,67739.0,100.0,100.0,28539,28394.0,29.69,29.54,96119,96133.0,70.31,70.46,2
973-97305,973,Guyane,97305,5ème circonscription,Marc Chavent[28],marc chavent 28,RÀD (RN),UXD,Union de l'extrême droite,Union de l'extrême droite,20161.0,39.12,27040.0,57.53,https://fr.wikipedia.org/wiki/%C3%89lections_l%C3%A9gislatives_de_2024_dans_l%27Ain,51532.0,47004.0,97.28,88.88,978,4683.0,1.85,8.85,463.0,1200.0,0.87,2.27,52973,52887.0,100.0,100.0,24927,25032.0,32.0,32.13,77900,77919.0,68.0,67.87,1
973-97305,973,Guyane,97305,5ème circonscription,Florence Pisani,florence pisani,LFI (NFP),UG,LFI / NFP,LFI / NFP,12542.0,24.34,19964.0,42.47,https://fr.wikipedia.org/wiki/%C3%89lections_l%C3%A9gislatives_de_2024_dans_l%27Ain,51532.0,47004.0,97.28,88.88,978,4683.0,1.85,8.85,463.0,1200.0,0.87,2.27,52973,52887.0,100.0,100.0,24927,25032.0,32.0,32.13,77900,77919.0,68.0,67.87,2
974-97401,974,La Réunion,97401,1ère circonscription,Xavier Breton,xavier breton,LR (UDC),LR,Les Républicains,Les Républicains,14495.0,23.96,33889.0,56.48,https://fr.wikipedia.org/wiki/%C3%89lections_l%C3%A9gislatives_de_2024_dans_l%27Ain,60495.0,60005.0,97.84,96.3,929,1797.0,1.5,2.88,406.0,509.0,0.66,0.82,61830,62311.0,100.0,100.0,25013,24543.0,28.8,28.26,86843,86854.0,71.2,71.74,1
974-97401,974,La Réunion,97401,1ère circonscription,Christophe Maître,christophe maitre,RN,RN,Rassemblement national,Rassemblement national,23819.0,39.37,26116.0,43.52,https://fr.wikipedia.org/wiki/%C3%89lections_l%C3%A9gislatives_de_2024_dans_l%27Ain,60495.0,60005.0,97.84,96.3,929,1797.0,1.5,2.88,406.0,509.0,0.66,0.82,61830,62311.0,100.0,100.0,25013,24543.0,28.8,28.26,86843,86854.0,71.2,71.74,2
974-97402,974,La Réunion,97402,2ème circonscription,Romain Daubié,romain daubie,MoDem (ENS),ENS,Ensemble,Ensemble,17414.0,24.21,38973.0,55.09,https://fr.wikipedia.org/wiki/%C3%89lections_l%C3%A9gislatives_de_2024_dans_l%27Ain,71918.0,70739.0,97.93,96.14,1198,2298.0,1.63,3.12,321.0,542.0,0.44,0.74,73437,73579.0,100.0,100.0,28437,28326.0,27.91,27.8,101874,101905.0,72.09,72.2,1
974-97402,974,La Réunion,97402,2ème circonscription,Andréa Kotarac,andrea kotarac,RN,RN,Rassemblement national,Rassemblement national,28189.0,39.2,31766.0,44.91,https://fr.wikipedia.org/wiki/%C3%89lections_l%C3%A9gislatives_de_2024_dans_l%27Ain,71918.0,70739.0,97.93,96.14,1198,2298.0,1.63,3.12,321.0,542.0,0.44,0.74,73437,73579.0,100.0,100.0,28437,28326.0,27.91,27.8,101874,101905.0,72.09,72.2,2
974-97403,974,La Réunion,97403,3ème circonscription,Olga Givernet,olga givernet,RE (ENS),ENS,Ensemble,Ensemble,17420.0,32.43,32958.0,63.0,https://fr.wikipedia.org/wiki/%C3%89lections_l%C3%A9gislatives_de_2024_dans_l%27Ain,53720.0,52317.0,97.74,95.69,860,1856.0,1.56,3.39,381.0,499.0,0.69,0.91,54961,54672.0,100.0,100.0,29169,29496.0,34.67,35.04,84130,84168.0,65.33,64.96,1
974-97403,974,La Réunion,97403,3ème circonscription,Karine Dubarry,karine dubarry,RN,RN,Rassemblement national,Rassemblement national,17252.0,32.11,19359.0,37.0,https://fr.wikipedia.org/wiki/%C3%89lections_l%C3%A9gislatives_de_2024_dans_l%27Ain,53720.0,52317.0,97.74,95.69,860,1856.0,1.56,3.39,381.0,499.0,0.69,0.91,54961,54672.0,100.0,100.0,29169,29496.0,34.67,35.04,84130,84168.0,65.33,64.96,2
974-97404,974,La Réunion,97404,4ème circonscription,Jérôme Buisson,jerome buisson,RN,RN,Rassemblement national,Rassemblement national,30221.0,46.01,33186.0,51.35,https://fr.wikipedia.org/wiki/%C3%89lections_l%C3%A9gislatives_de_2024_dans_l%27Ain,65687.0,64623.0,97.2,95.4,1361,2419.0,2.01,3.57,532.0,697.0,0.79,1.03,67580,67739.0,100.0,100.0,28539,28394.0,29.69,29.54,96119,96133.0,70.31,70.46,1
974-97404,974,La Réunion,97404,4ème circonscription,Christophe Coquelet,christophe coquelet,HOR (ENS),ENS,Ensemble,Ensemble,14367.0,21.87,31437.0,48.65,https://fr.wikipedia.org/wiki/%C3%89lections_l%C3%A9gislatives_de_2024_dans_l%27Ain,65687.0,64623.0,97.2,95.4,1361,2419.0,2.01,3.57,532.0,697.0,0.79,1.03,67580,67739.0,100.0,100.0,28539,28394.0,29.69,29.54,96119,96133.0,70.31,70.46,2
974-97405,974,La Réunion,97405,5ème circonscription,Marc Chavent[28],marc chavent 28,RÀD (RN),UXD,Union de l'extrême droite,Union de l'extrême droite,20161.0,39.12,27040.0,57.53,https://fr.wikipedia.org/wiki/%C3%89lections_l%C3%A9gislatives_de_2024_dans_l%27Ain,51532.0,47004.0,97.28,88.88,978,4683.0,1.85,8.85,463.0,1200.0,0.87,2.27,52973,52887.0,100.0,100.0,24927,25032.0,32.0,32.13,77900,77919.0,68.0,67.87,1
974-97405,974,La Réunion,97405,5ème circonscription,Florence Pisani,florence pisani,LFI (NFP),UG,LFI / NFP,LFI / NFP,12542.0,24.34,19964.0,42.47,https://fr.wikipedia.org/wiki/%C3%89lections_l%C3%A9gislatives_de_2024_dans_l%27Ain,51532.0,47004.0,97.28,88.88,978,4683.0,1.85,8.85,463.0,1200.0,0.87,2.27,52973,52887.0,100.0,100.0,24927,25032.0,32.0,32.13,77900,77919.0,68.0,67.87,2
976-97601,976,Mayotte,97601,1ère circonscription,Xavier Breton,xavier breton,LR (UDC),LR,Les Républicains,Les Républicains,14495.0,23.96,33889.0,56.48,https://fr.wikipedia.org/wiki/%C3%89lections_l%C3%A9gislatives_de_2024_dans_l%27Ain,60495.0,60005.0,97.84,96.3,929,1797.0,1.5,2.88,406.0,509.0,0.66,0.82,61830,62311.0,100.0,100.0,25013,24543.0,28.8,28.26,86843,86854.0,71.2,71.74,1
976-97601,976,Mayotte,97601,1ère circonscription,Christophe Maître,christophe maitre,RN,RN,Rassemblement national,Rassemblement national,23819.0,39.37,26116.0,43.52,https://fr.wikipedia.org/wiki/%C3%89lections_l%C3%A9gislatives_de_2024_dans_l%27Ain,60495.0,60005.0,97.84,96.3,929,1797.0,1.5,2.88,406.0,509.0,0.66,0.82,61830,62311.0,100.0,100.0,25013,24543.0,28.8,28.26,86843,86854.0,71.2,71.74,2
976-97602,976,Mayotte,97602,2ème circonscription,Romain Daubié,romain daubie,MoDem (ENS),ENS,Ensemble,Ensemble,17414.0,24.21,38973.0,55.09,https://fr.wikipedia.org/wiki/%C3%89lections_l%C3%A9gislatives_de_2024_dans_l%27Ain,71918.0,70739.0,97.93,96.14,1198,2298.0,1.63,3.12,321.0,542.0,0.44,0.74,73437,73579.0,100.0,100.0,28437,28326.0,27.91,27.8,101874,101905.0,72.09,72.2,1
976-97602,976,Mayotte,97602,2ème circonscription,Andréa Kotarac,andrea kotarac,RN,RN,Rassemblement national,Rassemblement national,28189.0,39.2,31766.0,44.91,https://fr.wikipedia.org/wiki/%C3%89lections_l%C3%A9gislatives_de_2024_dans_l%27Ain,71918.0,70739.0,97.93,96.14,1198,2298.0,1.63,3.12,321.0,542.0,0.44,0.74,73437,73579.0,100.0,100.0,28437,28326.0,27.91,27.8,101874,101905.0,72.09,72.2,2
976-97603,976,Mayotte,97603,3ème circonscription,Olga Givernet,olga givernet,RE (ENS),ENS,Ensemble,Ensemble,17420.0,32.43,32958.0,63.0,https://fr.wikipedia.org/wiki/%C3%89lections_l%C3%A9gislatives_de_2024_dans_l%27Ain,53720.0,52317.0,97.74,95.69,860,1856.0,1.56,3.39,381.0,499.0,0.69,0.91,54961,54672.0,100.0,100.0,29169,29496.0,34.67,35.04,84130,84168.0,65.33,64.96,1
976-97603,976,Mayotte,97603,3ème circonscription,Karine Dubarry,karine dubarry,RN,RN,Rassemblement national,Rassemblement national,17252.0,32.11,19359.0,37.0,https://fr.wikipedia.org/wiki/%C3%89lections_l%C3%A9gislatives_de_2024_dans_l%27Ain,53720.0,52317.0,97.74,95.69,860,1856.0,1.56,3.39,381.0,499.0,0.69,0.91,54961,54672.0,100.0,100.0,29169,29496.0,34.67,35.04,84130,84168.0,65.33,64.96,2
976-97604,976,Mayotte,97604,4ème circonscription,Jérôme Buisson,jerome buisson,RN,RN,Rassemblement national,Rassemblement national,30221.0,46.01,33186.0,51.35,https://fr.wikipedia.org/wiki/%C3%89lections_l%C3%A9gislatives_de_2024_dans_l%27Ain,65687.0,64623.0,97.2,95.4,1361,2419.0,2.01,3.57,532.0,697.0,0.79,1.03,67580,67739.0,100.0,100.0,28539,28394.0,29.69,29.54,96119,96133.0,70.31,70.46,1
976-97604,976,Mayotte,97604,4ème circonscription,Christophe Coquelet,christophe coquelet,HOR (ENS),ENS,Ensemble,Ensemble,14367.0,21.87,31437.0,48.65,https://fr.wikipedia.org/wiki/%C3%89lections_l%C3%A9gislatives_de_2024_dans_l%27Ain,65687.0,64623.0,97.2,95.4,1361,2419.0,2.01,3.57,532.0,697.0,0.79,1.03,67580,67739.0,100.0,100.0,28539,28394.0,29.69,29.54,96119,96133.0,70.31,70.46,2
976-97605,976,Mayotte,97605,5ème circonscription,Marc Chavent[28],marc chavent 28,RÀD (RN),UXD,Union de l'extrême droite,Union de l'extrême droite,20161.0,39.12,27040.0,57.53,https://fr.wikipedia.org/wiki/%C3%89lections_l%C3%A9gislatives_de_2024_dans_l%27Ain,51532.0,47004.0,97.28,88.88,978,4683.0,1.85,8.85,463.0,1200.0,0.87,2.27,52973,52887.0,100.0,100.0,24927,25032.0,32.0,32.13,77900,77919.0,68.0,67.87,1
976-97605,976,Mayotte,97605,5ème circonscription,Florence Pisani,florence pisani,LFI (NFP),UG,LFI / NFP,LFI / NFP,12542.0,24.34,19964.0,42.47,https://fr.wikipedia.org/wiki/%C3%89lections_l%C3%A9gislatives_de_2024_dans_l%27Ain,51532.0,47004.0,97.28,88.88,978,4683.0,1.85,8.85,463.0,1200.0,0.87,2.27,52973,52887.0,100.0,100.0,24927,25032.0,32.0,32.13,77900,77919.0,68.0,67.87,2
